{"root":0,"uuid":"y7BjOmjCKV3fuPmdh8xK","version":0.1,"symbols":[{"type":5,"frames":[{}]},{"type":5,"id":27,"frames":[{"objects":[{"name":null,"type":0,"depth":1,"symbol":20,"clipDepth":0,"id":0,"matrix":[1,0,0,1,28850,25420]},{"name":null,"type":0,"depth":3,"symbol":20,"clipDepth":0,"id":1,"matrix":[1,0,0,1,17076,16946]},{"name":null,"type":0,"depth":5,"symbol":20,"clipDepth":0,"id":2,"matrix":[1,0,0,1,12767,11921]},{"name":null,"type":0,"depth":7,"symbol":20,"clipDepth":0,"id":3,"matrix":[1,0,0,1,39434,12240]},{"name":null,"type":0,"depth":9,"symbol":20,"clipDepth":0,"id":4,"matrix":[1,0,0,1,26092,16777]},{"name":null,"type":0,"depth":11,"symbol":20,"clipDepth":0,"id":5,"matrix":[1,0,0,1,25857,11169]},{"name":null,"type":0,"depth":13,"symbol":20,"clipDepth":0,"id":6,"matrix":[1,0,0,1,34938,16800]},{"name":null,"type":0,"depth":15,"symbol":20,"clipDepth":0,"id":7,"matrix":[1,0,0,1,22367,25413]},{"name":null,"type":0,"depth":17,"symbol":20,"clipDepth":0,"id":8,"matrix":[1,0,0,1,14405,25635]},{"name":null,"type":0,"depth":19,"symbol":20,"clipDepth":0,"id":9,"matrix":[1,0,0,1,39182,25728]}]}]},{"type":5,"id":26,"frames":[{"objects":[{"name":null,"type":0,"depth":1,"symbol":20,"clipDepth":0,"id":0,"matrix":[1,0,0,1,5489,11440]},{"name":null,"type":0,"depth":3,"symbol":20,"clipDepth":0,"id":1,"matrix":[1,0,0,1,45944,20562]},{"name":null,"type":0,"depth":5,"symbol":20,"clipDepth":0,"id":2,"matrix":[1,0,0,1,3788,27754]},{"name":null,"type":0,"depth":7,"symbol":20,"clipDepth":0,"id":3,"matrix":[1,0,0,1,47530,28499]},{"name":null,"type":0,"depth":9,"symbol":20,"clipDepth":0,"id":4,"matrix":[1,0,0,1,6586,19757]},{"name":null,"type":0,"depth":11,"symbol":20,"clipDepth":0,"id":5,"matrix":[1,0,0,1,46741,14706]},{"name":null,"type":0,"depth":13,"symbol":20,"clipDepth":0,"id":6,"matrix":[1,0,0,1,4600,5999]},{"name":null,"type":0,"depth":15,"symbol":20,"clipDepth":0,"id":7,"matrix":[1,0,0,1,38725,7249]},{"name":null,"type":0,"depth":17,"symbol":20,"clipDepth":0,"id":8,"matrix":[1,0,0,1,36162,28406]},{"name":null,"type":0,"depth":19,"symbol":20,"clipDepth":0,"id":9,"matrix":[1,0,0,1,10338,28067]}]}]},{"type":5,"id":25,"frames":[{"objects":[{"name":null,"type":0,"depth":1,"symbol":20,"clipDepth":0,"id":0,"matrix":[1,0,0,1,17640,22259]},{"name":null,"type":0,"depth":3,"symbol":20,"clipDepth":0,"id":1,"matrix":[1,0,0,1,32621,22405]},{"name":null,"type":0,"depth":5,"symbol":20,"clipDepth":0,"id":2,"matrix":[1,0,0,1,38542,25867]},{"name":null,"type":0,"depth":7,"symbol":20,"clipDepth":0,"id":3,"matrix":[1,0,0,1,35182,17322]},{"name":null,"type":0,"depth":9,"symbol":20,"clipDepth":0,"id":4,"matrix":[1,0,0,1,10372,19189]},{"name":null,"type":0,"depth":11,"symbol":20,"clipDepth":0,"id":5,"matrix":[1,0,0,1,18322,25982]},{"name":null,"type":0,"depth":13,"symbol":20,"clipDepth":0,"id":6,"matrix":[1,0,0,1,13081,19184]},{"name":null,"type":0,"depth":15,"symbol":20,"clipDepth":0,"id":7,"matrix":[1,0,0,1,10906,25896]},{"name":null,"type":0,"depth":17,"symbol":20,"clipDepth":0,"id":8,"matrix":[1,0,0,1,33844,25798]},{"name":null,"type":0,"depth":19,"symbol":20,"clipDepth":0,"id":9,"matrix":[1,0,0,1,40885,19135]}]}]},{"type":5,"id":24,"frames":[{"objects":[{"name":null,"type":0,"depth":1,"symbol":20,"clipDepth":0,"id":0,"matrix":[0.77056884765625,0,0,0.77056884765625,39467,18320]},{"name":null,"type":0,"depth":3,"symbol":20,"clipDepth":0,"id":1,"matrix":[0.77056884765625,0,0,0.77056884765625,40841,19188]},{"name":null,"type":0,"depth":5,"symbol":20,"clipDepth":0,"id":2,"matrix":[0.77056884765625,0,0,0.77056884765625,16190,20370]},{"name":null,"type":0,"depth":7,"symbol":20,"clipDepth":0,"id":3,"matrix":[0.77056884765625,0,0,0.77056884765625,32825,25850]},{"name":null,"type":0,"depth":9,"symbol":20,"clipDepth":0,"id":4,"matrix":[0.77056884765625,0,0,0.77056884765625,25756,24707]},{"name":null,"type":0,"depth":11,"symbol":20,"clipDepth":0,"id":5,"matrix":[0.77056884765625,0,0,0.77056884765625,28158,16638]},{"name":null,"type":0,"depth":13,"symbol":20,"clipDepth":0,"id":6,"matrix":[0.77056884765625,0,0,0.77056884765625,7480,15849]},{"name":null,"type":0,"depth":15,"symbol":20,"clipDepth":0,"id":7,"matrix":[0.77056884765625,0,0,0.77056884765625,18606,25781]},{"name":null,"type":0,"depth":17,"symbol":20,"clipDepth":0,"id":8,"matrix":[0.77056884765625,0,0,0.77056884765625,34971,21002]},{"name":null,"type":0,"depth":19,"symbol":20,"clipDepth":0,"id":9,"matrix":[0.77056884765625,0,0,0.77056884765625,38191,25854]},{"name":null,"type":0,"depth":21,"symbol":20,"clipDepth":0,"id":10,"matrix":[0.77056884765625,0,0,0.77056884765625,41592,25747]},{"name":null,"type":0,"depth":23,"symbol":20,"clipDepth":0,"id":11,"matrix":[0.77056884765625,0,0,0.77056884765625,34488,16891]},{"name":null,"type":0,"depth":25,"symbol":20,"clipDepth":0,"id":12,"matrix":[0.77056884765625,0,0,0.77056884765625,11193,18663]},{"name":null,"type":0,"depth":27,"symbol":20,"clipDepth":0,"id":13,"matrix":[0.77056884765625,0,0,0.77056884765625,23449,16703]},{"name":null,"type":0,"depth":29,"symbol":20,"clipDepth":0,"id":14,"matrix":[0.77056884765625,0,0,0.77056884765625,17350,16669]},{"name":null,"type":0,"depth":31,"symbol":20,"clipDepth":0,"id":15,"matrix":[0.77056884765625,0,0,0.77056884765625,12841,21730]},{"name":null,"type":0,"depth":33,"symbol":20,"clipDepth":0,"id":16,"matrix":[0.77056884765625,0,0,0.77056884765625,31291,16624]},{"name":null,"type":0,"depth":35,"symbol":20,"clipDepth":0,"id":17,"matrix":[0.77056884765625,0,0,0.77056884765625,22472,25342]},{"name":null,"type":0,"depth":37,"symbol":20,"clipDepth":0,"id":18,"matrix":[0.77056884765625,0,0,0.77056884765625,12899,25664]},{"name":null,"type":0,"depth":39,"symbol":20,"clipDepth":0,"id":19,"matrix":[0.77056884765625,0,0,0.77056884765625,29257,25346]}]}]},{"type":5,"id":23,"frames":[{"objects":[{"name":null,"type":0,"depth":1,"symbol":20,"clipDepth":0,"id":0,"matrix":[0.77056884765625,0,0,0.77056884765625,16143,16036]},{"name":null,"type":0,"depth":3,"symbol":20,"clipDepth":0,"id":1,"matrix":[0.77056884765625,0,0,0.77056884765625,11770,19009]},{"name":null,"type":0,"depth":5,"symbol":20,"clipDepth":0,"id":2,"matrix":[0.77056884765625,0,0,0.77056884765625,36319,16334]},{"name":null,"type":0,"depth":7,"symbol":20,"clipDepth":0,"id":3,"matrix":[0.77056884765625,0,0,0.77056884765625,8109,11436]},{"name":null,"type":0,"depth":9,"symbol":20,"clipDepth":0,"id":4,"matrix":[0.77056884765625,0,0,0.77056884765625,40904,18929]},{"name":null,"type":0,"depth":11,"symbol":20,"clipDepth":0,"id":5,"matrix":[0.77056884765625,0,0,0.77056884765625,44134,11441]}]}]},{"type":5,"id":22,"frames":[{"objects":[{"name":null,"type":0,"depth":1,"symbol":20,"clipDepth":0,"id":0,"matrix":[1,0,0,1,38854,11722]},{"name":null,"type":0,"depth":3,"symbol":20,"clipDepth":0,"id":1,"matrix":[1,0,0,1,38854,11722]},{"name":null,"type":0,"depth":5,"symbol":20,"clipDepth":0,"id":2,"matrix":[1,0,0,1,38854,11722]},{"name":null,"type":0,"depth":7,"symbol":20,"clipDepth":0,"id":3,"matrix":[1,0,0,1,38854,11722]},{"name":null,"type":0,"depth":9,"symbol":20,"clipDepth":0,"id":4,"matrix":[1,0,0,1,38854,11722]},{"name":null,"type":0,"depth":11,"symbol":20,"clipDepth":0,"id":5,"matrix":[1,0,0,1,38854,11722]},{"name":null,"type":0,"depth":13,"symbol":20,"clipDepth":0,"id":6,"matrix":[1,0,0,1,38854,11722]},{"name":null,"type":0,"depth":15,"symbol":20,"clipDepth":0,"id":7,"matrix":[1,0,0,1,38854,11722]},{"name":null,"type":0,"depth":17,"symbol":20,"clipDepth":0,"id":8,"matrix":[1,0,0,1,38854,11722]},{"name":null,"type":0,"depth":19,"symbol":20,"clipDepth":0,"id":9,"matrix":[1,0,0,1,38854,11722]},{"name":null,"type":0,"depth":21,"symbol":20,"clipDepth":0,"id":10,"matrix":[1,0,0,1,38854,11722]},{"name":null,"type":0,"depth":23,"symbol":20,"clipDepth":0,"id":11,"matrix":[1,0,0,1,38854,11722]},{"name":null,"type":0,"depth":25,"symbol":20,"clipDepth":0,"id":12,"matrix":[1,0,0,1,38854,11722]},{"name":null,"type":0,"depth":27,"symbol":20,"clipDepth":0,"id":13,"matrix":[1,0,0,1,38854,11722]},{"name":null,"type":0,"depth":29,"symbol":20,"clipDepth":0,"id":14,"matrix":[1,0,0,1,38854,11722]},{"name":null,"type":0,"depth":31,"symbol":20,"clipDepth":0,"id":15,"matrix":[1,0,0,1,38854,11722]},{"name":null,"type":0,"depth":33,"symbol":20,"clipDepth":0,"id":16,"matrix":[1,0,0,1,38854,11722]},{"name":null,"type":0,"depth":35,"symbol":20,"clipDepth":0,"id":17,"matrix":[1,0,0,1,38854,11722]},{"name":null,"type":0,"depth":37,"symbol":20,"clipDepth":0,"id":18,"matrix":[1,0,0,1,38854,11722]},{"name":null,"type":0,"depth":39,"symbol":20,"clipDepth":0,"id":19,"matrix":[1,0,0,1,38854,11722]}]}]},{"type":5,"id":21,"frames":[{"objects":[{"name":null,"type":0,"depth":1,"symbol":20,"clipDepth":0,"id":0,"matrix":[0.77056884765625,0,0,0.77056884765625,11240,21800]},{"name":null,"type":0,"depth":3,"symbol":20,"clipDepth":0,"id":1,"matrix":[0.77056884765625,0,0,0.77056884765625,35240,25720]},{"name":null,"type":0,"depth":5,"symbol":20,"clipDepth":0,"id":2,"matrix":[0.77056884765625,0,0,0.77056884765625,40080,25720]},{"name":null,"type":0,"depth":7,"symbol":20,"clipDepth":0,"id":3,"matrix":[0.77056884765625,0,0,0.77056884765625,29640,16300]},{"name":null,"type":0,"depth":9,"symbol":20,"clipDepth":0,"id":4,"matrix":[0.77056884765625,0,0,0.77056884765625,25760,16300]},{"name":null,"type":0,"depth":11,"symbol":20,"clipDepth":0,"id":5,"matrix":[0.77056884765625,0,0,0.77056884765625,27760,25640]},{"name":null,"type":0,"depth":13,"symbol":20,"clipDepth":0,"id":6,"matrix":[0.77056884765625,0,0,0.77056884765625,38280,11800]},{"name":null,"type":0,"depth":15,"symbol":20,"clipDepth":0,"id":7,"matrix":[0.77056884765625,0,0,0.77056884765625,33120,21800]},{"name":null,"type":0,"depth":17,"symbol":20,"clipDepth":0,"id":8,"matrix":[0.77056884765625,0,0,0.77056884765625,22600,11000]},{"name":null,"type":0,"depth":19,"symbol":20,"clipDepth":0,"id":9,"matrix":[0.77056884765625,0,0,0.77056884765625,15360,25720]},{"name":null,"type":0,"depth":21,"symbol":20,"clipDepth":0,"id":10,"matrix":[0.77056884765625,0,0,0.77056884765625,44240,11800]},{"name":null,"type":0,"depth":23,"symbol":20,"clipDepth":0,"id":11,"matrix":[0.77056884765625,0,0,0.77056884765625,21400,16300]},{"name":null,"type":0,"depth":25,"symbol":20,"clipDepth":0,"id":12,"matrix":[0.77056884765625,0,0,0.77056884765625,11320,25720]},{"name":null,"type":0,"depth":27,"symbol":20,"clipDepth":0,"id":13,"matrix":[0.77056884765625,0,0,0.77056884765625,28640,11000]},{"name":null,"type":0,"depth":29,"symbol":20,"clipDepth":0,"id":14,"matrix":[0.77056884765625,0,0,0.77056884765625,22480,25640]},{"name":null,"type":0,"depth":31,"symbol":20,"clipDepth":0,"id":15,"matrix":[0.77056884765625,0,0,0.77056884765625,13960,11800]},{"name":null,"type":0,"depth":33,"symbol":20,"clipDepth":0,"id":16,"matrix":[0.77056884765625,0,0,0.77056884765625,7680,11800]},{"name":null,"type":0,"depth":35,"symbol":20,"clipDepth":0,"id":17,"matrix":[0.77056884765625,0,0,0.77056884765625,14240,21800]},{"name":null,"type":0,"depth":37,"symbol":20,"clipDepth":0,"id":18,"matrix":[0.77056884765625,0,0,0.77056884765625,41000,19320]},{"name":null,"type":0,"depth":39,"symbol":20,"clipDepth":0,"id":19,"matrix":[0.77056884765625,0,0,0.77056884765625,39080,22340]}]}]},{"type":5,"id":20,"frames":[{}]},{"type":5,"id":19,"frames":[{"objects":[{"type":0,"depth":0,"symbol":18,"clipDepth":0,"id":0,"visible":true,"matrix":[1,0,0,1,0,0]}]}]},{"path":"symbols/18.jpg","type":0,"id":18,"alpha":"symbols/18a.png"},{"type":5,"className":"com.darkness.tdp4.maps.view.MapGFX","baseClassName":null,"id":17,"frames":[{"objects":[{"name":null,"type":0,"depth":1,"symbol":16,"clipDepth":0,"id":0,"matrix":[1,0,0,1,0,0]}]}]},{"type":5,"id":16,"frames":[{"objects":[{"type":0,"depth":0,"symbol":15,"clipDepth":0,"id":0,"visible":true,"matrix":[1,0,0,1,0,0]}]}]},{"path":"symbols/15.jpg","type":0,"id":15,"alpha":"symbols/15a.png"},{"type":5,"className":"com.darkness.tdp4.maps.view.MapGFXBack","baseClassName":null,"id":14,"frames":[{"objects":[{"name":null,"type":0,"depth":1,"symbol":13,"clipDepth":0,"id":0,"matrix":[1,0,0,1,0,0]}]}]},{"type":4,"id":13,"commands":[3,5,1,255,1,8,32270,13780,7,32265,13773,7,31096,12988,7,31096,13003,7,29088,13002,7,29088,13007,7,20453,13002,7,19499,13688,7,19499,13698,7,19374,13788,7,19208,13788,7,19206,15827,7,19211,15831,7,19206,15838,7,19206,15844,7,19202,15844,7,18857,16303,7,18854,16301,7,18854,16302,7,18572,16302,7,18574,13788,7,12948,13788,7,12948,16792,7,12416,16795,7,12416,17080,7,11754,17080,7,11754,16799,7,10842,16805,7,10835,15780,7,8748,15778,7,8748,15467,7,8751,15462,7,10373,15464,7,10373,14898,7,10828,14898,7,10815,13100,7,19140,13063,7,20242,12270,7,20245,12274,7,31089,12280,7,31089,12277,7,31094,12280,7,31095,12280,7,31095,12281,7,32250,13057,7,40971,13076,7,41286,13586,7,41310,13586,7,41278,14817,7,41924,14813,7,41929,15606,7,42846,15606,7,42846,16118,7,41285,16118,7,41236,17973,7,40824,17973,7,40824,16043,7,40692,16043,7,40692,15092,7,40494,15092,7,40494,14098,7,39834,14098,7,39868,13780,7,32270,13780,8,6682,-78,7,6682,11,7,50980,11,7,50980,4149,7,50953,4149,7,50952,27143,7,50974,27143,7,50974,35491,7,6683,35491,7,6682,35540,7,102,35540,7,102,35491,7,-2,35491,7,-2,27143,7,102,27143,7,102,4149,7,4,4149,7,4,11,7,102,11,7,102,-78,7,6682,-78,8,41273,15008,7,41273,15027,7,41273,15008,8,44866,13280,7,44866,4149,7,6682,4149,7,6682,13001,7,7774,13028,7,8605,13029,7,8605,13049,7,8635,13050,7,8605,13069,7,8605,13528,7,7875,13527,7,7867,13531,7,6682,13502,7,6682,17004,7,7405,17000,7,7438,17815,7,8452,17810,7,8460,19377,7,9329,19372,7,9333,20093,7,14513,20070,7,14515,20484,7,14513,20484,7,14514,20667,7,8687,20693,7,8017,21250,7,7798,21250,7,7489,21507,7,7487,24958,7,8983,24950,7,9076,26413,7,19413,26691,7,19414,26687,7,20120,27002,7,25146,26395,7,25146,26390,7,25566,26390,7,25566,26392,7,30860,26981,7,31765,26872,7,31764,26864,7,42797,26733,7,42885,25582,7,44142,25584,7,44285,23722,7,42825,22184,7,42816,22183,7,42817,22175,7,42816,22174,7,42817,22174,7,42869,20961,7,41959,20965,7,41959,20958,7,37313,20956,7,37313,20282,7,38994,20283,7,38992,19781,7,39930,19777,7,39932,20283,7,41959,20284,7,41959,19843,7,42918,19838,7,43002,17883,7,43832,17919,7,43839,16903,7,44866,16912,7,44866,13758,7,43811,13744,7,43811,13746,7,43529,13746,7,43529,13233,7,43811,13234,7,43811,13240,7,44839,13254,7,44866,13280,8,37472,18455,7,19180,18446,7,19178,21152,7,18808,21152,7,18810,18446,7,14178,18443,7,14178,18229,7,14154,18229,7,14154,17927,7,19968,17930,7,20360,17786,7,20360,17783,7,30966,17745,7,30966,17752,7,31380,17936,7,37448,17939,7,37448,18153,7,37472,18153,7,37472,18455,8,9809,22870,7,15684,22843,7,15679,21830,7,16913,21824,7,16918,22837,7,19285,22826,7,19285,22840,7,19873,23351,7,20109,23354,7,20116,23344,7,20116,23354,7,20120,23354,7,20116,23370,7,20124,24842,7,19685,24842,7,19680,23850,7,19178,23844,7,19180,23836,7,19173,23841,7,18807,23524,7,9813,23566,7,9809,22870,8,34620,21960,7,35800,21924,7,35751,23186,7,36139,23186,7,36139,23183,7,36152,23186,7,36178,23186,7,36178,23192,7,40781,24253,7,40781,24701,7,40052,24701,7,36178,23808,7,36178,23824,7,32033,23823,7,32008,24485,7,32015,24485,7,31792,24902,7,31791,24916,7,31784,24916,7,31779,24925,7,31147,24943,7,31151,24936,7,30611,24952,7,30641,24180,7,31389,24157,7,31405,23742,7,31414,23742,7,31414,23184,7,34573,23186,7,34620,21960,5]},{"type":5,"className":"com.darkness.tdp4.maps.view.MapTestPolygonContainer","baseClassName":null,"id":12,"frames":[{"objects":[{"name":null,"type":0,"depth":1,"symbol":2,"clipDepth":0,"id":0,"matrix":[-0.0004730224609375,0.0868988037109375,-5.16766357421875,-0.028564453125,14626,9767]},{"name":null,"type":0,"depth":3,"symbol":2,"clipDepth":0,"id":1,"matrix":[-0.0004730224609375,0.0868988037109375,-22.3842010498047,-0.123703002929688,35108,9790]},{"name":null,"type":0,"depth":5,"symbol":2,"clipDepth":0,"id":2,"matrix":[-6.103515625e-05,0.0868988037109375,-71.074951171875,-0.05120849609375,20285,13018]},{"name":null,"type":0,"depth":7,"symbol":2,"clipDepth":0,"id":3,"matrix":[-6.103515625e-05,0.0868988037109375,-26.6980133056641,-0.0192413330078125,29723,7239]},{"name":null,"type":0,"depth":9,"symbol":2,"clipDepth":0,"id":4,"matrix":[-6.103515625e-05,0.0868988037109375,-25.341552734375,-0.0182647705078125,5100,9783]},{"name":null,"type":0,"depth":11,"symbol":2,"clipDepth":0,"id":5,"matrix":[-0.0868988037109375,-0.0004730224609375,0.0200653076171875,-3.63096618652344,19244,12263]},{"name":null,"type":0,"depth":13,"symbol":2,"clipDepth":0,"id":6,"matrix":[-0.0004730224609375,0.0868988037109375,-10.7367401123047,-0.0593109130859375,26458,9816]},{"name":null,"type":0,"depth":15,"symbol":2,"clipDepth":0,"id":7,"matrix":[-0.0868988037109375,-0.0004730224609375,0.0200653076171875,-3.63096618652344,15619,12509]},{"name":null,"type":0,"depth":17,"symbol":2,"clipDepth":0,"id":8,"matrix":[-0.0868988037109375,-0.0004730224609375,0.0200653076171875,-3.63096618652344,22878,12689]},{"name":null,"type":0,"depth":19,"symbol":2,"clipDepth":0,"id":9,"matrix":[-0.0868988037109375,-0.0004730224609375,0.0200653076171875,-3.63096618652344,31118,12669]},{"name":null,"type":0,"depth":21,"symbol":2,"clipDepth":0,"id":10,"matrix":[-0.0004730224609375,0.0868988037109375,-4.37461853027344,-0.024169921875,38992,12532]},{"name":null,"type":0,"depth":23,"symbol":2,"clipDepth":0,"id":11,"matrix":[-0.0868988037109375,-0.0004730224609375,0.0699462890625,-12.6585693359375,32048,18423]},{"name":null,"type":0,"depth":25,"symbol":2,"clipDepth":0,"id":12,"matrix":[-0.0868988037109375,-0.0004730224609375,0.0423431396484375,-7.66319274902344,20614,17829]},{"name":null,"type":0,"depth":27,"symbol":2,"clipDepth":0,"id":13,"matrix":[-0.0868988037109375,-0.0004730224609375,0.0423431396484375,-7.66319274902344,14659,17507]},{"name":null,"type":0,"depth":29,"symbol":2,"clipDepth":0,"id":14,"matrix":[-0.0004730224609375,0.0868988037109375,-9.70297241210938,-0.053619384765625,2100,12784]},{"name":null,"type":0,"depth":31,"symbol":2,"clipDepth":0,"id":15,"matrix":[-6.103515625e-05,0.0868988037109375,-30.5234527587891,-0.022003173828125,9638,7330]}]}]},{"type":5,"className":"com.darkness.tdp4.maps.view.MapBGS","baseClassName":null,"id":11,"frames":[{"objects":[{"name":null,"type":0,"depth":1,"symbol":10,"clipDepth":0,"id":0,"matrix":[1,0,0,1,0,0]}]}]},{"type":5,"id":10,"frames":[{"objects":[{"type":0,"depth":0,"symbol":9,"clipDepth":0,"id":0,"visible":true,"matrix":[1,0,0,1,0,0]}]}]},{"path":"symbols/9.jpg","type":0,"id":9,"alpha":"symbols/9a.png"},{"type":5,"className":"com.darkness.tdp4.maps.view.GameMap","baseClassName":null,"id":36,"frames":[{"objects":[{"name":null,"type":0,"depth":1,"symbol":35,"clipDepth":0,"id":0,"matrix":[1,0,0,1,-5500,-4000]},{"name":null,"type":0,"depth":210,"symbol":17,"clipDepth":0,"id":1,"matrix":[1,0,0,1,-5500,-4000]},{"name":null,"type":0,"depth":212,"symbol":14,"clipDepth":0,"id":2,"visible":false,"matrix":[1,0,0,1,-5500,-4000]},{"name":null,"type":0,"depth":214,"symbol":12,"clipDepth":0,"id":3,"visible":false,"matrix":[1,0,0,1,-5500,-4000]}]}]},{"type":5,"className":"com.darkness.tdp4.maps.view.MapBGScrollable","baseClassName":null,"id":8,"frames":[{"objects":[{"name":null,"type":0,"depth":1,"symbol":7,"clipDepth":0,"id":0,"matrix":[1,0,0,1,0,0]}]}]},{"type":5,"className":"com.darkness.tdp4.maps.view.Map","baseClassName":null,"id":35,"frames":[{"objects":[{"name":null,"type":0,"depth":1,"symbol":19,"clipDepth":0,"id":0,"matrix":[1,0,0,1,0,0]},{"name":"respawnCon","type":0,"depth":2,"symbol":21,"clipDepth":0,"id":1,"matrix":[1,0,0,1,0,0]},{"name":"singlePlayerRespawnCon","type":0,"depth":42,"symbol":22,"clipDepth":0,"id":2,"matrix":[1,0,0,1,0,0]},{"name":"dominationRespawn","type":0,"depth":82,"symbol":23,"clipDepth":0,"id":3,"matrix":[1,0,0,1,0,0]},{"name":"botRespawn","type":0,"depth":94,"symbol":24,"clipDepth":0,"id":4,"matrix":[1,0,0,1,0,0]},{"name":"turretRespawn","type":0,"depth":134,"symbol":25,"clipDepth":0,"id":5,"matrix":[1,0,0,1,0,0]},{"name":"controllPointsCon","type":0,"depth":154,"symbol":26,"clipDepth":0,"id":6,"matrix":[1,0,0,1,0,0]},{"name":"itemCon","type":0,"depth":174,"symbol":27,"clipDepth":0,"id":7,"matrix":[1,0,0,1,0,0]},{"name":"waypoint_0","type":0,"depth":194,"symbol":29,"clipDepth":0,"id":8,"matrix":[0.58050537109375,0,0,2.5625,23740,10140]},{"name":"waypoint_1","type":0,"depth":196,"symbol":29,"clipDepth":0,"id":9,"matrix":[0.58050537109375,0,0,2.5625,30100,10140]},{"name":"waypoint_2","type":0,"depth":198,"symbol":29,"clipDepth":0,"id":10,"matrix":[0.58050537109375,0,0,2.5625,3795,21033]},{"name":"waypoint_3","type":0,"depth":200,"symbol":29,"clipDepth":0,"id":11,"matrix":[0.58050537109375,0,0,2.5625,6274,26220]},{"name":"waypoint_4","type":0,"depth":202,"symbol":29,"clipDepth":0,"id":12,"matrix":[0.58050537109375,0,0,2.5625,17214,24860]},{"name":"waypoint_5","type":0,"depth":204,"symbol":29,"clipDepth":0,"id":13,"matrix":[0.58050537109375,0,0,2.5625,24214,26500]},{"name":"waypoint_6","type":0,"depth":206,"symbol":29,"clipDepth":0,"id":14,"matrix":[0.58050537109375,0,0,2.5625,33854,22680]},{"name":"flagBaseCon","type":0,"depth":208,"symbol":34,"clipDepth":0,"id":15,"matrix":[1,0,0,1,0,0]}]}]},{"type":5,"id":7,"frames":[{"objects":[{"type":0,"depth":0,"symbol":6,"clipDepth":0,"id":0,"visible":true,"matrix":[1,0,0,1,0,0]}]}]},{"type":5,"id":34,"frames":[{"objects":[{"name":"base_2","type":0,"depth":1,"symbol":31,"clipDepth":0,"id":0,"filters":[[0,40,40,1]],"matrix":[1,0,0,1,43960,16260]},{"name":"base_1","type":0,"depth":3,"symbol":33,"clipDepth":0,"id":1,"filters":[[0,40,40,1]],"matrix":[1,0,0,1,7240,16360]}]}]},{"path":"symbols/6.jpg","type":0,"id":6,"alpha":"symbols/6a.png"},{"type":5,"id":33,"frames":[{"objects":[{"name":null,"type":0,"depth":1,"symbol":32,"clipDepth":0,"id":0,"matrix":[1,0,0,1,0,0]}]}]},{"type":5,"className":"com.darkness.tdp4.maps.view.MapPolygonContainer","baseClassName":null,"id":5,"frames":[{"objects":[{"name":null,"type":0,"depth":1,"symbol":2,"clipDepth":0,"id":0,"matrix":[127.442428588867,0,0,10.3442535400391,25492,2080]},{"name":null,"type":0,"depth":3,"symbol":2,"clipDepth":0,"id":1,"matrix":[127.442413330078,0,0,21.0547027587891,25486,30972]},{"name":null,"type":0,"depth":5,"symbol":2,"clipDepth":0,"id":2,"matrix":[16.4522857666016,0,0,89.0466766357422,3392,17731]},{"name":null,"type":0,"depth":7,"symbol":2,"clipDepth":0,"id":3,"matrix":[15.2151489257812,0,0,88.3768005371094,47909,17735]},{"name":null,"type":0,"depth":9,"symbol":2,"clipDepth":0,"id":4,"matrix":[5.66302490234375,0.2454833984375,-0.463760375976562,10.7489929199219,44042,20082]},{"name":null,"type":0,"depth":11,"symbol":2,"clipDepth":0,"id":5,"matrix":[13.7008972167969,0.0073699951171875,-0.0005645751953125,1.68321228027344,40053,20620]},{"name":null,"type":0,"depth":13,"symbol":2,"clipDepth":0,"id":6,"matrix":[58.2334594726562,0.0313568115234375,-0.0002593994140625,0.755569458007812,25801,18084]},{"name":null,"type":0,"depth":15,"symbol":2,"clipDepth":0,"id":7,"matrix":[11.9109344482422,0.00640869140625,-0.0005340576171875,1.5955810546875,33796,23504]},{"name":null,"type":0,"depth":17,"symbol":2,"clipDepth":0,"id":8,"matrix":[27.1368408203125,0.0146026611328125,-0.00042724609375,1.28143310546875,25668,12533]},{"name":null,"type":0,"depth":19,"symbol":2,"clipDepth":0,"id":9,"matrix":[2.99032592773438,-2.14811706542969,0.747833251953125,1.04057312011719,19799,12891]},{"name":null,"type":0,"depth":21,"symbol":2,"clipDepth":0,"id":10,"matrix":[21.0827789306641,-0.097076416015625,0.003662109375,0.759231567382812,15033,13169]},{"name":null,"type":0,"depth":23,"symbol":2,"clipDepth":0,"id":11,"matrix":[4.67767333984375,-0.02154541015625,0.033050537109375,6.8580322265625,7534,19115]},{"name":null,"type":0,"depth":25,"symbol":2,"clipDepth":0,"id":12,"matrix":[15.8131256103516,-0.07281494140625,0.0049896240234375,1.03704833984375,11429,20290]},{"name":null,"type":0,"depth":27,"symbol":2,"clipDepth":0,"id":13,"matrix":[3.08587646484375,-0.01422119140625,0.0160675048828125,3.33984375,16299,22495]},{"name":null,"type":0,"depth":29,"symbol":2,"clipDepth":0,"id":14,"matrix":[23.6923828125,-0.109161376953125,0.0083770751953125,1.74176025390625,14549,23196]},{"name":null,"type":0,"depth":31,"symbol":2,"clipDepth":0,"id":15,"matrix":[3.96556091308594,0.00213623046875,-0.0002593994140625,0.792037963867188,42016,15486]},{"name":null,"type":0,"depth":33,"symbol":2,"clipDepth":0,"id":16,"matrix":[2.95500183105469,-0.01361083984375,0.0131988525390625,2.74404907226562,8745,19894]},{"name":null,"type":0,"depth":35,"symbol":2,"clipDepth":0,"id":17,"matrix":[2.95494079589844,0.0228729248046875,-0.0206756591796875,2.74400329589844,44426,17457]},{"name":null,"type":0,"depth":37,"symbol":2,"clipDepth":0,"id":18,"matrix":[1.719970703125,-0.0079193115234375,0.0131988525390625,2.74404907226562,41589,15364]},{"name":null,"type":0,"depth":39,"symbol":2,"clipDepth":0,"id":19,"matrix":[2.95500183105469,-0.01361083984375,-0.0014801025390625,2.803466796875,42550,20401]},{"name":null,"type":0,"depth":41,"symbol":2,"clipDepth":0,"id":20,"matrix":[2.34635925292969,-0.01080322265625,0.0116424560546875,2.42001342773438,39463,20263]},{"name":null,"type":0,"depth":43,"symbol":2,"clipDepth":0,"id":21,"matrix":[2.03762817382812,0.0018768310546875,-0.0015716552734375,2.19894409179688,10781,15435]},{"name":null,"type":0,"depth":45,"symbol":2,"clipDepth":0,"id":22,"matrix":[5.4097900390625,-0.037200927734375,0.0632171630859375,8.92510986328125,11911,15013]},{"name":null,"type":0,"depth":47,"symbol":2,"clipDepth":0,"id":23,"matrix":[1.20724487304688,-0.0048675537109375,0.05242919921875,12.3911743164062,41113,15540]},{"name":null,"type":0,"depth":49,"symbol":2,"clipDepth":0,"id":24,"matrix":[1.8800048828125,0.001007080078125,-0.704879760742188,9.14739990234375,44641,23983]},{"name":null,"type":0,"depth":51,"symbol":2,"clipDepth":0,"id":25,"matrix":[3.90238952636719,4.11114501953125,-2.21588134765625,1.8028564453125,44039,22635]},{"name":null,"type":0,"depth":53,"symbol":2,"clipDepth":0,"id":26,"matrix":[2.95501708984375,0.002716064453125,-0.0123748779296875,17.39111328125,6897,23255]},{"name":null,"type":0,"depth":55,"symbol":2,"clipDepth":0,"id":27,"matrix":[2.95500183105469,-0.01361083984375,-3.32046508789062,2.7593994140625,7539,20977]},{"name":null,"type":0,"depth":57,"symbol":2,"clipDepth":0,"id":28,"matrix":[0.527755737304688,-0.00054931640625,0.0326080322265625,8.677978515625,13041,15046]},{"name":null,"type":0,"depth":59,"symbol":2,"clipDepth":0,"id":29,"matrix":[1.02127075195312,-0.375839233398438,0.255172729492188,0.692962646484375,20215,17997]},{"name":null,"type":0,"depth":61,"symbol":2,"clipDepth":0,"id":30,"matrix":[26.5174255371094,-0.095916748046875,0.0028228759765625,0.738449096679688,25664,17912]},{"name":null,"type":0,"depth":63,"symbol":2,"clipDepth":0,"id":31,"matrix":[1.0640869140625,0.474197387695312,-0.300460815429688,0.674560546875,31114,17979]},{"name":null,"type":0,"depth":65,"symbol":2,"clipDepth":0,"id":32,"matrix":[0.92840576171875,0.806594848632812,-1.04803466796875,0.749984741210938,19197,23530]},{"name":null,"type":0,"depth":67,"symbol":2,"clipDepth":0,"id":33,"matrix":[1.576416015625,-0.0005950927734375,-0.0013580322265625,1.93031311035156,31727,24124]},{"name":null,"type":0,"depth":69,"symbol":2,"clipDepth":0,"id":34,"matrix":[0.828643798828125,-0.0152587890625,0.0182952880859375,3.80369567871094,19827,24598]},{"name":null,"type":0,"depth":71,"symbol":2,"clipDepth":0,"id":35,"matrix":[1.65653991699219,0.00152587890625,-0.000732421875,1.01744079589844,12085,16877]},{"name":null,"type":0,"depth":73,"symbol":2,"clipDepth":0,"id":36,"matrix":[1.38975524902344,0.00128173828125,-0.0052947998046875,7.411865234375,18850,14820]},{"name":null,"type":0,"depth":75,"symbol":2,"clipDepth":0,"id":37,"matrix":[0.9271240234375,0.0008544921875,-0.0052490234375,7.34619140625,18994,19683]},{"name":null,"type":0,"depth":77,"symbol":2,"clipDepth":0,"id":38,"matrix":[0.828643798828125,-0.0152587890625,0.0182952880859375,3.80369567871094,19743,24428]},{"name":null,"type":0,"depth":79,"symbol":2,"clipDepth":0,"id":39,"matrix":[21.9771118164062,0.011810302734375,-0.0005645751953125,1.68321228027344,36641,13409]},{"name":null,"type":0,"depth":81,"symbol":2,"clipDepth":0,"id":40,"matrix":[3.96556091308594,0.00213623046875,-0.0002593994140625,0.792037963867188,44187,13406]},{"name":null,"type":0,"depth":83,"symbol":2,"clipDepth":0,"id":41,"matrix":[4.89219665527344,0.00262451171875,-0.0002593994140625,0.792037963867188,7584,13194]},{"name":null,"type":0,"depth":85,"symbol":2,"clipDepth":0,"id":42,"matrix":[6.05792236328125,0.0032501220703125,-0.0002593994140625,0.792037963867188,9844,15738]},{"name":null,"type":0,"depth":87,"symbol":2,"clipDepth":0,"id":43,"matrix":[3.06791687011719,2.03570556640625,-0.708251953125,1.06787109375,31564,12886]},{"name":null,"type":0,"depth":89,"symbol":2,"clipDepth":0,"id":44,"matrix":[2.44512939453125,0.0022430419921875,-0.001953125,2.75140380859375,6927,17564]},{"name":null,"type":0,"depth":91,"symbol":2,"clipDepth":0,"id":45,"matrix":[2.96469116210938,0.002716064453125,-0.002288818359375,3.24540710449219,35162,22549]},{"name":null,"type":0,"depth":93,"symbol":2,"clipDepth":0,"id":46,"matrix":[13.1057586669922,2.92372131347656,-0.36614990234375,1.64288330078125,38304,23968]},{"name":null,"type":0,"depth":95,"symbol":2,"clipDepth":0,"id":47,"matrix":[5.75546264648438,-0.0264892578125,-0.0030059814453125,5.748779296875,44127,26710]},{"name":null,"type":0,"depth":97,"symbol":2,"clipDepth":0,"id":48,"matrix":[5.75546264648438,-0.0264892578125,-0.0035552978515625,6.83441162109375,7911,26279]},{"name":null,"type":0,"depth":99,"symbol":2,"clipDepth":0,"id":49,"matrix":[1.83184814453125,1.62327575683594,-0.525146484375,0.592880249023438,19555,23242]},{"name":null,"type":0,"depth":101,"symbol":2,"clipDepth":0,"id":50,"matrix":[2.78813171386719,-0.019989013671875,0.0116119384765625,1.57533264160156,19735,23706]},{"name":null,"type":0,"depth":103,"symbol":2,"clipDepth":0,"id":51,"matrix":[-22.0334625244141,2.11387634277344,0.234664916992188,2.45155334472656,21594,27113]},{"name":null,"type":0,"depth":105,"symbol":2,"clipDepth":0,"id":52,"matrix":[19.5873413085938,2.20350646972656,-0.2747802734375,2.4473876953125,29806,27132]},{"name":null,"type":0,"depth":107,"symbol":2,"clipDepth":0,"id":53,"matrix":[2.60206604003906,-0.0009765625,-0.0013580322265625,1.93031311035156,31155,24342]},{"name":null,"type":0,"depth":109,"symbol":2,"clipDepth":0,"id":54,"matrix":[0.527755737304688,-0.00054931640625,0.0326080322265625,8.677978515625,10920,14772]}]}]},{"type":4,"id":32,"commands":[3,5,1,16711680,0.250980392156863,8,692,-493,4,980,-206,980,200,4,980,606,692,892,4,405,1180,0,1180,4,-406,1180,-694,892,4,-980,606,-980,200,4,-980,-206,-694,-493,4,-406,-780,0,-780,4,405,-780,692,-493,5]},{"type":5,"className":"com.darkness.tdp4.maps.view.MapTop","baseClassName":null,"id":4,"frames":[{}]},{"type":5,"id":31,"frames":[{"objects":[{"name":null,"type":0,"depth":1,"symbol":30,"clipDepth":0,"id":0,"matrix":[1,0,0,1,0,0]}]}]},{"type":5,"className":"com.darkness.tdp4.maps.view.MapBulletProofPolygonContainer","baseClassName":null,"id":3,"frames":[{"objects":[{"name":null,"type":0,"depth":1,"symbol":2,"clipDepth":0,"id":0,"matrix":[127.442428588867,0,0,10.3442535400391,25492,2080]},{"name":null,"type":0,"depth":3,"symbol":2,"clipDepth":0,"id":1,"matrix":[127.442413330078,0,0,21.0547027587891,25486,30972]},{"name":null,"type":0,"depth":5,"symbol":2,"clipDepth":0,"id":2,"matrix":[16.4522857666016,0,0,89.0466766357422,3392,17731]},{"name":null,"type":0,"depth":7,"symbol":2,"clipDepth":0,"id":3,"matrix":[15.2151489257812,0,0,88.3768005371094,47909,17735]},{"name":null,"type":0,"depth":9,"symbol":2,"clipDepth":0,"id":4,"matrix":[5.66302490234375,0.2454833984375,-0.463760375976562,10.7489929199219,44042,20082]},{"name":null,"type":0,"depth":11,"symbol":2,"clipDepth":0,"id":5,"matrix":[13.7008972167969,0.0073699951171875,-0.0005645751953125,1.68321228027344,40053,20620]},{"name":null,"type":0,"depth":13,"symbol":2,"clipDepth":0,"id":6,"matrix":[58.2334594726562,0.0313568115234375,-0.0002593994140625,0.755569458007812,25801,18084]},{"name":null,"type":0,"depth":15,"symbol":2,"clipDepth":0,"id":7,"matrix":[11.9109344482422,0.00640869140625,-0.0005340576171875,1.5955810546875,33796,23504]},{"name":null,"type":0,"depth":17,"symbol":2,"clipDepth":0,"id":8,"matrix":[27.1368408203125,0.0146026611328125,-0.00042724609375,1.28143310546875,25668,12533]},{"name":null,"type":0,"depth":19,"symbol":2,"clipDepth":0,"id":9,"matrix":[2.99032592773438,-2.14811706542969,0.747833251953125,1.04057312011719,19799,12891]},{"name":null,"type":0,"depth":21,"symbol":2,"clipDepth":0,"id":10,"matrix":[21.0827789306641,-0.097076416015625,0.003662109375,0.759231567382812,15033,13169]},{"name":null,"type":0,"depth":23,"symbol":2,"clipDepth":0,"id":11,"matrix":[4.67767333984375,-0.02154541015625,0.033050537109375,6.8580322265625,7534,19115]},{"name":null,"type":0,"depth":25,"symbol":2,"clipDepth":0,"id":12,"matrix":[15.8131256103516,-0.07281494140625,0.0049896240234375,1.03704833984375,11429,20290]},{"name":null,"type":0,"depth":27,"symbol":2,"clipDepth":0,"id":13,"matrix":[3.08587646484375,-0.01422119140625,0.0160675048828125,3.33984375,16299,22495]},{"name":null,"type":0,"depth":29,"symbol":2,"clipDepth":0,"id":14,"matrix":[23.6923828125,-0.109161376953125,0.0083770751953125,1.74176025390625,14549,23196]},{"name":null,"type":0,"depth":31,"symbol":2,"clipDepth":0,"id":15,"matrix":[3.96556091308594,0.00213623046875,-0.0002593994140625,0.792037963867188,42016,15486]},{"name":null,"type":0,"depth":33,"symbol":2,"clipDepth":0,"id":16,"matrix":[2.95500183105469,-0.01361083984375,0.0131988525390625,2.74404907226562,8745,19894]},{"name":null,"type":0,"depth":35,"symbol":2,"clipDepth":0,"id":17,"matrix":[2.95494079589844,0.0228729248046875,-0.0206756591796875,2.74400329589844,44426,17457]},{"name":null,"type":0,"depth":37,"symbol":2,"clipDepth":0,"id":18,"matrix":[1.719970703125,-0.0079193115234375,0.0131988525390625,2.74404907226562,41589,15364]},{"name":null,"type":0,"depth":39,"symbol":2,"clipDepth":0,"id":19,"matrix":[2.95500183105469,-0.01361083984375,-0.0014801025390625,2.803466796875,42550,20401]},{"name":null,"type":0,"depth":41,"symbol":2,"clipDepth":0,"id":20,"matrix":[2.34635925292969,-0.01080322265625,0.0116424560546875,2.42001342773438,39463,20263]},{"name":null,"type":0,"depth":43,"symbol":2,"clipDepth":0,"id":21,"matrix":[2.03762817382812,0.0018768310546875,-0.0015716552734375,2.19894409179688,10781,15435]},{"name":null,"type":0,"depth":45,"symbol":2,"clipDepth":0,"id":22,"matrix":[5.4097900390625,-0.037200927734375,0.0632171630859375,8.92510986328125,11911,15013]},{"name":null,"type":0,"depth":47,"symbol":2,"clipDepth":0,"id":23,"matrix":[1.20724487304688,-0.0048675537109375,0.05242919921875,12.3911743164062,41113,15540]},{"name":null,"type":0,"depth":49,"symbol":2,"clipDepth":0,"id":24,"matrix":[1.8800048828125,0.001007080078125,-0.704879760742188,9.14739990234375,44641,23983]},{"name":null,"type":0,"depth":51,"symbol":2,"clipDepth":0,"id":25,"matrix":[3.90238952636719,4.11114501953125,-2.21588134765625,1.8028564453125,44039,22635]},{"name":null,"type":0,"depth":53,"symbol":2,"clipDepth":0,"id":26,"matrix":[2.95501708984375,0.002716064453125,-0.0123748779296875,17.39111328125,6897,23255]},{"name":null,"type":0,"depth":55,"symbol":2,"clipDepth":0,"id":27,"matrix":[2.95500183105469,-0.01361083984375,-3.32046508789062,2.7593994140625,7539,20977]},{"name":null,"type":0,"depth":57,"symbol":2,"clipDepth":0,"id":28,"matrix":[0.527755737304688,-0.00054931640625,0.0326080322265625,8.677978515625,13041,15046]},{"name":null,"type":0,"depth":59,"symbol":2,"clipDepth":0,"id":29,"matrix":[1.02127075195312,-0.375839233398438,0.255172729492188,0.692962646484375,20215,17997]},{"name":null,"type":0,"depth":61,"symbol":2,"clipDepth":0,"id":30,"matrix":[26.5174255371094,-0.095916748046875,0.0028228759765625,0.738449096679688,25664,17912]},{"name":null,"type":0,"depth":63,"symbol":2,"clipDepth":0,"id":31,"matrix":[1.0640869140625,0.474197387695312,-0.300460815429688,0.674560546875,31114,17979]},{"name":null,"type":0,"depth":65,"symbol":2,"clipDepth":0,"id":32,"matrix":[0.92840576171875,0.806594848632812,-1.04803466796875,0.749984741210938,19197,23530]},{"name":null,"type":0,"depth":67,"symbol":2,"clipDepth":0,"id":33,"matrix":[1.576416015625,-0.0005950927734375,-0.0013580322265625,1.93031311035156,31727,24124]},{"name":null,"type":0,"depth":69,"symbol":2,"clipDepth":0,"id":34,"matrix":[0.828643798828125,-0.0152587890625,0.0182952880859375,3.80369567871094,19827,24598]},{"name":null,"type":0,"depth":71,"symbol":2,"clipDepth":0,"id":35,"matrix":[1.65653991699219,0.00152587890625,-0.000732421875,1.01744079589844,12085,16877]},{"name":null,"type":0,"depth":73,"symbol":2,"clipDepth":0,"id":36,"matrix":[1.38975524902344,0.00128173828125,-0.0052947998046875,7.411865234375,18850,14820]},{"name":null,"type":0,"depth":75,"symbol":2,"clipDepth":0,"id":37,"matrix":[0.9271240234375,0.0008544921875,-0.0052490234375,7.34619140625,18994,19683]},{"name":null,"type":0,"depth":77,"symbol":2,"clipDepth":0,"id":38,"matrix":[0.828643798828125,-0.0152587890625,0.0182952880859375,3.80369567871094,19743,24428]},{"name":null,"type":0,"depth":79,"symbol":2,"clipDepth":0,"id":39,"matrix":[21.9771118164062,0.011810302734375,-0.0005645751953125,1.68321228027344,36641,13409]},{"name":null,"type":0,"depth":81,"symbol":2,"clipDepth":0,"id":40,"matrix":[3.96556091308594,0.00213623046875,-0.0002593994140625,0.792037963867188,44187,13406]},{"name":null,"type":0,"depth":83,"symbol":2,"clipDepth":0,"id":41,"matrix":[4.89219665527344,0.00262451171875,-0.0002593994140625,0.792037963867188,7584,13194]},{"name":null,"type":0,"depth":85,"symbol":2,"clipDepth":0,"id":42,"matrix":[6.05792236328125,0.0032501220703125,-0.0002593994140625,0.792037963867188,9844,15738]},{"name":null,"type":0,"depth":87,"symbol":2,"clipDepth":0,"id":43,"matrix":[3.06791687011719,2.03570556640625,-0.708251953125,1.06787109375,31564,12886]},{"name":null,"type":0,"depth":89,"symbol":2,"clipDepth":0,"id":44,"matrix":[2.44512939453125,0.0022430419921875,-0.001953125,2.75140380859375,6927,17564]},{"name":null,"type":0,"depth":91,"symbol":2,"clipDepth":0,"id":45,"matrix":[2.96469116210938,0.002716064453125,-0.002288818359375,3.24540710449219,35162,22549]},{"name":null,"type":0,"depth":93,"symbol":2,"clipDepth":0,"id":46,"matrix":[13.1057586669922,2.92372131347656,-0.36614990234375,1.64288330078125,38304,23968]},{"name":null,"type":0,"depth":95,"symbol":2,"clipDepth":0,"id":47,"matrix":[5.75546264648438,-0.0264892578125,-0.0030059814453125,5.748779296875,44127,26710]},{"name":null,"type":0,"depth":97,"symbol":2,"clipDepth":0,"id":48,"matrix":[5.75546264648438,-0.0264892578125,-0.0035552978515625,6.83441162109375,7911,26279]},{"name":null,"type":0,"depth":99,"symbol":2,"clipDepth":0,"id":49,"matrix":[1.83184814453125,1.62327575683594,-0.525146484375,0.592880249023438,19555,23242]},{"name":null,"type":0,"depth":101,"symbol":2,"clipDepth":0,"id":50,"matrix":[2.78813171386719,-0.019989013671875,0.0116119384765625,1.57533264160156,19735,23706]},{"name":null,"type":0,"depth":103,"symbol":2,"clipDepth":0,"id":51,"matrix":[-22.0334625244141,2.11387634277344,0.234664916992188,2.45155334472656,21594,27113]},{"name":null,"type":0,"depth":105,"symbol":2,"clipDepth":0,"id":52,"matrix":[19.5873413085938,2.20350646972656,-0.2747802734375,2.4473876953125,29806,27132]},{"name":null,"type":0,"depth":107,"symbol":2,"clipDepth":0,"id":53,"matrix":[2.60206604003906,-0.0009765625,-0.0013580322265625,1.93031311035156,31155,24342]},{"name":null,"type":0,"depth":109,"symbol":2,"clipDepth":0,"id":54,"matrix":[0.527755737304688,-0.00054931640625,0.0326080322265625,8.677978515625,10920,14772]}]}]},{"type":4,"id":30,"commands":[3,5,1,255,0.250980392156863,8,692,-493,4,980,-206,980,200,4,980,606,692,892,4,405,1180,0,1180,4,-406,1180,-694,892,4,-980,606,-980,200,4,-980,-206,-694,-493,4,-406,-780,0,-780,4,405,-780,692,-493,5]},{"type":5,"id":2,"frames":[{"objects":[{"name":null,"type":0,"depth":1,"symbol":1,"clipDepth":0,"id":0,"matrix":[1,0,0,1,0,0]}]}]},{"type":5,"id":29,"frames":[{"objects":[{"name":null,"type":0,"depth":1,"symbol":28,"clipDepth":0,"id":0,"matrix":[1,0,0,1,0,0]}]}]},{"type":4,"id":1,"commands":[3,5,1,10092288,0.498039215686275,8,200,200,7,-200,200,7,-200,-200,7,200,-200,7,200,200,5]},{"type":4,"id":28,"commands":[3,5,1,13311,0,8,1860,640,7,0,640,7,0,0,7,1860,0,7,1860,640,5]}],"frameRate":12}