{"name":null,"assets":[{"path":"symbols/18.jpg","type":"IMAGE"},{"path":"symbols/18a.png","type":"IMAGE"},{"path":"symbols/15.jpg","type":"IMAGE"},{"path":"symbols/15a.png","type":"IMAGE"},{"path":"symbols/9.jpg","type":"IMAGE"},{"path":"symbols/9a.png","type":"IMAGE"},{"path":"symbols/6.jpg","type":"IMAGE"},{"path":"symbols/6a.png","type":"IMAGE"},{"path":"data.json","type":"TEXT"}],"rootPath":null,"version":3,"libraryArgs":["data.json","y7BjOmjCKV3fuPmdh8xK"],"libraryType":"swf.exporters.animate.AnimateLibrary"}