{"name":null,"assets":[{"path":"symbols/3827.jpg","type":"IMAGE"},{"path":"symbols/3827a.png","type":"IMAGE"},{"path":"symbols/3829.png","type":"IMAGE"},{"path":"symbols/3831.png","type":"IMAGE"},{"path":"symbols/3833.png","type":"IMAGE"},{"path":"symbols/3835.png","type":"IMAGE"},{"path":"symbols/3837.jpg","type":"IMAGE"},{"path":"symbols/3837a.png","type":"IMAGE"},{"path":"symbols/3839.jpg","type":"IMAGE"},{"path":"symbols/3839a.png","type":"IMAGE"},{"path":"symbols/3841.jpg","type":"IMAGE"},{"path":"symbols/3841a.png","type":"IMAGE"},{"path":"symbols/3843.jpg","type":"IMAGE"},{"path":"symbols/3843a.png","type":"IMAGE"},{"path":"symbols/3845.jpg","type":"IMAGE"},{"path":"symbols/3845a.png","type":"IMAGE"},{"path":"symbols/3847.jpg","type":"IMAGE"},{"path":"symbols/3847a.png","type":"IMAGE"},{"path":"symbols/3849.jpg","type":"IMAGE"},{"path":"symbols/3849a.png","type":"IMAGE"},{"path":"symbols/3851.jpg","type":"IMAGE"},{"path":"symbols/3851a.png","type":"IMAGE"},{"path":"symbols/3853.jpg","type":"IMAGE"},{"path":"symbols/3853a.png","type":"IMAGE"},{"path":"symbols/3855.jpg","type":"IMAGE"},{"path":"symbols/3855a.png","type":"IMAGE"},{"path":"symbols/3857.jpg","type":"IMAGE"},{"path":"symbols/3857a.png","type":"IMAGE"},{"path":"symbols/3859.jpg","type":"IMAGE"},{"path":"symbols/3859a.png","type":"IMAGE"},{"path":"symbols/3861.jpg","type":"IMAGE"},{"path":"symbols/3861a.png","type":"IMAGE"},{"path":"symbols/3863.jpg","type":"IMAGE"},{"path":"symbols/3863a.png","type":"IMAGE"},{"path":"symbols/3865.jpg","type":"IMAGE"},{"path":"symbols/3865a.png","type":"IMAGE"},{"path":"symbols/3867.jpg","type":"IMAGE"},{"path":"symbols/3867a.png","type":"IMAGE"},{"path":"symbols/3869.jpg","type":"IMAGE"},{"path":"symbols/3869a.png","type":"IMAGE"},{"path":"symbols/3871.jpg","type":"IMAGE"},{"path":"symbols/3871a.png","type":"IMAGE"},{"path":"symbols/3873.jpg","type":"IMAGE"},{"path":"symbols/3873a.png","type":"IMAGE"},{"path":"symbols/3875.jpg","type":"IMAGE"},{"path":"symbols/3875a.png","type":"IMAGE"},{"path":"symbols/3877.jpg","type":"IMAGE"},{"path":"symbols/3877a.png","type":"IMAGE"},{"path":"symbols/3879.jpg","type":"IMAGE"},{"path":"symbols/3879a.png","type":"IMAGE"},{"path":"symbols/3881.jpg","type":"IMAGE"},{"path":"symbols/3881a.png","type":"IMAGE"},{"path":"symbols/3883.jpg","type":"IMAGE"},{"path":"symbols/3883a.png","type":"IMAGE"},{"path":"symbols/3885.jpg","type":"IMAGE"},{"path":"symbols/3885a.png","type":"IMAGE"},{"path":"symbols/3887.jpg","type":"IMAGE"},{"path":"symbols/3887a.png","type":"IMAGE"},{"path":"symbols/3889.jpg","type":"IMAGE"},{"path":"symbols/3889a.png","type":"IMAGE"},{"path":"symbols/3891.jpg","type":"IMAGE"},{"path":"symbols/3891a.png","type":"IMAGE"},{"path":"symbols/3893.jpg","type":"IMAGE"},{"path":"symbols/3893a.png","type":"IMAGE"},{"path":"symbols/3895.jpg","type":"IMAGE"},{"path":"symbols/3895a.png","type":"IMAGE"},{"path":"symbols/3897.jpg","type":"IMAGE"},{"path":"symbols/3897a.png","type":"IMAGE"},{"path":"symbols/3899.jpg","type":"IMAGE"},{"path":"symbols/3899a.png","type":"IMAGE"},{"path":"symbols/3901.jpg","type":"IMAGE"},{"path":"symbols/3901a.png","type":"IMAGE"},{"path":"symbols/3903.jpg","type":"IMAGE"},{"path":"symbols/3903a.png","type":"IMAGE"},{"path":"symbols/3905.jpg","type":"IMAGE"},{"path":"symbols/3905a.png","type":"IMAGE"},{"path":"symbols/3907.jpg","type":"IMAGE"},{"path":"symbols/3907a.png","type":"IMAGE"},{"path":"symbols/3909.jpg","type":"IMAGE"},{"path":"symbols/3909a.png","type":"IMAGE"},{"path":"symbols/3911.png","type":"IMAGE"},{"path":"symbols/3913.png","type":"IMAGE"},{"path":"symbols/3915.png","type":"IMAGE"},{"path":"symbols/3917.png","type":"IMAGE"},{"path":"symbols/3919.png","type":"IMAGE"},{"path":"symbols/3921.png","type":"IMAGE"},{"path":"symbols/3923.png","type":"IMAGE"},{"path":"symbols/3925.png","type":"IMAGE"},{"path":"symbols/3927.png","type":"IMAGE"},{"path":"symbols/3929.png","type":"IMAGE"},{"path":"symbols/3931.png","type":"IMAGE"},{"path":"symbols/3933.png","type":"IMAGE"},{"path":"symbols/3935.png","type":"IMAGE"},{"path":"symbols/3937.png","type":"IMAGE"},{"path":"symbols/3939.png","type":"IMAGE"},{"path":"symbols/3941.png","type":"IMAGE"},{"path":"symbols/3943.png","type":"IMAGE"},{"path":"symbols/3945.png","type":"IMAGE"},{"path":"symbols/3948.jpg","type":"IMAGE"},{"path":"symbols/3948a.png","type":"IMAGE"},{"path":"symbols/3950.jpg","type":"IMAGE"},{"path":"symbols/3950a.png","type":"IMAGE"},{"path":"symbols/3952.jpg","type":"IMAGE"},{"path":"symbols/3952a.png","type":"IMAGE"},{"path":"symbols/3954.jpg","type":"IMAGE"},{"path":"symbols/3954a.png","type":"IMAGE"},{"path":"symbols/3074.png","type":"IMAGE"},{"path":"symbols/3812.jpg","type":"IMAGE"},{"path":"symbols/3812a.png","type":"IMAGE"},{"path":"symbols/3792.png","type":"IMAGE"},{"path":"symbols/3795.png","type":"IMAGE"},{"path":"symbols/3798.png","type":"IMAGE"},{"path":"symbols/3809.png","type":"IMAGE"},{"path":"symbols/3787.png","type":"IMAGE"},{"path":"symbols/2942.jpg","type":"IMAGE"},{"path":"symbols/2942a.png","type":"IMAGE"},{"path":"symbols/2944.jpg","type":"IMAGE"},{"path":"symbols/2944a.png","type":"IMAGE"},{"path":"symbols/2946.jpg","type":"IMAGE"},{"path":"symbols/2946a.png","type":"IMAGE"},{"path":"symbols/2948.jpg","type":"IMAGE"},{"path":"symbols/2948a.png","type":"IMAGE"},{"path":"symbols/3082.png","type":"IMAGE"},{"path":"symbols/3084.jpg","type":"IMAGE"},{"path":"symbols/3084a.png","type":"IMAGE"},{"path":"symbols/3086.jpg","type":"IMAGE"},{"path":"symbols/3086a.png","type":"IMAGE"},{"path":"symbols/3088.jpg","type":"IMAGE"},{"path":"symbols/3088a.png","type":"IMAGE"},{"path":"symbols/3090.jpg","type":"IMAGE"},{"path":"symbols/3090a.png","type":"IMAGE"},{"path":"symbols/3092.jpg","type":"IMAGE"},{"path":"symbols/3092a.png","type":"IMAGE"},{"path":"symbols/3726.png","type":"IMAGE"},{"path":"symbols/3743.png","type":"IMAGE"},{"path":"symbols/3734.png","type":"IMAGE"},{"path":"symbols/3736.png","type":"IMAGE"},{"path":"symbols/3738.png","type":"IMAGE"},{"path":"symbols/3740.png","type":"IMAGE"},{"path":"symbols/3723.jpg","type":"IMAGE"},{"path":"symbols/3723a.png","type":"IMAGE"},{"path":"symbols/3714.jpg","type":"IMAGE"},{"path":"symbols/3714a.png","type":"IMAGE"},{"path":"symbols/3716.png","type":"IMAGE"},{"path":"symbols/3711.jpg","type":"IMAGE"},{"path":"symbols/3711a.png","type":"IMAGE"},{"path":"symbols/3686.jpg","type":"IMAGE"},{"path":"symbols/3686a.png","type":"IMAGE"},{"path":"symbols/3688.jpg","type":"IMAGE"},{"path":"symbols/3688a.png","type":"IMAGE"},{"path":"symbols/3690.jpg","type":"IMAGE"},{"path":"symbols/3690a.png","type":"IMAGE"},{"path":"symbols/3692.jpg","type":"IMAGE"},{"path":"symbols/3692a.png","type":"IMAGE"},{"path":"symbols/3694.jpg","type":"IMAGE"},{"path":"symbols/3694a.png","type":"IMAGE"},{"path":"symbols/3696.jpg","type":"IMAGE"},{"path":"symbols/3696a.png","type":"IMAGE"},{"path":"symbols/3698.jpg","type":"IMAGE"},{"path":"symbols/3698a.png","type":"IMAGE"},{"path":"symbols/3560.png","type":"IMAGE"},{"path":"symbols/3564.png","type":"IMAGE"},{"path":"symbols/3566.png","type":"IMAGE"},{"path":"symbols/3568.png","type":"IMAGE"},{"path":"symbols/3570.png","type":"IMAGE"},{"path":"symbols/3572.png","type":"IMAGE"},{"path":"symbols/3574.png","type":"IMAGE"},{"path":"symbols/3576.png","type":"IMAGE"},{"path":"symbols/3578.png","type":"IMAGE"},{"path":"symbols/3580.png","type":"IMAGE"},{"path":"symbols/3582.png","type":"IMAGE"},{"path":"symbols/3584.png","type":"IMAGE"},{"path":"symbols/3586.png","type":"IMAGE"},{"path":"symbols/3588.png","type":"IMAGE"},{"path":"symbols/3590.png","type":"IMAGE"},{"path":"symbols/3592.jpg","type":"IMAGE"},{"path":"symbols/3592a.png","type":"IMAGE"},{"path":"symbols/3194.png","type":"IMAGE"},{"path":"symbols/3198.png","type":"IMAGE"},{"path":"symbols/3200.png","type":"IMAGE"},{"path":"symbols/3202.png","type":"IMAGE"},{"path":"symbols/3204.png","type":"IMAGE"},{"path":"symbols/3206.png","type":"IMAGE"},{"path":"symbols/3208.png","type":"IMAGE"},{"path":"symbols/3210.png","type":"IMAGE"},{"path":"symbols/3212.png","type":"IMAGE"},{"path":"symbols/3214.png","type":"IMAGE"},{"path":"symbols/3216.png","type":"IMAGE"},{"path":"symbols/3218.png","type":"IMAGE"},{"path":"symbols/3220.png","type":"IMAGE"},{"path":"symbols/3222.png","type":"IMAGE"},{"path":"symbols/3224.png","type":"IMAGE"},{"path":"symbols/3226.jpg","type":"IMAGE"},{"path":"symbols/3226a.png","type":"IMAGE"},{"path":"symbols/3599.png","type":"IMAGE"},{"path":"symbols/3603.png","type":"IMAGE"},{"path":"symbols/3605.png","type":"IMAGE"},{"path":"symbols/3607.png","type":"IMAGE"},{"path":"symbols/3609.png","type":"IMAGE"},{"path":"symbols/3611.png","type":"IMAGE"},{"path":"symbols/3613.png","type":"IMAGE"},{"path":"symbols/3615.png","type":"IMAGE"},{"path":"symbols/3617.png","type":"IMAGE"},{"path":"symbols/3619.png","type":"IMAGE"},{"path":"symbols/3621.png","type":"IMAGE"},{"path":"symbols/3623.png","type":"IMAGE"},{"path":"symbols/3625.png","type":"IMAGE"},{"path":"symbols/3627.png","type":"IMAGE"},{"path":"symbols/3629.jpg","type":"IMAGE"},{"path":"symbols/3629a.png","type":"IMAGE"},{"path":"symbols/3631.jpg","type":"IMAGE"},{"path":"symbols/3631a.png","type":"IMAGE"},{"path":"symbols/3635.png","type":"IMAGE"},{"path":"symbols/3639.png","type":"IMAGE"},{"path":"symbols/3641.png","type":"IMAGE"},{"path":"symbols/3643.png","type":"IMAGE"},{"path":"symbols/3645.png","type":"IMAGE"},{"path":"symbols/3647.png","type":"IMAGE"},{"path":"symbols/3649.png","type":"IMAGE"},{"path":"symbols/3651.png","type":"IMAGE"},{"path":"symbols/3653.png","type":"IMAGE"},{"path":"symbols/3655.png","type":"IMAGE"},{"path":"symbols/3657.png","type":"IMAGE"},{"path":"symbols/3659.png","type":"IMAGE"},{"path":"symbols/3661.png","type":"IMAGE"},{"path":"symbols/3663.png","type":"IMAGE"},{"path":"symbols/3665.png","type":"IMAGE"},{"path":"symbols/3667.jpg","type":"IMAGE"},{"path":"symbols/3667a.png","type":"IMAGE"},{"path":"symbols/3408.png","type":"IMAGE"},{"path":"symbols/3412.png","type":"IMAGE"},{"path":"symbols/3414.png","type":"IMAGE"},{"path":"symbols/3416.png","type":"IMAGE"},{"path":"symbols/3418.png","type":"IMAGE"},{"path":"symbols/3420.png","type":"IMAGE"},{"path":"symbols/3422.png","type":"IMAGE"},{"path":"symbols/3424.png","type":"IMAGE"},{"path":"symbols/3426.png","type":"IMAGE"},{"path":"symbols/3428.png","type":"IMAGE"},{"path":"symbols/3430.png","type":"IMAGE"},{"path":"symbols/3432.png","type":"IMAGE"},{"path":"symbols/3434.png","type":"IMAGE"},{"path":"symbols/3436.png","type":"IMAGE"},{"path":"symbols/3438.png","type":"IMAGE"},{"path":"symbols/3440.jpg","type":"IMAGE"},{"path":"symbols/3440a.png","type":"IMAGE"},{"path":"symbols/3443.png","type":"IMAGE"},{"path":"symbols/3447.png","type":"IMAGE"},{"path":"symbols/3449.png","type":"IMAGE"},{"path":"symbols/3451.png","type":"IMAGE"},{"path":"symbols/3453.png","type":"IMAGE"},{"path":"symbols/3455.png","type":"IMAGE"},{"path":"symbols/3457.png","type":"IMAGE"},{"path":"symbols/3459.png","type":"IMAGE"},{"path":"symbols/3461.png","type":"IMAGE"},{"path":"symbols/3463.png","type":"IMAGE"},{"path":"symbols/3465.png","type":"IMAGE"},{"path":"symbols/3467.png","type":"IMAGE"},{"path":"symbols/3469.png","type":"IMAGE"},{"path":"symbols/3471.png","type":"IMAGE"},{"path":"symbols/3473.png","type":"IMAGE"},{"path":"symbols/3475.jpg","type":"IMAGE"},{"path":"symbols/3475a.png","type":"IMAGE"},{"path":"symbols/3478.png","type":"IMAGE"},{"path":"symbols/3481.png","type":"IMAGE"},{"path":"symbols/3483.png","type":"IMAGE"},{"path":"symbols/3485.png","type":"IMAGE"},{"path":"symbols/3487.png","type":"IMAGE"},{"path":"symbols/3489.png","type":"IMAGE"},{"path":"symbols/3491.png","type":"IMAGE"},{"path":"symbols/3495.png","type":"IMAGE"},{"path":"symbols/3497.png","type":"IMAGE"},{"path":"symbols/3499.png","type":"IMAGE"},{"path":"symbols/3501.png","type":"IMAGE"},{"path":"symbols/3503.png","type":"IMAGE"},{"path":"symbols/3505.png","type":"IMAGE"},{"path":"symbols/3508.png","type":"IMAGE"},{"path":"symbols/3510.png","type":"IMAGE"},{"path":"symbols/3512.png","type":"IMAGE"},{"path":"symbols/3514.png","type":"IMAGE"},{"path":"symbols/3516.png","type":"IMAGE"},{"path":"symbols/3518.png","type":"IMAGE"},{"path":"symbols/3521.png","type":"IMAGE"},{"path":"symbols/3523.png","type":"IMAGE"},{"path":"symbols/3525.png","type":"IMAGE"},{"path":"symbols/3527.png","type":"IMAGE"},{"path":"symbols/3529.png","type":"IMAGE"},{"path":"symbols/3531.png","type":"IMAGE"},{"path":"symbols/3534.png","type":"IMAGE"},{"path":"symbols/3327.png","type":"IMAGE"},{"path":"symbols/3329.png","type":"IMAGE"},{"path":"symbols/3331.png","type":"IMAGE"},{"path":"symbols/3333.png","type":"IMAGE"},{"path":"symbols/3335.png","type":"IMAGE"},{"path":"symbols/3337.png","type":"IMAGE"},{"path":"symbols/3339.jpg","type":"IMAGE"},{"path":"symbols/3339a.png","type":"IMAGE"},{"path":"symbols/3343.png","type":"IMAGE"},{"path":"symbols/3345.png","type":"IMAGE"},{"path":"symbols/3347.png","type":"IMAGE"},{"path":"symbols/3349.png","type":"IMAGE"},{"path":"symbols/3351.png","type":"IMAGE"},{"path":"symbols/3353.png","type":"IMAGE"},{"path":"symbols/3355.jpg","type":"IMAGE"},{"path":"symbols/3355a.png","type":"IMAGE"},{"path":"symbols/3361.png","type":"IMAGE"},{"path":"symbols/3363.png","type":"IMAGE"},{"path":"symbols/3365.png","type":"IMAGE"},{"path":"symbols/3367.png","type":"IMAGE"},{"path":"symbols/3369.png","type":"IMAGE"},{"path":"symbols/3371.png","type":"IMAGE"},{"path":"symbols/3373.jpg","type":"IMAGE"},{"path":"symbols/3373a.png","type":"IMAGE"},{"path":"symbols/3377.png","type":"IMAGE"},{"path":"symbols/3379.png","type":"IMAGE"},{"path":"symbols/3381.png","type":"IMAGE"},{"path":"symbols/3383.png","type":"IMAGE"},{"path":"symbols/3385.png","type":"IMAGE"},{"path":"symbols/3387.png","type":"IMAGE"},{"path":"symbols/3389.jpg","type":"IMAGE"},{"path":"symbols/3389a.png","type":"IMAGE"},{"path":"symbols/3311.png","type":"IMAGE"},{"path":"symbols/3313.png","type":"IMAGE"},{"path":"symbols/3315.png","type":"IMAGE"},{"path":"symbols/3317.png","type":"IMAGE"},{"path":"symbols/3319.png","type":"IMAGE"},{"path":"symbols/3321.png","type":"IMAGE"},{"path":"symbols/3323.jpg","type":"IMAGE"},{"path":"symbols/3323a.png","type":"IMAGE"},{"path":"symbols/3295.png","type":"IMAGE"},{"path":"symbols/3297.png","type":"IMAGE"},{"path":"symbols/3299.png","type":"IMAGE"},{"path":"symbols/3301.png","type":"IMAGE"},{"path":"symbols/3303.png","type":"IMAGE"},{"path":"symbols/3305.png","type":"IMAGE"},{"path":"symbols/3307.jpg","type":"IMAGE"},{"path":"symbols/3307a.png","type":"IMAGE"},{"path":"symbols/3178.png","type":"IMAGE"},{"path":"symbols/3182.png","type":"IMAGE"},{"path":"symbols/3184.png","type":"IMAGE"},{"path":"symbols/3186.png","type":"IMAGE"},{"path":"symbols/3188.png","type":"IMAGE"},{"path":"symbols/3190.jpg","type":"IMAGE"},{"path":"symbols/3190a.png","type":"IMAGE"},{"path":"symbols/3231.png","type":"IMAGE"},{"path":"symbols/3235.png","type":"IMAGE"},{"path":"symbols/3237.png","type":"IMAGE"},{"path":"symbols/3239.png","type":"IMAGE"},{"path":"symbols/3241.png","type":"IMAGE"},{"path":"symbols/3243.jpg","type":"IMAGE"},{"path":"symbols/3243a.png","type":"IMAGE"},{"path":"symbols/3247.png","type":"IMAGE"},{"path":"symbols/3251.png","type":"IMAGE"},{"path":"symbols/3253.png","type":"IMAGE"},{"path":"symbols/3255.png","type":"IMAGE"},{"path":"symbols/3257.jpg","type":"IMAGE"},{"path":"symbols/3257a.png","type":"IMAGE"},{"path":"symbols/3259.jpg","type":"IMAGE"},{"path":"symbols/3259a.png","type":"IMAGE"},{"path":"symbols/3263.png","type":"IMAGE"},{"path":"symbols/3267.png","type":"IMAGE"},{"path":"symbols/3269.png","type":"IMAGE"},{"path":"symbols/3271.png","type":"IMAGE"},{"path":"symbols/3273.png","type":"IMAGE"},{"path":"symbols/3275.jpg","type":"IMAGE"},{"path":"symbols/3275a.png","type":"IMAGE"},{"path":"symbols/3162.png","type":"IMAGE"},{"path":"symbols/3166.png","type":"IMAGE"},{"path":"symbols/3168.png","type":"IMAGE"},{"path":"symbols/3170.png","type":"IMAGE"},{"path":"symbols/3172.png","type":"IMAGE"},{"path":"symbols/3174.jpg","type":"IMAGE"},{"path":"symbols/3174a.png","type":"IMAGE"},{"path":"symbols/3146.png","type":"IMAGE"},{"path":"symbols/3150.png","type":"IMAGE"},{"path":"symbols/3152.png","type":"IMAGE"},{"path":"symbols/3154.png","type":"IMAGE"},{"path":"symbols/3156.png","type":"IMAGE"},{"path":"symbols/3158.jpg","type":"IMAGE"},{"path":"symbols/3158a.png","type":"IMAGE"},{"path":"symbols/3137.jpg","type":"IMAGE"},{"path":"symbols/3137a.png","type":"IMAGE"},{"path":"symbols/3134.png","type":"IMAGE"},{"path":"symbols/3119.png","type":"IMAGE"},{"path":"symbols/3121.png","type":"IMAGE"},{"path":"symbols/3123.png","type":"IMAGE"},{"path":"symbols/3125.png","type":"IMAGE"},{"path":"symbols/3127.png","type":"IMAGE"},{"path":"symbols/3106.jpg","type":"IMAGE"},{"path":"symbols/3106a.png","type":"IMAGE"},{"path":"symbols/3108.jpg","type":"IMAGE"},{"path":"symbols/3108a.png","type":"IMAGE"},{"path":"symbols/3110.jpg","type":"IMAGE"},{"path":"symbols/3110a.png","type":"IMAGE"},{"path":"symbols/3112.jpg","type":"IMAGE"},{"path":"symbols/3112a.png","type":"IMAGE"},{"path":"symbols/3114.png","type":"IMAGE"},{"path":"symbols/3116.png","type":"IMAGE"},{"path":"symbols/3095.jpg","type":"IMAGE"},{"path":"symbols/3095a.png","type":"IMAGE"},{"path":"symbols/3097.jpg","type":"IMAGE"},{"path":"symbols/3097a.png","type":"IMAGE"},{"path":"symbols/3099.jpg","type":"IMAGE"},{"path":"symbols/3099a.png","type":"IMAGE"},{"path":"symbols/3101.jpg","type":"IMAGE"},{"path":"symbols/3101a.png","type":"IMAGE"},{"path":"symbols/3103.jpg","type":"IMAGE"},{"path":"symbols/3103a.png","type":"IMAGE"},{"path":"symbols/3053.jpg","type":"IMAGE"},{"path":"symbols/3053a.png","type":"IMAGE"},{"path":"symbols/2961.jpg","type":"IMAGE"},{"path":"symbols/2961a.png","type":"IMAGE"},{"path":"symbols/3056.jpg","type":"IMAGE"},{"path":"symbols/3056a.png","type":"IMAGE"},{"path":"symbols/3058.jpg","type":"IMAGE"},{"path":"symbols/3058a.png","type":"IMAGE"},{"path":"symbols/3060.jpg","type":"IMAGE"},{"path":"symbols/3060a.png","type":"IMAGE"},{"path":"symbols/2963.jpg","type":"IMAGE"},{"path":"symbols/2963a.png","type":"IMAGE"},{"path":"symbols/3063.jpg","type":"IMAGE"},{"path":"symbols/3063a.png","type":"IMAGE"},{"path":"symbols/2965.jpg","type":"IMAGE"},{"path":"symbols/2965a.png","type":"IMAGE"},{"path":"symbols/3066.jpg","type":"IMAGE"},{"path":"symbols/3066a.png","type":"IMAGE"},{"path":"symbols/3068.jpg","type":"IMAGE"},{"path":"symbols/3068a.png","type":"IMAGE"},{"path":"symbols/3070.jpg","type":"IMAGE"},{"path":"symbols/3070a.png","type":"IMAGE"},{"path":"symbols/2967.jpg","type":"IMAGE"},{"path":"symbols/2967a.png","type":"IMAGE"},{"path":"symbols/3045.png","type":"IMAGE"},{"path":"symbols/3016.jpg","type":"IMAGE"},{"path":"symbols/3016a.png","type":"IMAGE"},{"path":"symbols/3018.jpg","type":"IMAGE"},{"path":"symbols/3018a.png","type":"IMAGE"},{"path":"symbols/3020.jpg","type":"IMAGE"},{"path":"symbols/3020a.png","type":"IMAGE"},{"path":"symbols/3022.jpg","type":"IMAGE"},{"path":"symbols/3022a.png","type":"IMAGE"},{"path":"symbols/3024.jpg","type":"IMAGE"},{"path":"symbols/3024a.png","type":"IMAGE"},{"path":"symbols/3026.jpg","type":"IMAGE"},{"path":"symbols/3026a.png","type":"IMAGE"},{"path":"symbols/3028.jpg","type":"IMAGE"},{"path":"symbols/3028a.png","type":"IMAGE"},{"path":"symbols/3030.jpg","type":"IMAGE"},{"path":"symbols/3030a.png","type":"IMAGE"},{"path":"symbols/3032.jpg","type":"IMAGE"},{"path":"symbols/3032a.png","type":"IMAGE"},{"path":"symbols/3034.jpg","type":"IMAGE"},{"path":"symbols/3034a.png","type":"IMAGE"},{"path":"symbols/3036.jpg","type":"IMAGE"},{"path":"symbols/3036a.png","type":"IMAGE"},{"path":"symbols/3038.jpg","type":"IMAGE"},{"path":"symbols/3038a.png","type":"IMAGE"},{"path":"symbols/3040.jpg","type":"IMAGE"},{"path":"symbols/3040a.png","type":"IMAGE"},{"path":"symbols/3042.jpg","type":"IMAGE"},{"path":"symbols/3042a.png","type":"IMAGE"},{"path":"symbols/2995.png","type":"IMAGE"},{"path":"symbols/2997.jpg","type":"IMAGE"},{"path":"symbols/2997a.png","type":"IMAGE"},{"path":"symbols/2999.jpg","type":"IMAGE"},{"path":"symbols/2999a.png","type":"IMAGE"},{"path":"symbols/3001.jpg","type":"IMAGE"},{"path":"symbols/3001a.png","type":"IMAGE"},{"path":"symbols/3003.jpg","type":"IMAGE"},{"path":"symbols/3003a.png","type":"IMAGE"},{"path":"symbols/3005.jpg","type":"IMAGE"},{"path":"symbols/3005a.png","type":"IMAGE"},{"path":"symbols/3007.jpg","type":"IMAGE"},{"path":"symbols/3007a.png","type":"IMAGE"},{"path":"symbols/3009.jpg","type":"IMAGE"},{"path":"symbols/3009a.png","type":"IMAGE"},{"path":"symbols/3011.jpg","type":"IMAGE"},{"path":"symbols/3011a.png","type":"IMAGE"},{"path":"symbols/3013.jpg","type":"IMAGE"},{"path":"symbols/3013a.png","type":"IMAGE"},{"path":"symbols/2990.png","type":"IMAGE"},{"path":"symbols/2992.png","type":"IMAGE"},{"path":"symbols/147.png","type":"IMAGE"},{"path":"symbols/149.png","type":"IMAGE"},{"path":"symbols/151.png","type":"IMAGE"},{"path":"symbols/153.png","type":"IMAGE"},{"path":"symbols/155.png","type":"IMAGE"},{"path":"symbols/157.png","type":"IMAGE"},{"path":"symbols/159.png","type":"IMAGE"},{"path":"symbols/161.png","type":"IMAGE"},{"path":"symbols/163.png","type":"IMAGE"},{"path":"symbols/165.png","type":"IMAGE"},{"path":"symbols/167.png","type":"IMAGE"},{"path":"symbols/169.png","type":"IMAGE"},{"path":"symbols/171.png","type":"IMAGE"},{"path":"symbols/173.png","type":"IMAGE"},{"path":"symbols/175.png","type":"IMAGE"},{"path":"symbols/177.png","type":"IMAGE"},{"path":"symbols/179.png","type":"IMAGE"},{"path":"symbols/181.png","type":"IMAGE"},{"path":"symbols/183.png","type":"IMAGE"},{"path":"symbols/185.png","type":"IMAGE"},{"path":"symbols/187.png","type":"IMAGE"},{"path":"symbols/189.png","type":"IMAGE"},{"path":"symbols/191.png","type":"IMAGE"},{"path":"symbols/193.png","type":"IMAGE"},{"path":"symbols/195.png","type":"IMAGE"},{"path":"symbols/197.png","type":"IMAGE"},{"path":"symbols/199.png","type":"IMAGE"},{"path":"symbols/201.png","type":"IMAGE"},{"path":"symbols/203.png","type":"IMAGE"},{"path":"symbols/205.png","type":"IMAGE"},{"path":"symbols/207.png","type":"IMAGE"},{"path":"symbols/209.png","type":"IMAGE"},{"path":"symbols/211.png","type":"IMAGE"},{"path":"symbols/213.png","type":"IMAGE"},{"path":"symbols/215.png","type":"IMAGE"},{"path":"symbols/217.png","type":"IMAGE"},{"path":"symbols/219.png","type":"IMAGE"},{"path":"symbols/221.png","type":"IMAGE"},{"path":"symbols/223.png","type":"IMAGE"},{"path":"symbols/225.png","type":"IMAGE"},{"path":"symbols/227.png","type":"IMAGE"},{"path":"symbols/229.png","type":"IMAGE"},{"path":"symbols/231.png","type":"IMAGE"},{"path":"symbols/233.png","type":"IMAGE"},{"path":"symbols/235.png","type":"IMAGE"},{"path":"symbols/237.png","type":"IMAGE"},{"path":"symbols/239.png","type":"IMAGE"},{"path":"symbols/241.png","type":"IMAGE"},{"path":"symbols/243.png","type":"IMAGE"},{"path":"symbols/245.png","type":"IMAGE"},{"path":"symbols/247.png","type":"IMAGE"},{"path":"symbols/249.png","type":"IMAGE"},{"path":"symbols/251.png","type":"IMAGE"},{"path":"symbols/253.png","type":"IMAGE"},{"path":"symbols/255.png","type":"IMAGE"},{"path":"symbols/257.png","type":"IMAGE"},{"path":"symbols/259.png","type":"IMAGE"},{"path":"symbols/261.png","type":"IMAGE"},{"path":"symbols/263.png","type":"IMAGE"},{"path":"symbols/265.png","type":"IMAGE"},{"path":"symbols/267.png","type":"IMAGE"},{"path":"symbols/269.png","type":"IMAGE"},{"path":"symbols/271.png","type":"IMAGE"},{"path":"symbols/273.png","type":"IMAGE"},{"path":"symbols/275.png","type":"IMAGE"},{"path":"symbols/277.png","type":"IMAGE"},{"path":"symbols/279.png","type":"IMAGE"},{"path":"symbols/281.png","type":"IMAGE"},{"path":"symbols/283.png","type":"IMAGE"},{"path":"symbols/285.png","type":"IMAGE"},{"path":"symbols/287.png","type":"IMAGE"},{"path":"symbols/2979.png","type":"IMAGE"},{"path":"symbols/2959.jpg","type":"IMAGE"},{"path":"symbols/2959a.png","type":"IMAGE"},{"path":"symbols/2924.jpg","type":"IMAGE"},{"path":"symbols/2924a.png","type":"IMAGE"},{"path":"symbols/2926.jpg","type":"IMAGE"},{"path":"symbols/2926a.png","type":"IMAGE"},{"path":"symbols/2928.jpg","type":"IMAGE"},{"path":"symbols/2928a.png","type":"IMAGE"},{"path":"symbols/2930.jpg","type":"IMAGE"},{"path":"symbols/2930a.png","type":"IMAGE"},{"path":"symbols/2932.jpg","type":"IMAGE"},{"path":"symbols/2932a.png","type":"IMAGE"},{"path":"symbols/2642.jpg","type":"IMAGE"},{"path":"symbols/2907.png","type":"IMAGE"},{"path":"symbols/1475.png","type":"IMAGE"},{"path":"symbols/1477.png","type":"IMAGE"},{"path":"symbols/1479.png","type":"IMAGE"},{"path":"symbols/1481.jpg","type":"IMAGE"},{"path":"symbols/1481a.png","type":"IMAGE"},{"path":"symbols/1483.jpg","type":"IMAGE"},{"path":"symbols/1483a.png","type":"IMAGE"},{"path":"symbols/1485.png","type":"IMAGE"},{"path":"symbols/1487.jpg","type":"IMAGE"},{"path":"symbols/1487a.png","type":"IMAGE"},{"path":"symbols/43.png","type":"IMAGE"},{"path":"symbols/2728.png","type":"IMAGE"},{"path":"symbols/453.png","type":"IMAGE"},{"path":"symbols/2707.jpg","type":"IMAGE"},{"path":"symbols/2707a.png","type":"IMAGE"},{"path":"symbols/2710.jpg","type":"IMAGE"},{"path":"symbols/2710a.png","type":"IMAGE"},{"path":"symbols/2712.jpg","type":"IMAGE"},{"path":"symbols/2712a.png","type":"IMAGE"},{"path":"symbols/2714.jpg","type":"IMAGE"},{"path":"symbols/2714a.png","type":"IMAGE"},{"path":"symbols/977.png","type":"IMAGE"},{"path":"symbols/2868.png","type":"IMAGE"},{"path":"symbols/145.png","type":"IMAGE"},{"path":"symbols/980.png","type":"IMAGE"},{"path":"symbols/2854.png","type":"IMAGE"},{"path":"symbols/2856.png","type":"IMAGE"},{"path":"symbols/2858.png","type":"IMAGE"},{"path":"symbols/2826.png","type":"IMAGE"},{"path":"symbols/2828.png","type":"IMAGE"},{"path":"symbols/2830.png","type":"IMAGE"},{"path":"symbols/2786.png","type":"IMAGE"},{"path":"symbols/2785.png","type":"IMAGE"},{"path":"symbols/2788.png","type":"IMAGE"},{"path":"symbols/425.png","type":"IMAGE"},{"path":"symbols/2792.png","type":"IMAGE"},{"path":"symbols/2794.png","type":"IMAGE"},{"path":"symbols/2796.png","type":"IMAGE"},{"path":"symbols/2798.png","type":"IMAGE"},{"path":"symbols/2807.png","type":"IMAGE"},{"path":"symbols/2810.png","type":"IMAGE"},{"path":"symbols/1774.png","type":"IMAGE"},{"path":"symbols/1777.png","type":"IMAGE"},{"path":"symbols/1779.png","type":"IMAGE"},{"path":"symbols/2561.jpg","type":"IMAGE"},{"path":"symbols/2561a.png","type":"IMAGE"},{"path":"symbols/1783.png","type":"IMAGE"},{"path":"symbols/1785.png","type":"IMAGE"},{"path":"symbols/2565.png","type":"IMAGE"},{"path":"symbols/1789.png","type":"IMAGE"},{"path":"symbols/1791.png","type":"IMAGE"},{"path":"symbols/1793.png","type":"IMAGE"},{"path":"symbols/1795.png","type":"IMAGE"},{"path":"symbols/1797.jpg","type":"IMAGE"},{"path":"symbols/1797a.png","type":"IMAGE"},{"path":"symbols/1799.jpg","type":"IMAGE"},{"path":"symbols/1799a.png","type":"IMAGE"},{"path":"symbols/1801.png","type":"IMAGE"},{"path":"symbols/1803.png","type":"IMAGE"},{"path":"symbols/1805.png","type":"IMAGE"},{"path":"symbols/1807.jpg","type":"IMAGE"},{"path":"symbols/1807a.png","type":"IMAGE"},{"path":"symbols/1809.png","type":"IMAGE"},{"path":"symbols/2578.png","type":"IMAGE"},{"path":"symbols/1813.jpg","type":"IMAGE"},{"path":"symbols/1813a.png","type":"IMAGE"},{"path":"symbols/1815.png","type":"IMAGE"},{"path":"symbols/1817.png","type":"IMAGE"},{"path":"symbols/1819.png","type":"IMAGE"},{"path":"symbols/1821.png","type":"IMAGE"},{"path":"symbols/1823.png","type":"IMAGE"},{"path":"symbols/1825.png","type":"IMAGE"},{"path":"symbols/1827.png","type":"IMAGE"},{"path":"symbols/2588.jpg","type":"IMAGE"},{"path":"symbols/2588a.png","type":"IMAGE"},{"path":"symbols/1831.jpg","type":"IMAGE"},{"path":"symbols/1831a.png","type":"IMAGE"},{"path":"symbols/1833.png","type":"IMAGE"},{"path":"symbols/1835.png","type":"IMAGE"},{"path":"symbols/1837.png","type":"IMAGE"},{"path":"symbols/1839.png","type":"IMAGE"},{"path":"symbols/1841.png","type":"IMAGE"},{"path":"symbols/2596.jpg","type":"IMAGE"},{"path":"symbols/2596a.png","type":"IMAGE"},{"path":"symbols/1845.jpg","type":"IMAGE"},{"path":"symbols/1845a.png","type":"IMAGE"},{"path":"symbols/1847.png","type":"IMAGE"},{"path":"symbols/1849.png","type":"IMAGE"},{"path":"symbols/1851.png","type":"IMAGE"},{"path":"symbols/1853.png","type":"IMAGE"},{"path":"symbols/2603.png","type":"IMAGE"},{"path":"symbols/1857.png","type":"IMAGE"},{"path":"symbols/1859.png","type":"IMAGE"},{"path":"symbols/1861.png","type":"IMAGE"},{"path":"symbols/2608.png","type":"IMAGE"},{"path":"symbols/1865.png","type":"IMAGE"},{"path":"symbols/1867.png","type":"IMAGE"},{"path":"symbols/1869.png","type":"IMAGE"},{"path":"symbols/2613.jpg","type":"IMAGE"},{"path":"symbols/2613a.png","type":"IMAGE"},{"path":"symbols/1873.png","type":"IMAGE"},{"path":"symbols/1875.png","type":"IMAGE"},{"path":"symbols/1877.png","type":"IMAGE"},{"path":"symbols/1879.png","type":"IMAGE"},{"path":"symbols/1881.png","type":"IMAGE"},{"path":"symbols/1883.png","type":"IMAGE"},{"path":"symbols/1885.png","type":"IMAGE"},{"path":"symbols/1887.png","type":"IMAGE"},{"path":"symbols/1889.jpg","type":"IMAGE"},{"path":"symbols/1889a.png","type":"IMAGE"},{"path":"symbols/2624.png","type":"IMAGE"},{"path":"symbols/1893.png","type":"IMAGE"},{"path":"symbols/1895.png","type":"IMAGE"},{"path":"symbols/2628.jpg","type":"IMAGE"},{"path":"symbols/2628a.png","type":"IMAGE"},{"path":"symbols/2630.jpg","type":"IMAGE"},{"path":"symbols/2630a.png","type":"IMAGE"},{"path":"symbols/1901.png","type":"IMAGE"},{"path":"symbols/1903.png","type":"IMAGE"},{"path":"symbols/2634.jpg","type":"IMAGE"},{"path":"symbols/2634a.png","type":"IMAGE"},{"path":"symbols/1907.jpg","type":"IMAGE"},{"path":"symbols/1907a.png","type":"IMAGE"},{"path":"symbols/2814.png","type":"IMAGE"},{"path":"symbols/2816.png","type":"IMAGE"},{"path":"symbols/2819.png","type":"IMAGE"},{"path":"symbols/2764.png","type":"IMAGE"},{"path":"symbols/2756.png","type":"IMAGE"},{"path":"symbols/2751.jpg","type":"IMAGE"},{"path":"symbols/2646.png","type":"IMAGE"},{"path":"symbols/2648.png","type":"IMAGE"},{"path":"symbols/2650.png","type":"IMAGE"},{"path":"symbols/2652.png","type":"IMAGE"},{"path":"symbols/2654.png","type":"IMAGE"},{"path":"symbols/2656.png","type":"IMAGE"},{"path":"symbols/2658.png","type":"IMAGE"},{"path":"symbols/2660.png","type":"IMAGE"},{"path":"symbols/2663.png","type":"IMAGE"},{"path":"symbols/2665.png","type":"IMAGE"},{"path":"symbols/2667.png","type":"IMAGE"},{"path":"symbols/2669.png","type":"IMAGE"},{"path":"symbols/2671.png","type":"IMAGE"},{"path":"symbols/2673.png","type":"IMAGE"},{"path":"symbols/2675.png","type":"IMAGE"},{"path":"symbols/2677.png","type":"IMAGE"},{"path":"symbols/2680.png","type":"IMAGE"},{"path":"symbols/2682.png","type":"IMAGE"},{"path":"symbols/2684.png","type":"IMAGE"},{"path":"symbols/2686.png","type":"IMAGE"},{"path":"symbols/2691.png","type":"IMAGE"},{"path":"symbols/2693.png","type":"IMAGE"},{"path":"symbols/2695.png","type":"IMAGE"},{"path":"symbols/2697.png","type":"IMAGE"},{"path":"symbols/40.png","type":"IMAGE"},{"path":"symbols/2734.png","type":"IMAGE"},{"path":"symbols/2739.jpg","type":"IMAGE"},{"path":"symbols/2739a.png","type":"IMAGE"},{"path":"symbols/2474.png","type":"IMAGE"},{"path":"symbols/10.png","type":"IMAGE"},{"path":"symbols/2551.jpg","type":"IMAGE"},{"path":"symbols/2551a.png","type":"IMAGE"},{"path":"symbols/2534.png","type":"IMAGE"},{"path":"symbols/2485.jpg","type":"IMAGE"},{"path":"symbols/2489.png","type":"IMAGE"},{"path":"symbols/2491.png","type":"IMAGE"},{"path":"symbols/2493.png","type":"IMAGE"},{"path":"symbols/2495.png","type":"IMAGE"},{"path":"symbols/2498.png","type":"IMAGE"},{"path":"symbols/2501.jpg","type":"IMAGE"},{"path":"symbols/2501a.png","type":"IMAGE"},{"path":"symbols/2504.png","type":"IMAGE"},{"path":"symbols/2507.jpg","type":"IMAGE"},{"path":"symbols/2507a.png","type":"IMAGE"},{"path":"symbols/2512.jpg","type":"IMAGE"},{"path":"symbols/2511.png","type":"IMAGE"},{"path":"symbols/2510.png","type":"IMAGE"},{"path":"symbols/2515.jpg","type":"IMAGE"},{"path":"symbols/2515a.png","type":"IMAGE"},{"path":"symbols/2518.png","type":"IMAGE"},{"path":"symbols/2520.png","type":"IMAGE"},{"path":"symbols/71.jpg","type":"IMAGE"},{"path":"symbols/2523.jpg","type":"IMAGE"},{"path":"symbols/645.jpg","type":"IMAGE"},{"path":"symbols/2345.png","type":"IMAGE"},{"path":"symbols/2348.jpg","type":"IMAGE"},{"path":"symbols/2348a.png","type":"IMAGE"},{"path":"symbols/2351.png","type":"IMAGE"},{"path":"symbols/2354.png","type":"IMAGE"},{"path":"symbols/2357.png","type":"IMAGE"},{"path":"symbols/2360.png","type":"IMAGE"},{"path":"symbols/2363.png","type":"IMAGE"},{"path":"symbols/2366.png","type":"IMAGE"},{"path":"symbols/2369.png","type":"IMAGE"},{"path":"symbols/2372.png","type":"IMAGE"},{"path":"symbols/2375.jpg","type":"IMAGE"},{"path":"symbols/2375a.png","type":"IMAGE"},{"path":"symbols/2378.png","type":"IMAGE"},{"path":"symbols/2381.png","type":"IMAGE"},{"path":"symbols/2384.png","type":"IMAGE"},{"path":"symbols/2387.jpg","type":"IMAGE"},{"path":"symbols/2387a.png","type":"IMAGE"},{"path":"symbols/2390.png","type":"IMAGE"},{"path":"symbols/2393.png","type":"IMAGE"},{"path":"symbols/2312.jpg","type":"IMAGE"},{"path":"symbols/2312a.png","type":"IMAGE"},{"path":"symbols/2314.png","type":"IMAGE"},{"path":"symbols/2316.png","type":"IMAGE"},{"path":"symbols/2318.jpg","type":"IMAGE"},{"path":"symbols/2318a.png","type":"IMAGE"},{"path":"symbols/2320.jpg","type":"IMAGE"},{"path":"symbols/2320a.png","type":"IMAGE"},{"path":"symbols/2322.png","type":"IMAGE"},{"path":"symbols/2324.jpg","type":"IMAGE"},{"path":"symbols/2324a.png","type":"IMAGE"},{"path":"symbols/2326.png","type":"IMAGE"},{"path":"symbols/2328.png","type":"IMAGE"},{"path":"symbols/2330.jpg","type":"IMAGE"},{"path":"symbols/2330a.png","type":"IMAGE"},{"path":"symbols/2332.jpg","type":"IMAGE"},{"path":"symbols/2332a.png","type":"IMAGE"},{"path":"symbols/2334.jpg","type":"IMAGE"},{"path":"symbols/2334a.png","type":"IMAGE"},{"path":"symbols/2336.jpg","type":"IMAGE"},{"path":"symbols/2336a.png","type":"IMAGE"},{"path":"symbols/2338.jpg","type":"IMAGE"},{"path":"symbols/2338a.png","type":"IMAGE"},{"path":"symbols/2340.jpg","type":"IMAGE"},{"path":"symbols/2340a.png","type":"IMAGE"},{"path":"symbols/2342.jpg","type":"IMAGE"},{"path":"symbols/2342a.png","type":"IMAGE"},{"path":"symbols/2297.jpg","type":"IMAGE"},{"path":"symbols/2297a.png","type":"IMAGE"},{"path":"symbols/2299.jpg","type":"IMAGE"},{"path":"symbols/2299a.png","type":"IMAGE"},{"path":"symbols/2301.jpg","type":"IMAGE"},{"path":"symbols/2301a.png","type":"IMAGE"},{"path":"symbols/2303.jpg","type":"IMAGE"},{"path":"symbols/2303a.png","type":"IMAGE"},{"path":"symbols/2305.jpg","type":"IMAGE"},{"path":"symbols/2305a.png","type":"IMAGE"},{"path":"symbols/2307.jpg","type":"IMAGE"},{"path":"symbols/2307a.png","type":"IMAGE"},{"path":"symbols/2309.jpg","type":"IMAGE"},{"path":"symbols/2309a.png","type":"IMAGE"},{"path":"symbols/2284.jpg","type":"IMAGE"},{"path":"symbols/2284a.png","type":"IMAGE"},{"path":"symbols/2286.jpg","type":"IMAGE"},{"path":"symbols/2286a.png","type":"IMAGE"},{"path":"symbols/2288.jpg","type":"IMAGE"},{"path":"symbols/2288a.png","type":"IMAGE"},{"path":"symbols/2290.jpg","type":"IMAGE"},{"path":"symbols/2290a.png","type":"IMAGE"},{"path":"symbols/2292.jpg","type":"IMAGE"},{"path":"symbols/2292a.png","type":"IMAGE"},{"path":"symbols/2294.jpg","type":"IMAGE"},{"path":"symbols/2294a.png","type":"IMAGE"},{"path":"symbols/2178.png","type":"IMAGE"},{"path":"symbols/2180.png","type":"IMAGE"},{"path":"symbols/2186.jpg","type":"IMAGE"},{"path":"symbols/2186a.png","type":"IMAGE"},{"path":"symbols/2185.jpg","type":"IMAGE"},{"path":"symbols/2185a.png","type":"IMAGE"},{"path":"symbols/2184.jpg","type":"IMAGE"},{"path":"symbols/2184a.png","type":"IMAGE"},{"path":"symbols/2183.jpg","type":"IMAGE"},{"path":"symbols/2183a.png","type":"IMAGE"},{"path":"symbols/2182.png","type":"IMAGE"},{"path":"symbols/2196.png","type":"IMAGE"},{"path":"symbols/2212.jpg","type":"IMAGE"},{"path":"symbols/2212a.png","type":"IMAGE"},{"path":"symbols/2214.jpg","type":"IMAGE"},{"path":"symbols/2214a.png","type":"IMAGE"},{"path":"symbols/2216.jpg","type":"IMAGE"},{"path":"symbols/2216a.png","type":"IMAGE"},{"path":"symbols/2218.jpg","type":"IMAGE"},{"path":"symbols/2218a.png","type":"IMAGE"},{"path":"symbols/2225.png","type":"IMAGE"},{"path":"symbols/2224.png","type":"IMAGE"},{"path":"symbols/2223.png","type":"IMAGE"},{"path":"symbols/2222.png","type":"IMAGE"},{"path":"symbols/2221.png","type":"IMAGE"},{"path":"symbols/2227.png","type":"IMAGE"},{"path":"symbols/2160.png","type":"IMAGE"},{"path":"symbols/2162.png","type":"IMAGE"},{"path":"symbols/2164.png","type":"IMAGE"},{"path":"symbols/2166.png","type":"IMAGE"},{"path":"symbols/2168.png","type":"IMAGE"},{"path":"symbols/2125.jpg","type":"IMAGE"},{"path":"symbols/2125a.png","type":"IMAGE"},{"path":"symbols/2127.jpg","type":"IMAGE"},{"path":"symbols/2127a.png","type":"IMAGE"},{"path":"symbols/2129.jpg","type":"IMAGE"},{"path":"symbols/2129a.png","type":"IMAGE"},{"path":"symbols/2131.jpg","type":"IMAGE"},{"path":"symbols/2131a.png","type":"IMAGE"},{"path":"symbols/2133.jpg","type":"IMAGE"},{"path":"symbols/2133a.png","type":"IMAGE"},{"path":"symbols/2135.jpg","type":"IMAGE"},{"path":"symbols/2135a.png","type":"IMAGE"},{"path":"symbols/2137.jpg","type":"IMAGE"},{"path":"symbols/2137a.png","type":"IMAGE"},{"path":"symbols/2139.jpg","type":"IMAGE"},{"path":"symbols/2139a.png","type":"IMAGE"},{"path":"symbols/2141.jpg","type":"IMAGE"},{"path":"symbols/2141a.png","type":"IMAGE"},{"path":"symbols/2143.jpg","type":"IMAGE"},{"path":"symbols/2143a.png","type":"IMAGE"},{"path":"symbols/2145.jpg","type":"IMAGE"},{"path":"symbols/2145a.png","type":"IMAGE"},{"path":"symbols/2147.png","type":"IMAGE"},{"path":"symbols/2114.jpg","type":"IMAGE"},{"path":"symbols/2114a.png","type":"IMAGE"},{"path":"symbols/2116.jpg","type":"IMAGE"},{"path":"symbols/2116a.png","type":"IMAGE"},{"path":"symbols/2118.jpg","type":"IMAGE"},{"path":"symbols/2118a.png","type":"IMAGE"},{"path":"symbols/2120.jpg","type":"IMAGE"},{"path":"symbols/2120a.png","type":"IMAGE"},{"path":"symbols/2122.jpg","type":"IMAGE"},{"path":"symbols/2122a.png","type":"IMAGE"},{"path":"symbols/2054.png","type":"IMAGE"},{"path":"symbols/2059.png","type":"IMAGE"},{"path":"symbols/2061.png","type":"IMAGE"},{"path":"symbols/2063.png","type":"IMAGE"},{"path":"symbols/2065.png","type":"IMAGE"},{"path":"symbols/2067.jpg","type":"IMAGE"},{"path":"symbols/2069.jpg","type":"IMAGE"},{"path":"symbols/2071.png","type":"IMAGE"},{"path":"symbols/2073.jpg","type":"IMAGE"},{"path":"symbols/2075.jpg","type":"IMAGE"},{"path":"symbols/2077.jpg","type":"IMAGE"},{"path":"symbols/2080.jpg","type":"IMAGE"},{"path":"symbols/2082.jpg","type":"IMAGE"},{"path":"symbols/2084.jpg","type":"IMAGE"},{"path":"symbols/2087.jpg","type":"IMAGE"},{"path":"symbols/2089.jpg","type":"IMAGE"},{"path":"symbols/2092.jpg","type":"IMAGE"},{"path":"symbols/2096.png","type":"IMAGE"},{"path":"symbols/2098.png","type":"IMAGE"},{"path":"symbols/2100.png","type":"IMAGE"},{"path":"symbols/2102.png","type":"IMAGE"},{"path":"symbols/1255.png","type":"IMAGE"},{"path":"symbols/1257.png","type":"IMAGE"},{"path":"symbols/1259.png","type":"IMAGE"},{"path":"symbols/1261.png","type":"IMAGE"},{"path":"symbols/1263.png","type":"IMAGE"},{"path":"symbols/1265.png","type":"IMAGE"},{"path":"symbols/1267.png","type":"IMAGE"},{"path":"symbols/1269.png","type":"IMAGE"},{"path":"symbols/1271.png","type":"IMAGE"},{"path":"symbols/1273.png","type":"IMAGE"},{"path":"symbols/1275.png","type":"IMAGE"},{"path":"symbols/1277.png","type":"IMAGE"},{"path":"symbols/1279.png","type":"IMAGE"},{"path":"symbols/1281.png","type":"IMAGE"},{"path":"symbols/1283.png","type":"IMAGE"},{"path":"symbols/1285.png","type":"IMAGE"},{"path":"symbols/1287.png","type":"IMAGE"},{"path":"symbols/1289.png","type":"IMAGE"},{"path":"symbols/1291.png","type":"IMAGE"},{"path":"symbols/1293.png","type":"IMAGE"},{"path":"symbols/1295.png","type":"IMAGE"},{"path":"symbols/1297.png","type":"IMAGE"},{"path":"symbols/435.jpg","type":"IMAGE"},{"path":"symbols/2014.jpg","type":"IMAGE"},{"path":"symbols/2014a.png","type":"IMAGE"},{"path":"symbols/2016.png","type":"IMAGE"},{"path":"symbols/1974.png","type":"IMAGE"},{"path":"symbols/1976.png","type":"IMAGE"},{"path":"symbols/1978.png","type":"IMAGE"},{"path":"symbols/1980.png","type":"IMAGE"},{"path":"symbols/1982.png","type":"IMAGE"},{"path":"symbols/1984.png","type":"IMAGE"},{"path":"symbols/1986.png","type":"IMAGE"},{"path":"symbols/1988.png","type":"IMAGE"},{"path":"symbols/1990.png","type":"IMAGE"},{"path":"symbols/1992.png","type":"IMAGE"},{"path":"symbols/1994.png","type":"IMAGE"},{"path":"symbols/1996.png","type":"IMAGE"},{"path":"symbols/1998.png","type":"IMAGE"},{"path":"symbols/2000.png","type":"IMAGE"},{"path":"symbols/1942.png","type":"IMAGE"},{"path":"symbols/1944.png","type":"IMAGE"},{"path":"symbols/1946.png","type":"IMAGE"},{"path":"symbols/1948.png","type":"IMAGE"},{"path":"symbols/1950.png","type":"IMAGE"},{"path":"symbols/1952.png","type":"IMAGE"},{"path":"symbols/1954.png","type":"IMAGE"},{"path":"symbols/1956.png","type":"IMAGE"},{"path":"symbols/1958.png","type":"IMAGE"},{"path":"symbols/1960.png","type":"IMAGE"},{"path":"symbols/1962.png","type":"IMAGE"},{"path":"symbols/1964.png","type":"IMAGE"},{"path":"symbols/1966.png","type":"IMAGE"},{"path":"symbols/1968.png","type":"IMAGE"},{"path":"symbols/1970.png","type":"IMAGE"},{"path":"symbols/1972.png","type":"IMAGE"},{"path":"symbols/1781.jpg","type":"IMAGE"},{"path":"symbols/1781a.png","type":"IMAGE"},{"path":"symbols/1787.png","type":"IMAGE"},{"path":"symbols/1811.png","type":"IMAGE"},{"path":"symbols/1829.jpg","type":"IMAGE"},{"path":"symbols/1829a.png","type":"IMAGE"},{"path":"symbols/1843.jpg","type":"IMAGE"},{"path":"symbols/1843a.png","type":"IMAGE"},{"path":"symbols/1855.png","type":"IMAGE"},{"path":"symbols/1863.png","type":"IMAGE"},{"path":"symbols/1871.jpg","type":"IMAGE"},{"path":"symbols/1871a.png","type":"IMAGE"},{"path":"symbols/1891.png","type":"IMAGE"},{"path":"symbols/1897.png","type":"IMAGE"},{"path":"symbols/1899.jpg","type":"IMAGE"},{"path":"symbols/1899a.png","type":"IMAGE"},{"path":"symbols/1905.jpg","type":"IMAGE"},{"path":"symbols/1905a.png","type":"IMAGE"},{"path":"symbols/1913.png","type":"IMAGE"},{"path":"symbols/1709.png","type":"IMAGE"},{"path":"symbols/1711.png","type":"IMAGE"},{"path":"symbols/1713.png","type":"IMAGE"},{"path":"symbols/1715.png","type":"IMAGE"},{"path":"symbols/1717.png","type":"IMAGE"},{"path":"symbols/1719.png","type":"IMAGE"},{"path":"symbols/1721.png","type":"IMAGE"},{"path":"symbols/1723.png","type":"IMAGE"},{"path":"symbols/1725.png","type":"IMAGE"},{"path":"symbols/1727.png","type":"IMAGE"},{"path":"symbols/1729.png","type":"IMAGE"},{"path":"symbols/1731.png","type":"IMAGE"},{"path":"symbols/1696.png","type":"IMAGE"},{"path":"symbols/1653.png","type":"IMAGE"},{"path":"symbols/1600.png","type":"IMAGE"},{"path":"symbols/1615.png","type":"IMAGE"},{"path":"symbols/1619.png","type":"IMAGE"},{"path":"symbols/1623.png","type":"IMAGE"},{"path":"symbols/1627.png","type":"IMAGE"},{"path":"symbols/1494.png","type":"IMAGE"},{"path":"symbols/1432.png","type":"IMAGE"},{"path":"symbols/1391.png","type":"IMAGE"},{"path":"symbols/1393.png","type":"IMAGE"},{"path":"symbols/1395.png","type":"IMAGE"},{"path":"symbols/1397.png","type":"IMAGE"},{"path":"symbols/1399.png","type":"IMAGE"},{"path":"symbols/1401.png","type":"IMAGE"},{"path":"symbols/1403.png","type":"IMAGE"},{"path":"symbols/1405.png","type":"IMAGE"},{"path":"symbols/1407.png","type":"IMAGE"},{"path":"symbols/1409.png","type":"IMAGE"},{"path":"symbols/1411.png","type":"IMAGE"},{"path":"symbols/1347.png","type":"IMAGE"},{"path":"symbols/741.png","type":"IMAGE"},{"path":"symbols/743.png","type":"IMAGE"},{"path":"symbols/745.png","type":"IMAGE"},{"path":"symbols/747.png","type":"IMAGE"},{"path":"symbols/749.png","type":"IMAGE"},{"path":"symbols/751.png","type":"IMAGE"},{"path":"symbols/753.png","type":"IMAGE"},{"path":"symbols/755.png","type":"IMAGE"},{"path":"symbols/757.png","type":"IMAGE"},{"path":"symbols/759.png","type":"IMAGE"},{"path":"symbols/761.png","type":"IMAGE"},{"path":"symbols/763.png","type":"IMAGE"},{"path":"symbols/765.png","type":"IMAGE"},{"path":"symbols/767.png","type":"IMAGE"},{"path":"symbols/769.png","type":"IMAGE"},{"path":"symbols/771.png","type":"IMAGE"},{"path":"symbols/773.png","type":"IMAGE"},{"path":"symbols/775.png","type":"IMAGE"},{"path":"symbols/777.png","type":"IMAGE"},{"path":"symbols/779.png","type":"IMAGE"},{"path":"symbols/781.png","type":"IMAGE"},{"path":"symbols/783.png","type":"IMAGE"},{"path":"symbols/785.png","type":"IMAGE"},{"path":"symbols/787.png","type":"IMAGE"},{"path":"symbols/789.png","type":"IMAGE"},{"path":"symbols/791.png","type":"IMAGE"},{"path":"symbols/793.png","type":"IMAGE"},{"path":"symbols/795.png","type":"IMAGE"},{"path":"symbols/797.png","type":"IMAGE"},{"path":"symbols/799.png","type":"IMAGE"},{"path":"symbols/801.png","type":"IMAGE"},{"path":"symbols/803.png","type":"IMAGE"},{"path":"symbols/805.png","type":"IMAGE"},{"path":"symbols/807.png","type":"IMAGE"},{"path":"symbols/809.png","type":"IMAGE"},{"path":"symbols/811.png","type":"IMAGE"},{"path":"symbols/813.png","type":"IMAGE"},{"path":"symbols/815.png","type":"IMAGE"},{"path":"symbols/817.png","type":"IMAGE"},{"path":"symbols/819.png","type":"IMAGE"},{"path":"symbols/821.png","type":"IMAGE"},{"path":"symbols/823.png","type":"IMAGE"},{"path":"symbols/825.png","type":"IMAGE"},{"path":"symbols/827.png","type":"IMAGE"},{"path":"symbols/829.png","type":"IMAGE"},{"path":"symbols/831.png","type":"IMAGE"},{"path":"symbols/833.png","type":"IMAGE"},{"path":"symbols/835.png","type":"IMAGE"},{"path":"symbols/837.png","type":"IMAGE"},{"path":"symbols/839.png","type":"IMAGE"},{"path":"symbols/841.png","type":"IMAGE"},{"path":"symbols/843.png","type":"IMAGE"},{"path":"symbols/845.png","type":"IMAGE"},{"path":"symbols/847.png","type":"IMAGE"},{"path":"symbols/849.png","type":"IMAGE"},{"path":"symbols/851.png","type":"IMAGE"},{"path":"symbols/853.png","type":"IMAGE"},{"path":"symbols/855.png","type":"IMAGE"},{"path":"symbols/648.png","type":"IMAGE"},{"path":"symbols/1187.png","type":"IMAGE"},{"path":"symbols/1189.png","type":"IMAGE"},{"path":"symbols/1191.png","type":"IMAGE"},{"path":"symbols/1152.png","type":"IMAGE"},{"path":"symbols/507.jpg","type":"IMAGE"},{"path":"symbols/1052.jpg","type":"IMAGE"},{"path":"symbols/1052a.png","type":"IMAGE"},{"path":"symbols/1055.jpg","type":"IMAGE"},{"path":"symbols/1055a.png","type":"IMAGE"},{"path":"symbols/1058.jpg","type":"IMAGE"},{"path":"symbols/1058a.png","type":"IMAGE"},{"path":"symbols/1061.jpg","type":"IMAGE"},{"path":"symbols/1061a.png","type":"IMAGE"},{"path":"symbols/1064.jpg","type":"IMAGE"},{"path":"symbols/1064a.png","type":"IMAGE"},{"path":"symbols/1067.jpg","type":"IMAGE"},{"path":"symbols/1067a.png","type":"IMAGE"},{"path":"symbols/1070.jpg","type":"IMAGE"},{"path":"symbols/1070a.png","type":"IMAGE"},{"path":"symbols/1073.jpg","type":"IMAGE"},{"path":"symbols/1073a.png","type":"IMAGE"},{"path":"symbols/1076.jpg","type":"IMAGE"},{"path":"symbols/1076a.png","type":"IMAGE"},{"path":"symbols/1079.jpg","type":"IMAGE"},{"path":"symbols/1079a.png","type":"IMAGE"},{"path":"symbols/1082.jpg","type":"IMAGE"},{"path":"symbols/1082a.png","type":"IMAGE"},{"path":"symbols/1085.jpg","type":"IMAGE"},{"path":"symbols/1085a.png","type":"IMAGE"},{"path":"symbols/1088.jpg","type":"IMAGE"},{"path":"symbols/1088a.png","type":"IMAGE"},{"path":"symbols/1091.jpg","type":"IMAGE"},{"path":"symbols/1091a.png","type":"IMAGE"},{"path":"symbols/1094.jpg","type":"IMAGE"},{"path":"symbols/1094a.png","type":"IMAGE"},{"path":"symbols/1097.jpg","type":"IMAGE"},{"path":"symbols/1097a.png","type":"IMAGE"},{"path":"symbols/1100.jpg","type":"IMAGE"},{"path":"symbols/1100a.png","type":"IMAGE"},{"path":"symbols/497.png","type":"IMAGE"},{"path":"symbols/695.png","type":"IMAGE"},{"path":"symbols/697.png","type":"IMAGE"},{"path":"symbols/699.png","type":"IMAGE"},{"path":"symbols/701.png","type":"IMAGE"},{"path":"symbols/703.png","type":"IMAGE"},{"path":"symbols/705.png","type":"IMAGE"},{"path":"symbols/707.png","type":"IMAGE"},{"path":"symbols/709.png","type":"IMAGE"},{"path":"symbols/711.png","type":"IMAGE"},{"path":"symbols/713.png","type":"IMAGE"},{"path":"symbols/1018.jpg","type":"IMAGE"},{"path":"symbols/1018a.png","type":"IMAGE"},{"path":"symbols/983.jpg","type":"IMAGE"},{"path":"symbols/983a.png","type":"IMAGE"},{"path":"symbols/998.png","type":"IMAGE"},{"path":"symbols/644.png","type":"IMAGE"},{"path":"symbols/643.png","type":"IMAGE"},{"path":"symbols/642.png","type":"IMAGE"},{"path":"symbols/641.png","type":"IMAGE"},{"path":"symbols/640.png","type":"IMAGE"},{"path":"symbols/639.png","type":"IMAGE"},{"path":"symbols/638.png","type":"IMAGE"},{"path":"symbols/949.png","type":"IMAGE"},{"path":"symbols/888.jpg","type":"IMAGE"},{"path":"symbols/870.jpg","type":"IMAGE"},{"path":"symbols/870a.png","type":"IMAGE"},{"path":"symbols/872.jpg","type":"IMAGE"},{"path":"symbols/872a.png","type":"IMAGE"},{"path":"symbols/875.jpg","type":"IMAGE"},{"path":"symbols/875a.png","type":"IMAGE"},{"path":"symbols/877.jpg","type":"IMAGE"},{"path":"symbols/877a.png","type":"IMAGE"},{"path":"symbols/880.jpg","type":"IMAGE"},{"path":"symbols/880a.png","type":"IMAGE"},{"path":"symbols/882.jpg","type":"IMAGE"},{"path":"symbols/882a.png","type":"IMAGE"},{"path":"symbols/105.jpg","type":"IMAGE"},{"path":"symbols/105a.png","type":"IMAGE"},{"path":"symbols/671.png","type":"IMAGE"},{"path":"symbols/674.png","type":"IMAGE"},{"path":"symbols/599.jpg","type":"IMAGE"},{"path":"symbols/599a.png","type":"IMAGE"},{"path":"symbols/601.jpg","type":"IMAGE"},{"path":"symbols/601a.png","type":"IMAGE"},{"path":"symbols/603.jpg","type":"IMAGE"},{"path":"symbols/603a.png","type":"IMAGE"},{"path":"symbols/500.png","type":"IMAGE"},{"path":"symbols/502.png","type":"IMAGE"},{"path":"symbols/504.png","type":"IMAGE"},{"path":"symbols/20.png","type":"IMAGE"},{"path":"symbols/444.png","type":"IMAGE"},{"path":"symbols/443.png","type":"IMAGE"},{"path":"symbols/459.png","type":"IMAGE"},{"path":"symbols/462.png","type":"IMAGE"},{"path":"symbols/464.png","type":"IMAGE"},{"path":"symbols/466.png","type":"IMAGE"},{"path":"symbols/471.png","type":"IMAGE"},{"path":"symbols/474.png","type":"IMAGE"},{"path":"symbols/476.png","type":"IMAGE"},{"path":"symbols/478.png","type":"IMAGE"},{"path":"symbols/480.png","type":"IMAGE"},{"path":"symbols/483.png","type":"IMAGE"},{"path":"symbols/490.png","type":"IMAGE"},{"path":"symbols/46.png","type":"IMAGE"},{"path":"symbols/92.png","type":"IMAGE"},{"path":"symbols/95.png","type":"IMAGE"},{"path":"symbols/97.png","type":"IMAGE"},{"path":"symbols/99.png","type":"IMAGE"},{"path":"symbols/133.png","type":"IMAGE"},{"path":"data.json","type":"TEXT"}],"rootPath":null,"version":3,"libraryArgs":["data.json","Pi1w89zATEBj7YHlkCFL"],"libraryType":"swf.exporters.animate.AnimateLibrary"}