{"root":0,"uuid":"w7tNRCNhi3qGP3DPjgrr","version":0.1,"symbols":[{"type":5,"className":"tdp4_tutorial_fla.MainTimeline","baseClassName":null,"frames":[{}]},{"type":5,"id":27,"frames":[{"objects":[{"name":"base_2","type":0,"depth":1,"symbol":24,"clipDepth":0,"id":0,"filters":[[0,40,40,1]],"matrix":[1,0,0,1,69470,4350]},{"name":"base_1","type":0,"depth":3,"symbol":26,"clipDepth":0,"id":1,"filters":[[0,40,40,1]],"matrix":[1,0,0,1,5280,4900]}]}]},{"type":5,"id":26,"frames":[{"objects":[{"name":null,"type":0,"depth":1,"symbol":25,"clipDepth":0,"id":0,"matrix":[1,0,0,1,0,0]}]}]},{"type":4,"id":25,"commands":[3,5,1,16711680,0.250980392156863,8,692,-493,4,980,-206,980,200,4,980,606,692,892,4,405,1180,0,1180,4,-406,1180,-694,892,4,-980,606,-980,200,4,-980,-206,-694,-493,4,-406,-780,0,-780,4,405,-780,692,-493,5]},{"type":5,"id":24,"frames":[{"objects":[{"name":null,"type":0,"depth":1,"symbol":23,"clipDepth":0,"id":0,"matrix":[1,0,0,1,0,0]}]}]},{"type":4,"id":23,"commands":[3,5,1,255,0.250980392156863,8,692,-493,4,980,-206,980,200,4,980,606,692,892,4,405,1180,0,1180,4,-406,1180,-694,892,4,-980,606,-980,200,4,-980,-206,-694,-493,4,-406,-780,0,-780,4,405,-780,692,-493,5]},{"type":5,"id":22,"frames":[{"objects":[{"name":null,"type":0,"depth":1,"symbol":20,"clipDepth":0,"id":0,"matrix":[1,0,0,1,32670,4750]},{"name":null,"type":0,"depth":3,"symbol":20,"clipDepth":0,"id":1,"matrix":[1,0,0,1,29010,4750]},{"name":null,"type":0,"depth":5,"symbol":20,"clipDepth":0,"id":2,"matrix":[1,0,0,1,33190,4750]},{"name":null,"type":0,"depth":7,"symbol":20,"clipDepth":0,"id":3,"matrix":[1,0,0,1,31250,4750]},{"name":null,"type":0,"depth":9,"symbol":20,"clipDepth":0,"id":4,"matrix":[1,0,0,1,29490,4750]},{"name":null,"type":0,"depth":11,"symbol":20,"clipDepth":0,"id":5,"matrix":[1,0,0,1,30790,4750]},{"name":null,"type":0,"depth":13,"symbol":20,"clipDepth":0,"id":6,"matrix":[1,0,0,1,32170,4750]},{"name":null,"type":0,"depth":15,"symbol":20,"clipDepth":0,"id":7,"matrix":[1,0,0,1,30370,4750]},{"name":null,"type":0,"depth":17,"symbol":20,"clipDepth":0,"id":8,"matrix":[1,0,0,1,31690,4750]},{"name":null,"type":0,"depth":19,"symbol":20,"clipDepth":0,"id":9,"matrix":[1,0,0,1,29950,4770]}]}]},{"type":5,"id":21,"frames":[{"objects":[{"name":null,"type":0,"depth":1,"symbol":20,"clipDepth":0,"id":0,"matrix":[1,0,0,1,7190,6390]},{"name":null,"type":0,"depth":3,"symbol":20,"clipDepth":0,"id":1,"matrix":[1,0,0,1,7190,6390]},{"name":null,"type":0,"depth":5,"symbol":20,"clipDepth":0,"id":2,"matrix":[1,0,0,1,7190,6390]},{"name":null,"type":0,"depth":7,"symbol":20,"clipDepth":0,"id":3,"matrix":[1,0,0,1,7190,6390]},{"name":null,"type":0,"depth":9,"symbol":20,"clipDepth":0,"id":4,"matrix":[1,0,0,1,7190,6390]},{"name":null,"type":0,"depth":11,"symbol":20,"clipDepth":0,"id":5,"matrix":[1,0,0,1,7190,6390]},{"name":null,"type":0,"depth":13,"symbol":20,"clipDepth":0,"id":6,"matrix":[1,0,0,1,7190,6390]},{"name":null,"type":0,"depth":15,"symbol":20,"clipDepth":0,"id":7,"matrix":[1,0,0,1,7190,6390]},{"name":null,"type":0,"depth":17,"symbol":20,"clipDepth":0,"id":8,"matrix":[1,0,0,1,7190,6390]},{"name":null,"type":0,"depth":19,"symbol":20,"clipDepth":0,"id":9,"matrix":[1,0,0,1,7190,6390]},{"name":null,"type":0,"depth":21,"symbol":20,"clipDepth":0,"id":10,"matrix":[1,0,0,1,7190,6390]},{"name":null,"type":0,"depth":23,"symbol":20,"clipDepth":0,"id":11,"matrix":[1,0,0,1,7190,6390]},{"name":null,"type":0,"depth":25,"symbol":20,"clipDepth":0,"id":12,"matrix":[1,0,0,1,7190,6390]},{"name":null,"type":0,"depth":27,"symbol":20,"clipDepth":0,"id":13,"matrix":[1,0,0,1,7190,6390]},{"name":null,"type":0,"depth":29,"symbol":20,"clipDepth":0,"id":14,"matrix":[1,0,0,1,7190,6390]},{"name":null,"type":0,"depth":31,"symbol":20,"clipDepth":0,"id":15,"matrix":[1,0,0,1,7190,6390]},{"name":null,"type":0,"depth":33,"symbol":20,"clipDepth":0,"id":16,"matrix":[1,0,0,1,7190,6390]},{"name":null,"type":0,"depth":35,"symbol":20,"clipDepth":0,"id":17,"matrix":[1,0,0,1,7190,6390]},{"name":null,"type":0,"depth":37,"symbol":20,"clipDepth":0,"id":18,"matrix":[1,0,0,1,7190,6390]},{"name":null,"type":0,"depth":39,"symbol":20,"clipDepth":0,"id":19,"matrix":[1,0,0,1,7190,6390]}]}]},{"type":5,"id":20,"frames":[{}]},{"type":4,"id":19,"commands":[3,5,0,18,[1,0,0,1,0,-180],false,true,8,0,-180,7,37080,-180,7,74160,-180,7,74160,11220,7,37080,11220,7,0,11220,7,0,-180,5]},{"path":"symbols/18.jpg","type":0,"id":18,"alpha":"symbols/18a.png"},{"type":5,"className":"com.darkness.tdp4.maps.view.objects.TutorialMonitor","baseClassName":null,"id":17,"frames":[{"objects":[{"name":"tf","type":0,"depth":1,"symbol":16,"clipDepth":0,"id":0,"matrix":[1,0,0,1,40,40]}]}]},{"selectable":true,"html":false,"password":false,"color":-16711936,"fontName":"Arial","rect":[-40,-40,3232,1515],"text":"OK","type":2,"border":false,"leftMargin":0,"fontID":15,"id":16,"wordWrap":true,"leading":0,"indent":0,"multiline":true,"align":"center","rightMargin":0,"fontHeight":240,"input":false},{"type":5,"className":"com.darkness.tdp4.maps.view.MapGFX","baseClassName":null,"id":14,"frames":[{"objects":[{"name":null,"type":0,"depth":1,"symbol":13,"clipDepth":0,"id":0,"matrix":[1,0,0,1,0,0]}]}]},{"type":4,"id":13,"commands":[3,5,0,12,[1,0,0,1,0,-180],false,true,8,0,-180,7,37080,-180,7,74160,-180,7,74160,11220,7,37080,11220,7,0,11220,7,0,-180,5]},{"path":"symbols/12.jpg","type":0,"id":12,"alpha":"symbols/12a.png"},{"type":5,"className":"com.darkness.tdp4.maps.view.MapPolygonContainer","baseClassName":null,"id":11,"frames":[{"objects":[{"name":null,"type":0,"depth":1,"symbol":2,"clipDepth":0,"id":0,"matrix":[1.53068542480469,0,0,25.5375366210938,2328,3529]},{"name":null,"type":0,"depth":3,"symbol":2,"clipDepth":0,"id":1,"matrix":[177.767318725586,0,0,0.700302124023438,35927,-1459]},{"name":null,"type":0,"depth":5,"symbol":2,"clipDepth":0,"id":2,"matrix":[178.066696166992,-0.196548461914062,0.04681396484375,7.3568115234375,35997,8806]},{"name":null,"type":0,"depth":7,"symbol":2,"clipDepth":0,"id":3,"matrix":[1.69889831542969,0,0,5.66777038574219,21800,3978]},{"name":null,"type":0,"depth":9,"symbol":2,"clipDepth":0,"id":4,"matrix":[26.006103515625,0,0,6.09678649902344,18101,7180]},{"name":null,"type":0,"depth":11,"symbol":2,"clipDepth":0,"id":5,"matrix":[3.10504150390625,0,0,4.13107299804688,12377,7610]},{"name":null,"type":0,"depth":13,"symbol":2,"clipDepth":0,"id":6,"matrix":[1.3541259765625,0,0,10.2037048339844,28128,4854]},{"name":null,"type":0,"depth":15,"symbol":2,"clipDepth":0,"id":7,"matrix":[13.0567779541016,0,0,1.8575439453125,31010,5728]},{"name":null,"type":0,"depth":17,"symbol":2,"clipDepth":0,"id":8,"matrix":[2.55595397949219,1.47569274902344,-0.299530029296875,0.518814086914062,34072,5760]},{"name":null,"type":0,"depth":19,"symbol":2,"clipDepth":0,"id":9,"matrix":[2.0869140625,2.08694458007812,-0.423599243164062,0.423599243164062,41942,7045]},{"name":null,"type":0,"depth":21,"symbol":2,"clipDepth":0,"id":10,"matrix":[-2.08694458007812,2.0869140625,-0.423599243164062,-0.423599243164062,40460,7000]},{"name":null,"type":0,"depth":23,"symbol":2,"clipDepth":0,"id":11,"matrix":[2.12211608886719,1.52587890625e-05,0,0.59906005859375,41197,6640]},{"name":null,"type":0,"depth":25,"symbol":2,"clipDepth":0,"id":12,"matrix":[6.49212646484375,3.748291015625,-0.299530029296875,0.518798828125,59104,6712]},{"name":null,"type":0,"depth":27,"symbol":2,"clipDepth":0,"id":13,"matrix":[-7.53094482421875,3.67269897460938,-0.262542724609375,-0.538314819335938,54276,6692]},{"name":null,"type":0,"depth":29,"symbol":2,"clipDepth":0,"id":14,"matrix":[5.35923767089844,3.0517578125e-05,0,0.59906005859375,56788,5979]},{"name":null,"type":0,"depth":31,"symbol":2,"clipDepth":0,"id":15,"matrix":[-7.73802185058594,3.773681640625,-0.262542724609375,-0.538314819335938,64938,6670]},{"name":null,"type":0,"depth":33,"symbol":2,"clipDepth":0,"id":16,"matrix":[11.9899597167969,7.62939453125e-05,0,0.59906005859375,68816,5939]},{"name":null,"type":0,"depth":35,"symbol":2,"clipDepth":0,"id":17,"matrix":[1.53068542480469,0,0,25.5375366210938,71387,3509]},{"name":null,"type":0,"depth":37,"symbol":2,"clipDepth":0,"id":18,"matrix":[177.340591430664,0,0,2.06065368652344,35756,2408]},{"name":null,"type":0,"depth":39,"symbol":2,"clipDepth":0,"id":19,"matrix":[1.24868774414062,0,0,3.7972412109375,44190,4142]},{"name":null,"type":0,"depth":41,"symbol":2,"clipDepth":0,"id":20,"matrix":[1.24868774414062,0,0,2.58908081054688,48320,4020]},{"name":null,"type":0,"depth":43,"symbol":2,"clipDepth":0,"id":21,"matrix":[0.974655151367188,0,0,1.84585571289062,51905,3970]},{"name":null,"type":0,"depth":45,"symbol":2,"clipDepth":0,"id":22,"matrix":[2.08073425292969,1.52587890625e-05,1.52587890625e-05,0.599075317382812,34045,5980]},{"name":null,"type":0,"depth":47,"symbol":2,"clipDepth":0,"id":23,"matrix":[9.771728515625,5.02767944335938,-0.274032592773438,0.5325927734375,58663,3730]},{"name":null,"type":0,"depth":49,"symbol":2,"clipDepth":0,"id":24,"matrix":[-10.2203826904297,4.98428344726562,-0.262542724609375,-0.538314819335938,64443,3692]},{"name":null,"type":0,"depth":51,"symbol":2,"clipDepth":0,"id":25,"matrix":[4.83856201171875,0.0035858154296875,-0.00042724609375,0.598159790039062,61531,4834]},{"name":null,"type":0,"depth":53,"symbol":2,"clipDepth":0,"id":26,"matrix":[0.6387939453125,0,0,6.45391845703125,28492,4115]},{"name":null,"type":0,"depth":55,"symbol":2,"clipDepth":0,"id":27,"matrix":[12.5966491699219,0,0,45.8908843994141,61,4799]},{"name":null,"type":0,"depth":57,"symbol":2,"clipDepth":0,"id":28,"matrix":[192.240905761719,0,0,7.65789794921875,36107,-2835]},{"name":null,"type":0,"depth":59,"symbol":2,"clipDepth":0,"id":29,"matrix":[12.7680358886719,0,0,44.8025054931641,73761,4543]},{"name":null,"type":0,"depth":61,"symbol":2,"clipDepth":0,"id":30,"matrix":[196.562255859375,0,0,14.8533172607422,37072,10814]}]}]},{"type":5,"className":"com.darkness.tdp4.maps.view.MapGFXBack","baseClassName":null,"id":10,"frames":[{"objects":[{"name":null,"type":0,"depth":1,"symbol":9,"clipDepth":0,"id":0,"matrix":[1,0,0,1,0,0]}]}]},{"type":4,"id":9,"commands":[3,5,1,6736896,1,8,374,-1599,7,36033,-1599,7,71693,-1599,7,71693,8617,7,71609,8617,7,71619,10238,7,36005,10276,7,393,10316,7,375,7374,7,2022,7373,7,2022,2820,7,288,2820,7,288,1996,7,2022,1996,7,2022,-1319,7,374,-1319,7,374,-1599,8,2634,-1319,7,2634,1996,7,36858,1996,7,71082,1996,7,71082,-1319,7,36858,-1319,7,2634,-1319,8,66208,2848,7,62690,4636,7,62685,4622,7,60330,4633,7,60324,4625,7,60325,4634,7,56485,2827,7,57238,2829,7,60275,4332,7,62647,4326,7,65400,2845,7,66208,2848,8,66439,5819,7,71081,5819,7,71082,2820,7,22140,2820,7,22140,5078,7,21460,5078,7,21460,2820,7,2634,2820,7,2634,7372,7,11756,7362,7,11756,6784,7,12980,6784,7,12980,5961,7,23330,5961,7,23330,7349,7,39959,7331,7,40792,6498,7,40814,6520,7,41621,6520,7,41621,6554,7,42395,7328,7,52722,7317,7,55729,5849,7,55734,5859,7,57781,5859,7,57781,5867,7,57786,5858,7,60296,7309,7,63362,7305,7,66433,5807,7,66439,5819,8,71081,6059,7,66465,6059,7,63912,7305,7,71081,7297,7,71081,6059,8,55766,6099,7,53272,7316,7,59817,7309,7,57723,6099,7,55766,6099,8,41487,6760,7,40870,6760,7,40300,7331,7,42056,7329,7,41487,6760,8,33621,5361,7,34643,5951,7,34523,6159,7,33621,5639,7,33621,6041,7,28399,6041,7,28399,6900,7,27857,6900,7,27857,2888,7,28399,2888,7,28399,5357,7,33621,5357,7,33621,5361,5]},{"type":5,"className":"com.darkness.tdp4.maps.view.MapTestPolygonContainer","baseClassName":null,"id":8,"frames":[{"objects":[{"name":null,"type":0,"depth":1,"symbol":2,"clipDepth":0,"id":0,"matrix":[-0.0004730224609375,0.0868988037109375,-14.2790985107422,-0.07891845703125,31064,5793]},{"name":null,"type":0,"depth":3,"symbol":2,"clipDepth":0,"id":1,"matrix":[-6.103515625e-05,0.0868988037109375,-173.553649902344,-0.125030517578125,37072,7891]},{"name":null,"type":0,"depth":5,"symbol":2,"clipDepth":0,"id":2,"matrix":[-0.0868988037109375,-0.0004730224609375,0.062713623046875,-11.3485107421875,27930,3533]},{"name":null,"type":0,"depth":7,"symbol":2,"clipDepth":0,"id":3,"matrix":[-0.0868988037109375,-0.0004730224609375,0.044342041015625,-8.02310180664062,21800,3220]},{"name":null,"type":0,"depth":9,"symbol":2,"clipDepth":0,"id":4,"matrix":[-0.0868988037109375,-0.0004730224609375,0.0230560302734375,-4.17118835449219,41198,7563]}]}]},{"type":5,"className":"com.darkness.tdp4.maps.view.TutorialGameMap","baseClassName":"com.darkness.tdp4.maps.view.GameMap","id":36,"frames":[{"objects":[{"name":null,"type":0,"depth":1,"symbol":35,"clipDepth":0,"id":0,"matrix":[1,0,0,1,0,0]},{"name":null,"type":0,"depth":136,"symbol":14,"clipDepth":0,"id":1,"matrix":[1,0,0,1,0,0]},{"name":null,"type":0,"depth":138,"symbol":11,"clipDepth":0,"id":2,"matrix":[1,0,0,1,0,0]},{"name":null,"type":0,"depth":200,"symbol":10,"clipDepth":0,"id":3,"matrix":[1,0,0,1,0,0]},{"name":null,"type":0,"depth":202,"symbol":8,"clipDepth":0,"id":4,"visible":false,"matrix":[1,0,0,1,0,0]}]}]},{"type":5,"className":"com.darkness.tdp4.maps.view.TutorialMap","baseClassName":"com.darkness.tdp4.maps.view.Map","id":35,"frames":[{"objects":[{"name":null,"type":0,"depth":1,"symbol":19,"clipDepth":0,"id":0,"matrix":[1,0,0,1,0,0]},{"name":"respawnCon","type":0,"depth":2,"symbol":21,"clipDepth":0,"id":1,"matrix":[1,0,0,1,0,0]},{"name":"itemCon","type":0,"depth":42,"symbol":22,"clipDepth":0,"id":2,"matrix":[1,0,0,1,0,0]},{"name":"flagBaseCon","type":0,"depth":62,"symbol":27,"clipDepth":0,"id":3,"matrix":[1,0,0,1,0,0]},{"name":"controllPointsCon","type":0,"depth":66,"symbol":28,"clipDepth":0,"id":4,"matrix":[1,0,0,1,0,0]},{"name":"monitor_walkLeft","type":0,"depth":86,"symbol":17,"clipDepth":0,"id":5,"matrix":[0.949996948242188,0,0,1.00456237792969,4640,3900]},{"name":"monitor_walkRight","type":0,"depth":88,"symbol":17,"clipDepth":0,"id":6,"matrix":[0.949996948242188,0,0,1,8280,3920]},{"name":"monitor_jump","type":0,"depth":90,"symbol":17,"clipDepth":0,"id":7,"matrix":[0.949996948242188,0,0,1.00456237792969,11920,3580]},{"name":"monitor_crouch","type":0,"depth":92,"symbol":17,"clipDepth":0,"id":8,"matrix":[0.949996948242188,0,0,1.00456237792969,17461,3575]},{"name":"monitor_crawl","type":0,"depth":94,"symbol":17,"clipDepth":0,"id":9,"matrix":[0.949996948242188,0,0,1.00456237792969,24081,3575]},{"name":"monitor_pick","type":0,"depth":96,"symbol":17,"clipDepth":0,"id":10,"matrix":[0.949996948242188,0,0,1,29101,3335]},{"name":"monitor_throw","type":0,"depth":98,"symbol":17,"clipDepth":0,"id":11,"matrix":[0.949996948242188,0,0,1.00456237792969,33721,3335]},{"name":"monitor_shoot","type":0,"depth":100,"symbol":17,"clipDepth":0,"id":12,"matrix":[0.949996948242188,0,0,1.00456237792969,39621,3615]},{"name":"monitor_kill","type":0,"depth":102,"symbol":17,"clipDepth":0,"id":13,"matrix":[0.949996948242188,0,0,1.00456237792969,59981,3615]},{"name":"monitor_chat","type":0,"depth":104,"symbol":17,"clipDepth":0,"id":14,"matrix":[0.949996948242188,0,0,1.00456237792969,54341,3615]},{"name":"area_walkLeft","type":0,"depth":106,"symbol":30,"clipDepth":0,"id":15,"matrix":[1,0,0,1,1600,6900]},{"name":"area_walkRight","type":0,"depth":108,"symbol":30,"clipDepth":0,"id":16,"matrix":[1,0,0,1,10430,6780]},{"name":"area_jump","type":0,"depth":110,"symbol":30,"clipDepth":0,"id":17,"matrix":[1,0,0,1,13830,5440]},{"name":"area_crouch","type":0,"depth":112,"symbol":30,"clipDepth":0,"id":18,"matrix":[1,0,0,1,22860,5360]},{"name":"area_crawl","type":0,"depth":114,"symbol":30,"clipDepth":0,"id":19,"matrix":[1,0,0,1,30640,6900]},{"name":"area_pick","type":0,"depth":116,"symbol":30,"clipDepth":0,"id":20,"matrix":[1,0,0,1,27960,4760]},{"name":"area_throw","type":0,"depth":118,"symbol":30,"clipDepth":0,"id":21,"matrix":[1,0,0,1,32820,4760]},{"name":"area_kill","type":0,"depth":120,"symbol":30,"clipDepth":0,"id":22,"matrix":[1,0,0,1,61910,6440]},{"name":"area_crouch","type":0,"depth":122,"symbol":30,"clipDepth":0,"id":23,"matrix":[1,0,0,1,25430,6780]},{"name":"area_crouch","type":0,"depth":124,"symbol":30,"clipDepth":0,"id":24,"matrix":[1,0,0,1,24410,6780]},{"name":"shootTarget_1","type":0,"depth":126,"symbol":31,"clipDepth":0,"id":25,"matrix":[0.857818603515625,0,0,0.81402587890625,44060,3721]},{"name":"shootTarget_3","type":0,"depth":128,"symbol":31,"clipDepth":0,"id":26,"matrix":[0.6427001953125,0,0,0.4808349609375,51900,3681]},{"name":"shootTarget_2","type":0,"depth":130,"symbol":31,"clipDepth":0,"id":27,"matrix":[0.857818603515625,0,0,0.629425048828125,48300,3680]},{"name":"greenArrowBottom","type":0,"depth":132,"symbol":34,"clipDepth":0,"id":28,"matrix":[1,0,0,1,7380,5880]},{"name":"greenArrowUpper","type":0,"depth":134,"symbol":34,"clipDepth":0,"id":29,"matrix":[1,0,0,1,7386,3260]}]}]},{"type":5,"className":"com.darkness.tdp4.maps.view.MapBGS","baseClassName":null,"id":7,"frames":[{"objects":[{"name":null,"type":0,"depth":1,"symbol":6,"clipDepth":0,"id":0,"matrix":[1,0,0,1,0,0]}]}]},{"type":5,"id":34,"frames":[{"objects":[{"name":null,"type":0,"depth":1,"symbol":33,"clipDepth":0,"id":0,"matrix":[1,0,0,1,0,0]}]}]},{"type":5,"id":6,"frames":[{"objects":[{"type":0,"depth":0,"symbol":5,"clipDepth":0,"id":0,"visible":true,"matrix":[1,0,0,1,0,0]}]}]},{"type":5,"id":33,"frames":[{"objects":[{"type":0,"depth":0,"symbol":32,"clipDepth":0,"id":0,"visible":true,"matrix":[2.1502685546875,0,0,1.61251831054688,0,0]}]}]},{"path":"symbols/5.jpg","type":0,"id":5},{"path":"symbols/32.png","type":0,"id":32},{"type":5,"className":"com.darkness.tdp4.maps.view.MapTop","baseClassName":null,"id":4,"frames":[{}]},{"type":5,"id":31,"frames":[{"objects":[{"name":null,"type":0,"depth":1,"symbol":29,"clipDepth":0,"id":0,"matrix":[1,0,0,1,0,0]}]}]},{"type":5,"className":"com.darkness.tdp4.maps.view.MapBulletProofPolygonContainer","baseClassName":null,"id":3,"frames":[{"objects":[{"name":null,"type":0,"depth":1,"symbol":2,"clipDepth":0,"id":0,"matrix":[1.53068542480469,0,0,25.5375366210938,2328,3529]},{"name":null,"type":0,"depth":3,"symbol":2,"clipDepth":0,"id":1,"matrix":[177.767318725586,0,0,0.700302124023438,35927,-1459]},{"name":null,"type":0,"depth":5,"symbol":2,"clipDepth":0,"id":2,"matrix":[178.066696166992,-0.196548461914062,0.04681396484375,7.3568115234375,35997,8806]},{"name":null,"type":0,"depth":7,"symbol":2,"clipDepth":0,"id":3,"matrix":[1.69889831542969,0,0,5.66777038574219,21800,3978]},{"name":null,"type":0,"depth":9,"symbol":2,"clipDepth":0,"id":4,"matrix":[26.006103515625,0,0,6.09678649902344,18101,7180]},{"name":null,"type":0,"depth":11,"symbol":2,"clipDepth":0,"id":5,"matrix":[3.10504150390625,0,0,4.13107299804688,12377,7610]},{"name":null,"type":0,"depth":13,"symbol":2,"clipDepth":0,"id":6,"matrix":[1.3541259765625,0,0,10.2037048339844,28128,4854]},{"name":null,"type":0,"depth":15,"symbol":2,"clipDepth":0,"id":7,"matrix":[13.0567779541016,0,0,1.8575439453125,31010,5728]},{"name":null,"type":0,"depth":17,"symbol":2,"clipDepth":0,"id":8,"matrix":[2.55595397949219,1.47569274902344,-0.299530029296875,0.518814086914062,34072,5760]},{"name":null,"type":0,"depth":19,"symbol":2,"clipDepth":0,"id":9,"matrix":[2.0869140625,2.08694458007812,-0.423599243164062,0.423599243164062,41942,7045]},{"name":null,"type":0,"depth":21,"symbol":2,"clipDepth":0,"id":10,"matrix":[-2.08694458007812,2.0869140625,-0.423599243164062,-0.423599243164062,40460,7000]},{"name":null,"type":0,"depth":23,"symbol":2,"clipDepth":0,"id":11,"matrix":[2.12211608886719,1.52587890625e-05,0,0.59906005859375,41197,6640]},{"name":null,"type":0,"depth":25,"symbol":2,"clipDepth":0,"id":12,"matrix":[6.49212646484375,3.748291015625,-0.299530029296875,0.518798828125,59104,6712]},{"name":null,"type":0,"depth":27,"symbol":2,"clipDepth":0,"id":13,"matrix":[-7.53094482421875,3.67269897460938,-0.262542724609375,-0.538314819335938,54276,6692]},{"name":null,"type":0,"depth":29,"symbol":2,"clipDepth":0,"id":14,"matrix":[5.35923767089844,3.0517578125e-05,0,0.59906005859375,56788,5979]},{"name":null,"type":0,"depth":31,"symbol":2,"clipDepth":0,"id":15,"matrix":[-7.73802185058594,3.773681640625,-0.262542724609375,-0.538314819335938,64938,6670]},{"name":null,"type":0,"depth":33,"symbol":2,"clipDepth":0,"id":16,"matrix":[11.9899597167969,7.62939453125e-05,0,0.59906005859375,68816,5939]},{"name":null,"type":0,"depth":35,"symbol":2,"clipDepth":0,"id":17,"matrix":[1.53068542480469,0,0,25.5375366210938,71387,3509]},{"name":null,"type":0,"depth":37,"symbol":2,"clipDepth":0,"id":18,"matrix":[177.340591430664,0,0,2.06065368652344,35756,2408]},{"name":null,"type":0,"depth":39,"symbol":2,"clipDepth":0,"id":19,"matrix":[1.24868774414062,0,0,3.7972412109375,44190,4142]},{"name":null,"type":0,"depth":41,"symbol":2,"clipDepth":0,"id":20,"matrix":[1.24868774414062,0,0,2.58908081054688,48320,4020]},{"name":null,"type":0,"depth":43,"symbol":2,"clipDepth":0,"id":21,"matrix":[0.974655151367188,0,0,1.84585571289062,51905,3970]},{"name":null,"type":0,"depth":45,"symbol":2,"clipDepth":0,"id":22,"matrix":[2.08073425292969,1.52587890625e-05,1.52587890625e-05,0.599075317382812,34045,5980]},{"name":null,"type":0,"depth":47,"symbol":2,"clipDepth":0,"id":23,"matrix":[9.771728515625,5.02767944335938,-0.274032592773438,0.5325927734375,58663,3730]},{"name":null,"type":0,"depth":49,"symbol":2,"clipDepth":0,"id":24,"matrix":[-10.2203826904297,4.98428344726562,-0.262542724609375,-0.538314819335938,64443,3692]},{"name":null,"type":0,"depth":51,"symbol":2,"clipDepth":0,"id":25,"matrix":[4.83856201171875,0.0035858154296875,-0.00042724609375,0.598159790039062,61531,4834]},{"name":null,"type":0,"depth":53,"symbol":2,"clipDepth":0,"id":26,"matrix":[0.6387939453125,0,0,6.45391845703125,28492,4115]},{"name":null,"type":0,"depth":55,"symbol":2,"clipDepth":0,"id":27,"matrix":[12.5966491699219,0,0,45.8908843994141,61,4799]},{"name":null,"type":0,"depth":57,"symbol":2,"clipDepth":0,"id":28,"matrix":[192.240905761719,0,0,7.65789794921875,36107,-2835]},{"name":null,"type":0,"depth":59,"symbol":2,"clipDepth":0,"id":29,"matrix":[12.7680358886719,0,0,44.8025054931641,73761,4543]},{"name":null,"type":0,"depth":61,"symbol":2,"clipDepth":0,"id":30,"matrix":[196.562255859375,0,0,14.8533172607422,37072,10814]}]}]},{"type":5,"id":30,"frames":[{"objects":[{"name":null,"type":0,"depth":1,"symbol":29,"clipDepth":0,"id":0,"matrix":[3.32142639160156,0,0,0.59259033203125,0,0]}]}]},{"type":5,"id":2,"frames":[{"objects":[{"name":null,"type":0,"depth":1,"symbol":1,"clipDepth":0,"id":0,"matrix":[1,0,0,1,0,0]}]}]},{"type":4,"id":29,"commands":[3,5,1,13311,0,8,560,0,7,560,1080,7,0,1080,7,0,0,7,560,0,5]},{"type":4,"id":1,"commands":[3,5,1,10092288,0.498039215686275,8,200,-200,7,200,200,7,-200,200,7,-200,-200,7,200,-200,5]},{"type":5,"id":28,"frames":[{"objects":[{"name":null,"type":0,"depth":1,"symbol":20,"clipDepth":0,"id":0,"matrix":[1,0,0,1,19210,9830]},{"name":null,"type":0,"depth":3,"symbol":20,"clipDepth":0,"id":1,"matrix":[1,0,0,1,29350,2790]},{"name":null,"type":0,"depth":5,"symbol":20,"clipDepth":0,"id":2,"matrix":[1,0,0,1,13350,9830]},{"name":null,"type":0,"depth":7,"symbol":20,"clipDepth":0,"id":3,"matrix":[1,0,0,1,16510,9830]},{"name":null,"type":0,"depth":9,"symbol":20,"clipDepth":0,"id":4,"matrix":[1,0,0,1,27330,9830]},{"name":null,"type":0,"depth":11,"symbol":20,"clipDepth":0,"id":5,"matrix":[1,0,0,1,21790,9830]},{"name":null,"type":0,"depth":13,"symbol":20,"clipDepth":0,"id":6,"matrix":[1,0,0,1,9850,9830]},{"name":null,"type":0,"depth":15,"symbol":20,"clipDepth":0,"id":7,"matrix":[1,0,0,1,28150,9830]},{"name":null,"type":0,"depth":17,"symbol":20,"clipDepth":0,"id":8,"matrix":[1,0,0,1,21590,2970]},{"name":null,"type":0,"depth":19,"symbol":20,"clipDepth":0,"id":9,"matrix":[1,0,0,1,6550,9830]}]}]}],"frameRate":12}