{"root":0,"uuid":"ej6WwEXJHRWcmwSVDaYp","version":0.1,"symbols":[{"type":5,"frames":[{}]},{"type":5,"id":27,"frames":[{"objects":[{"name":null,"type":0,"depth":1,"symbol":21,"clipDepth":0,"id":0,"matrix":[1,0,0,1,370,16450]},{"name":null,"type":0,"depth":3,"symbol":21,"clipDepth":0,"id":1,"matrix":[1,0,0,1,15950,16710]},{"name":null,"type":0,"depth":5,"symbol":21,"clipDepth":0,"id":2,"matrix":[1,0,0,1,20970,16810]},{"name":null,"type":0,"depth":7,"symbol":21,"clipDepth":0,"id":3,"matrix":[1,0,0,1,30130,16230]},{"name":null,"type":0,"depth":9,"symbol":21,"clipDepth":0,"id":4,"matrix":[1,0,0,1,7270,16230]},{"name":null,"type":0,"depth":11,"symbol":21,"clipDepth":0,"id":5,"matrix":[1,0,0,1,25870,16710]},{"name":null,"type":0,"depth":13,"symbol":21,"clipDepth":0,"id":6,"matrix":[1,0,0,1,29010,16810]},{"name":null,"type":0,"depth":15,"symbol":21,"clipDepth":0,"id":7,"matrix":[1,0,0,1,9250,16810]},{"name":null,"type":0,"depth":17,"symbol":21,"clipDepth":0,"id":8,"matrix":[1,0,0,1,18210,16450]},{"name":null,"type":0,"depth":19,"symbol":21,"clipDepth":0,"id":9,"matrix":[1,0,0,1,28070,11610]},{"name":null,"type":0,"depth":21,"symbol":21,"clipDepth":0,"id":10,"matrix":[1,0,0,1,29470,11790]},{"name":null,"type":0,"depth":23,"symbol":21,"clipDepth":0,"id":11,"matrix":[1,0,0,1,30690,12550]},{"name":null,"type":0,"depth":25,"symbol":21,"clipDepth":0,"id":12,"matrix":[1,0,0,1,28870,12650]}]}]},{"type":5,"id":26,"frames":[{"objects":[{"name":null,"type":0,"depth":1,"symbol":21,"clipDepth":0,"id":0,"matrix":[0.77056884765625,0,0,0.77056884765625,4378,9719]},{"name":null,"type":0,"depth":3,"symbol":21,"clipDepth":0,"id":1,"matrix":[0.77056884765625,0,0,0.77056884765625,5238,3358]},{"name":null,"type":0,"depth":5,"symbol":21,"clipDepth":0,"id":2,"matrix":[0.77056884765625,0,0,0.77056884765625,27238,7638]},{"name":null,"type":0,"depth":7,"symbol":21,"clipDepth":0,"id":3,"matrix":[0.77056884765625,0,0,0.77056884765625,1738,6997]},{"name":null,"type":0,"depth":9,"symbol":21,"clipDepth":0,"id":4,"matrix":[0.77056884765625,0,0,0.77056884765625,24598,5738]},{"name":null,"type":0,"depth":11,"symbol":21,"clipDepth":0,"id":5,"matrix":[0.77056884765625,0,0,0.77056884765625,30078,8958]}]}]},{"type":5,"id":25,"frames":[{"objects":[{"name":null,"type":0,"depth":1,"symbol":21,"clipDepth":0,"id":0,"matrix":[1,0,0,1,5160,9480]},{"name":null,"type":0,"depth":3,"symbol":21,"clipDepth":0,"id":1,"matrix":[1,0,0,1,18020,5060]},{"name":null,"type":0,"depth":5,"symbol":21,"clipDepth":0,"id":2,"matrix":[1,0,0,1,21760,15020]},{"name":null,"type":0,"depth":7,"symbol":21,"clipDepth":0,"id":3,"matrix":[1,0,0,1,12200,9900]},{"name":null,"type":0,"depth":9,"symbol":21,"clipDepth":0,"id":4,"matrix":[1,0,0,1,18420,14060]},{"name":null,"type":0,"depth":11,"symbol":21,"clipDepth":0,"id":5,"matrix":[1,0,0,1,15880,15020]},{"name":null,"type":0,"depth":13,"symbol":21,"clipDepth":0,"id":6,"matrix":[1,0,0,1,24700,8800]},{"name":null,"type":0,"depth":15,"symbol":21,"clipDepth":0,"id":7,"matrix":[1,0,0,1,11420,15460]},{"name":null,"type":0,"depth":17,"symbol":21,"clipDepth":0,"id":8,"matrix":[1,0,0,1,20600,4280]},{"name":null,"type":0,"depth":19,"symbol":21,"clipDepth":0,"id":9,"matrix":[1,0,0,1,24040,5460]},{"name":null,"type":0,"depth":21,"symbol":21,"clipDepth":0,"id":10,"matrix":[1,0,0,1,30060,8240]},{"name":null,"type":0,"depth":23,"symbol":21,"clipDepth":0,"id":11,"matrix":[1,0,0,1,27120,7160]},{"name":null,"type":0,"depth":25,"symbol":21,"clipDepth":0,"id":12,"matrix":[1,0,0,1,25400,14520]},{"name":null,"type":0,"depth":27,"symbol":21,"clipDepth":0,"id":13,"matrix":[1,0,0,1,9350,14930]},{"name":null,"type":0,"depth":29,"symbol":21,"clipDepth":0,"id":14,"matrix":[1,0,0,1,13570,14850]},{"name":null,"type":0,"depth":31,"symbol":21,"clipDepth":0,"id":15,"matrix":[1,0,0,1,23320,15460]},{"name":null,"type":0,"depth":33,"symbol":21,"clipDepth":0,"id":16,"matrix":[1,0,0,1,7180,14720]},{"name":null,"type":0,"depth":35,"symbol":21,"clipDepth":0,"id":17,"matrix":[1,0,0,1,19650,10510]},{"name":null,"type":0,"depth":37,"symbol":21,"clipDepth":0,"id":18,"matrix":[1,0,0,1,14470,7790]}]}]},{"type":5,"id":24,"frames":[{"objects":[{"name":null,"type":0,"depth":1,"symbol":21,"clipDepth":0,"id":0,"matrix":[1,0,0,1,7940,14360]},{"name":null,"type":0,"depth":3,"symbol":21,"clipDepth":0,"id":1,"matrix":[1,0,0,1,12120,9880]},{"name":null,"type":0,"depth":5,"symbol":21,"clipDepth":0,"id":2,"matrix":[1,0,0,1,4700,10160]},{"name":null,"type":0,"depth":7,"symbol":21,"clipDepth":0,"id":3,"matrix":[1,0,0,1,10940,15660]},{"name":null,"type":0,"depth":9,"symbol":21,"clipDepth":0,"id":4,"matrix":[1,0,0,1,14400,15340]},{"name":null,"type":0,"depth":11,"symbol":21,"clipDepth":0,"id":5,"matrix":[1,0,0,1,25440,14800]},{"name":null,"type":0,"depth":13,"symbol":21,"clipDepth":0,"id":6,"matrix":[1,0,0,1,22180,15340]},{"name":null,"type":0,"depth":15,"symbol":21,"clipDepth":0,"id":7,"matrix":[1,0,0,1,24760,9020]},{"name":null,"type":0,"depth":17,"symbol":21,"clipDepth":0,"id":8,"matrix":[1,0,0,1,20560,12160]},{"name":null,"type":0,"depth":19,"symbol":21,"clipDepth":0,"id":9,"matrix":[1,0,0,1,14720,12160]}]}]},{"type":5,"id":23,"frames":[{"objects":[{"name":null,"type":0,"depth":1,"symbol":21,"clipDepth":0,"id":0,"matrix":[1,0,0,1,790,6650]},{"name":null,"type":0,"depth":3,"symbol":21,"clipDepth":0,"id":1,"matrix":[1,0,0,1,790,6650]},{"name":null,"type":0,"depth":5,"symbol":21,"clipDepth":0,"id":2,"matrix":[1,0,0,1,790,6650]},{"name":null,"type":0,"depth":7,"symbol":21,"clipDepth":0,"id":3,"matrix":[1,0,0,1,790,6650]},{"name":null,"type":0,"depth":9,"symbol":21,"clipDepth":0,"id":4,"matrix":[1,0,0,1,790,6650]},{"name":null,"type":0,"depth":11,"symbol":21,"clipDepth":0,"id":5,"matrix":[1,0,0,1,790,6650]},{"name":null,"type":0,"depth":13,"symbol":21,"clipDepth":0,"id":6,"matrix":[1,0,0,1,790,6650]},{"name":null,"type":0,"depth":15,"symbol":21,"clipDepth":0,"id":7,"matrix":[1,0,0,1,790,6650]},{"name":null,"type":0,"depth":17,"symbol":21,"clipDepth":0,"id":8,"matrix":[1,0,0,1,790,6650]},{"name":null,"type":0,"depth":19,"symbol":21,"clipDepth":0,"id":9,"matrix":[1,0,0,1,790,6650]},{"name":null,"type":0,"depth":21,"symbol":21,"clipDepth":0,"id":10,"matrix":[1,0,0,1,790,6650]},{"name":null,"type":0,"depth":23,"symbol":21,"clipDepth":0,"id":11,"matrix":[1,0,0,1,790,6650]},{"name":null,"type":0,"depth":25,"symbol":21,"clipDepth":0,"id":12,"matrix":[1,0,0,1,790,6650]},{"name":null,"type":0,"depth":27,"symbol":21,"clipDepth":0,"id":13,"matrix":[1,0,0,1,790,6650]},{"name":null,"type":0,"depth":29,"symbol":21,"clipDepth":0,"id":14,"matrix":[1,0,0,1,790,6650]},{"name":null,"type":0,"depth":31,"symbol":21,"clipDepth":0,"id":15,"matrix":[1,0,0,1,790,6650]},{"name":null,"type":0,"depth":33,"symbol":21,"clipDepth":0,"id":16,"matrix":[1,0,0,1,790,6650]},{"name":null,"type":0,"depth":35,"symbol":21,"clipDepth":0,"id":17,"matrix":[1,0,0,1,790,6650]},{"name":null,"type":0,"depth":37,"symbol":21,"clipDepth":0,"id":18,"matrix":[1,0,0,1,790,6650]},{"name":null,"type":0,"depth":39,"symbol":21,"clipDepth":0,"id":19,"matrix":[1,0,0,1,790,6650]}]}]},{"type":5,"id":22,"frames":[{"objects":[{"name":null,"type":0,"depth":1,"symbol":21,"clipDepth":0,"id":0,"matrix":[1,0,0,1,21490,4230]},{"name":null,"type":0,"depth":3,"symbol":21,"clipDepth":0,"id":1,"matrix":[1,0,0,1,23630,15690]},{"name":null,"type":0,"depth":5,"symbol":21,"clipDepth":0,"id":2,"matrix":[1,0,0,1,25630,14650]},{"name":null,"type":0,"depth":7,"symbol":21,"clipDepth":0,"id":3,"matrix":[1,0,0,1,14510,12110]},{"name":null,"type":0,"depth":9,"symbol":21,"clipDepth":0,"id":4,"matrix":[1,0,0,1,30930,9250]},{"name":null,"type":0,"depth":11,"symbol":21,"clipDepth":0,"id":5,"matrix":[1,0,0,1,3430,9430]},{"name":null,"type":0,"depth":13,"symbol":21,"clipDepth":0,"id":6,"matrix":[1,0,0,1,25190,9090]},{"name":null,"type":0,"depth":15,"symbol":21,"clipDepth":0,"id":7,"matrix":[1,0,0,1,5010,15010]},{"name":null,"type":0,"depth":17,"symbol":21,"clipDepth":0,"id":8,"matrix":[1,0,0,1,1250,6810]},{"name":null,"type":0,"depth":19,"symbol":21,"clipDepth":0,"id":9,"matrix":[1,0,0,1,18210,14430]},{"name":null,"type":0,"depth":21,"symbol":21,"clipDepth":0,"id":10,"matrix":[1,0,0,1,6270,6490]},{"name":null,"type":0,"depth":23,"symbol":21,"clipDepth":0,"id":11,"matrix":[1,0,0,1,28570,7950]},{"name":null,"type":0,"depth":25,"symbol":21,"clipDepth":0,"id":12,"matrix":[1,0,0,1,7830,9430]},{"name":null,"type":0,"depth":27,"symbol":21,"clipDepth":0,"id":13,"matrix":[1,0,0,1,7430,2910]},{"name":null,"type":0,"depth":29,"symbol":21,"clipDepth":0,"id":14,"matrix":[1,0,0,1,24630,5110]},{"name":null,"type":0,"depth":31,"symbol":21,"clipDepth":0,"id":15,"matrix":[1,0,0,1,10370,15590]},{"name":null,"type":0,"depth":33,"symbol":21,"clipDepth":0,"id":16,"matrix":[1,0,0,1,11670,6810]},{"name":null,"type":0,"depth":35,"symbol":21,"clipDepth":0,"id":17,"matrix":[1,0,0,1,18410,5350]},{"name":null,"type":0,"depth":37,"symbol":21,"clipDepth":0,"id":18,"matrix":[1,0,0,1,20870,11890]},{"name":null,"type":0,"depth":39,"symbol":21,"clipDepth":0,"id":19,"matrix":[1,0,0,1,12150,9870]}]}]},{"type":5,"id":21,"frames":[{}]},{"type":5,"id":20,"frames":[{"objects":[{"type":0,"depth":0,"symbol":19,"clipDepth":0,"id":0,"visible":true,"matrix":[1,0,0,1,0,0]}]}]},{"path":"symbols/19.jpg","type":0,"id":19,"alpha":"symbols/19a.png"},{"type":5,"className":"com.darkness.tdp4.maps.view.MapGFX","baseClassName":null,"id":18,"frames":[{"objects":[{"name":null,"type":0,"depth":1,"symbol":17,"clipDepth":0,"id":0,"matrix":[1,0,0,1,0,0]}]}]},{"type":5,"id":17,"frames":[{"objects":[{"type":0,"depth":0,"symbol":16,"clipDepth":0,"id":0,"visible":true,"matrix":[1,0,0,1,0,0]}]}]},{"path":"symbols/16.jpg","type":0,"id":16,"alpha":"symbols/16a.png"},{"type":5,"className":"com.darkness.tdp4.maps.view.MapPolygonContainer","baseClassName":null,"id":15,"frames":[{"objects":[{"name":null,"type":0,"depth":1,"symbol":4,"clipDepth":0,"id":0,"matrix":[0.701507568359375,0,0,41.2039489746094,140,8235]},{"name":null,"type":0,"depth":3,"symbol":4,"clipDepth":0,"id":1,"matrix":[79.63623046875,0,0,1.34226989746094,15879,16711]},{"name":null,"type":0,"depth":5,"symbol":4,"clipDepth":0,"id":2,"matrix":[79.4266052246094,0,0,0.350006103515625,15978,50]},{"name":null,"type":0,"depth":7,"symbol":4,"clipDepth":0,"id":3,"matrix":[0.578384399414062,0,0,41.7196960449219,31705,8404]},{"name":null,"type":0,"depth":9,"symbol":4,"clipDepth":0,"id":4,"matrix":[21.8990631103516,0.00982666015625,-0.00030517578125,0.701095581054688,27489,10010]},{"name":null,"type":0,"depth":11,"symbol":4,"clipDepth":0,"id":5,"matrix":[6.33990478515625,0.053680419921875,-0.00823974609375,0.970611572265625,20854,13191]},{"name":null,"type":0,"depth":13,"symbol":4,"clipDepth":0,"id":6,"matrix":[2.76629638671875,0.0012359619140625,-0.0012359619140625,2.85177612304688,19311,15990]},{"name":null,"type":0,"depth":15,"symbol":4,"clipDepth":0,"id":7,"matrix":[2.93888854980469,0.001312255859375,-0.0012054443359375,2.79751586914062,25489,15938]},{"name":null,"type":0,"depth":17,"symbol":4,"clipDepth":0,"id":8,"matrix":[7.39608764648438,0.0626373291015625,-0.0101776123046875,1.198974609375,14338,13237]},{"name":null,"type":0,"depth":19,"symbol":4,"clipDepth":0,"id":9,"matrix":[2.72003173828125,0.001220703125,-0.0009765625,2.25436401367188,7797,15731]},{"name":null,"type":0,"depth":21,"symbol":4,"clipDepth":0,"id":10,"matrix":[3.41476440429688,0.493988037109375,-0.322723388671875,2.23114013671875,6597,15797]},{"name":null,"type":0,"depth":23,"symbol":4,"clipDepth":0,"id":11,"matrix":[32.6154937744141,0.0146331787109375,-0.00042724609375,0.994949340820312,6771,10981]},{"name":null,"type":0,"depth":25,"symbol":4,"clipDepth":0,"id":12,"matrix":[2.72003173828125,0.001220703125,-0.001617431640625,3.72660827636719,2537,10425]},{"name":null,"type":0,"depth":27,"symbol":4,"clipDepth":0,"id":13,"matrix":[19.0097808837891,0.0085296630859375,-0.00030517578125,0.701095581054688,6993,7719]},{"name":null,"type":0,"depth":29,"symbol":4,"clipDepth":0,"id":14,"matrix":[13.4043579101562,-0.105484008789062,0.005523681640625,0.7010498046875,7485,4276]},{"name":null,"type":0,"depth":31,"symbol":4,"clipDepth":0,"id":15,"matrix":[10.4340209960938,-3.5054931640625,0.305206298828125,0.908477783203125,10087,11704]},{"name":null,"type":0,"depth":33,"symbol":4,"clipDepth":0,"id":16,"matrix":[4.74539184570312,0.00213623046875,-0.003173828125,7.30020141601562,1129,9244]},{"name":null,"type":0,"depth":35,"symbol":4,"clipDepth":0,"id":17,"matrix":[12.4028015136719,0.63623046875,-0.0474700927734375,0.9249267578125,23328,16631]},{"name":null,"type":0,"depth":37,"symbol":4,"clipDepth":0,"id":18,"matrix":[6.39561462402344,1.11643981933594,-0.1593017578125,0.912353515625,17324,16362]},{"name":null,"type":0,"depth":39,"symbol":4,"clipDepth":0,"id":19,"matrix":[6.45611572265625,-0.684341430664062,0.0975799560546875,0.920989990234375,19709,16620]},{"name":null,"type":0,"depth":41,"symbol":4,"clipDepth":0,"id":20,"matrix":[2.90228271484375,-1.48222351074219,0.421188354492188,0.824844360351562,15609,16406]},{"name":null,"type":0,"depth":43,"symbol":4,"clipDepth":0,"id":21,"matrix":[7.46551513671875,-0.497756958007812,0.108078002929688,1.62225341796875,6760,16136]},{"name":null,"type":0,"depth":45,"symbol":4,"clipDepth":0,"id":22,"matrix":[6.22149658203125,1.5341796875,-0.2218017578125,0.899215698242188,9207,16294]},{"name":null,"type":0,"depth":47,"symbol":4,"clipDepth":0,"id":23,"matrix":[6.2947998046875,-1.323486328125,0.209762573242188,0.998016357421875,4064,16365]},{"name":null,"type":0,"depth":49,"symbol":4,"clipDepth":0,"id":24,"matrix":[4.50796508789062,3.65513610839844,-0.527420043945312,0.650421142578125,25005,10823]},{"name":null,"type":0,"depth":51,"symbol":4,"clipDepth":0,"id":25,"matrix":[7.25466918945312,6.72296142578125,-0.979598999023438,1.0570068359375,27179,12648]},{"name":null,"type":0,"depth":53,"symbol":4,"clipDepth":0,"id":26,"matrix":[2.97653198242188,7.25999450683594,-1.33343505859375,0.546676635742188,28960,15000]},{"name":null,"type":0,"depth":55,"symbol":4,"clipDepth":0,"id":27,"matrix":[7.5594482421875,-3.25320434570312,0.648941040039062,1.50799560546875,4322,13149]},{"name":null,"type":0,"depth":57,"symbol":4,"clipDepth":0,"id":28,"matrix":[4.12669372558594,-7.07855224609375,1.45120239257812,0.846054077148438,2291,15068]},{"name":null,"type":0,"depth":59,"symbol":4,"clipDepth":0,"id":29,"matrix":[6.44041442871094,-0.856704711914062,0.2164306640625,1.62736511230469,6853,12456]},{"name":null,"type":0,"depth":61,"symbol":4,"clipDepth":0,"id":30,"matrix":[2.91094970703125,0.001953125,-0.0005340576171875,0.761276245117188,19140,5805]},{"name":null,"type":0,"depth":63,"symbol":4,"clipDepth":0,"id":31,"matrix":[3.40618896484375,-2.151611328125,0.511810302734375,0.810272216796875,17967,6236]},{"name":null,"type":0,"depth":65,"symbol":4,"clipDepth":0,"id":32,"matrix":[4.41004943847656,-2.98805236816406,0.537567138671875,0.79339599609375,16410,7268]},{"name":null,"type":0,"depth":67,"symbol":4,"clipDepth":0,"id":33,"matrix":[-2.79240417480469,3.30181884765625,-2.56419372558594,-2.16867065429688,21740,7052]},{"name":null,"type":0,"depth":69,"symbol":4,"clipDepth":0,"id":34,"matrix":[6.88818359375,0.382919311523438,-0.0464935302734375,0.836074829101562,23824,6768]},{"name":null,"type":0,"depth":71,"symbol":4,"clipDepth":0,"id":35,"matrix":[1.187744140625,-0.30267333984375,0.29608154296875,1.161865234375,22222,12461]},{"name":null,"type":0,"depth":73,"symbol":4,"clipDepth":0,"id":36,"matrix":[1.12113952636719,-1.9599609375,1.48471069335938,0.84930419921875,21992,12825]},{"name":null,"type":0,"depth":75,"symbol":4,"clipDepth":0,"id":37,"matrix":[3.41734313964844,0.0015106201171875,-0.0012359619140625,2.85177612304688,18105,15720]},{"name":null,"type":0,"depth":77,"symbol":4,"clipDepth":0,"id":38,"matrix":[2.98808288574219,0.001312255859375,-0.001617431640625,3.72154235839844,27219,9213]},{"name":null,"type":0,"depth":79,"symbol":4,"clipDepth":0,"id":39,"matrix":[-0.0018310546875,2.7183837890625,-0.761276245117188,-0.0005340576171875,22318,6284]},{"name":null,"type":0,"depth":81,"symbol":4,"clipDepth":0,"id":40,"matrix":[7.30697631835938,0.0618896484375,-0.0064697265625,0.761245727539062,20975,5817]},{"name":null,"type":0,"depth":83,"symbol":4,"clipDepth":0,"id":41,"matrix":[3.90267944335938,-3.56781005859375,0.473037719726562,0.517425537109375,4126,4922]},{"name":null,"type":0,"depth":85,"symbol":4,"clipDepth":0,"id":42,"matrix":[13.7879333496094,-0.048065185546875,0.00244140625,0.7010498046875,6344,5724]},{"name":null,"type":0,"depth":87,"symbol":4,"clipDepth":0,"id":43,"matrix":[3.01835632324219,-4.06494140625,0.5628662109375,0.417938232421875,9615,4954]},{"name":null,"type":0,"depth":89,"symbol":4,"clipDepth":0,"id":44,"matrix":[1.06764221191406,-1.41375732421875,0.7647705078125,0.57757568359375,15362,8107]},{"name":null,"type":0,"depth":91,"symbol":4,"clipDepth":0,"id":45,"matrix":[17.151611328125,0.0076904296875,-0.0003662109375,0.830398559570312,6472,10673]},{"name":null,"type":0,"depth":93,"symbol":4,"clipDepth":0,"id":46,"matrix":[4.885498046875,0.726272583007812,-0.094970703125,0.638961791992188,10860,10769]},{"name":null,"type":0,"depth":95,"symbol":4,"clipDepth":0,"id":47,"matrix":[4.74539184570312,0.00213623046875,-0.0041351318359375,9.51957702636719,1240,13078]},{"name":null,"type":0,"depth":97,"symbol":4,"clipDepth":0,"id":48,"matrix":[19.8713073730469,0.008941650390625,-0.000885009765625,2.04637145996094,6117,11368]},{"name":null,"type":0,"depth":99,"symbol":4,"clipDepth":0,"id":49,"matrix":[15.1043395996094,0.006805419921875,-0.000885009765625,2.04405212402344,5246,11948]},{"name":null,"type":0,"depth":101,"symbol":4,"clipDepth":0,"id":50,"matrix":[8.268798828125,0.00372314453125,-0.000762939453125,1.7520751953125,3778,12530]},{"name":null,"type":0,"depth":103,"symbol":4,"clipDepth":0,"id":51,"matrix":[2.12875366210938,0.0009613037109375,-0.0018463134765625,4.2418212890625,2445,13351]},{"name":null,"type":0,"depth":105,"symbol":4,"clipDepth":0,"id":52,"matrix":[2.97772216796875,0.0013427734375,-0.0024566650390625,5.64935302734375,871,15520]},{"name":null,"type":0,"depth":107,"symbol":4,"clipDepth":0,"id":53,"matrix":[7.40802001953125,0.0033416748046875,-0.004302978515625,9.90476989746094,30109,12138]},{"name":null,"type":0,"depth":109,"symbol":4,"clipDepth":0,"id":54,"matrix":[5.4334716796875,0.00244140625,-0.003173828125,7.30020141601562,30502,14980]},{"name":null,"type":0,"depth":111,"symbol":4,"clipDepth":0,"id":55,"matrix":[3.82464599609375,0.0017242431640625,-0.002777099609375,6.4013671875,28105,11345]},{"name":null,"type":0,"depth":113,"symbol":4,"clipDepth":0,"id":56,"matrix":[4.74539184570312,0.00213623046875,-0.001312255859375,3.02641296386719,26540,10680]},{"name":null,"type":0,"depth":115,"symbol":4,"clipDepth":0,"id":57,"matrix":[1.38296508789062,-1.734619140625,8.65316772460938,6.89871215820312,26909,11689]},{"name":null,"type":0,"depth":117,"symbol":4,"clipDepth":0,"id":58,"matrix":[10.6232299804688,0.0047760009765625,-0.001373291015625,3.1732177734375,6788,5020]},{"name":null,"type":0,"depth":119,"symbol":4,"clipDepth":0,"id":59,"matrix":[7.87657165527344,0,0,50.3945922851562,-1255,8552]},{"name":null,"type":0,"depth":121,"symbol":4,"clipDepth":0,"id":60,"matrix":[92.4754333496094,0,0,4.0234375,15589,-726]},{"name":null,"type":0,"depth":123,"symbol":4,"clipDepth":0,"id":61,"matrix":[7.87657165527344,0,0,50.3945922851562,33378,8540]},{"name":null,"type":0,"depth":125,"symbol":4,"clipDepth":0,"id":62,"matrix":[94.53369140625,0,0,8.08331298828125,16144,18274]},{"name":null,"type":0,"depth":127,"symbol":4,"clipDepth":0,"id":63,"matrix":[0.428024291992188,-0.58782958984375,0.27557373046875,0.200653076171875,10740,7700]},{"name":null,"type":0,"depth":129,"symbol":4,"clipDepth":0,"id":64,"matrix":[0.428024291992188,-0.58782958984375,0.27557373046875,0.200653076171875,2020,7900]},{"name":null,"type":0,"depth":131,"symbol":4,"clipDepth":0,"id":65,"matrix":[0.428024291992188,-0.58782958984375,0.27557373046875,0.200653076171875,3040,9800]},{"name":null,"type":0,"depth":133,"symbol":4,"clipDepth":0,"id":66,"matrix":[0.428024291992188,-0.58782958984375,0.27557373046875,0.200653076171875,13240,10900]},{"name":null,"type":0,"depth":135,"symbol":4,"clipDepth":0,"id":67,"matrix":[0.428024291992188,-0.58782958984375,0.27557373046875,0.200653076171875,8265,15388]},{"name":null,"type":0,"depth":137,"symbol":4,"clipDepth":0,"id":68,"matrix":[0.428024291992188,-0.58782958984375,0.27557373046875,0.200653076171875,15745,13108]},{"name":null,"type":0,"depth":139,"symbol":4,"clipDepth":0,"id":69,"matrix":[0.428024291992188,-0.58782958984375,0.27557373046875,0.200653076171875,18720,15260]},{"name":null,"type":0,"depth":141,"symbol":4,"clipDepth":0,"id":70,"matrix":[0.428024291992188,-0.58782958984375,0.27557373046875,0.200653076171875,19800,15520]},{"name":null,"type":0,"depth":143,"symbol":4,"clipDepth":0,"id":71,"matrix":[0.428024291992188,-0.58782958984375,0.27557373046875,0.200653076171875,26025,15508]},{"name":null,"type":0,"depth":145,"symbol":4,"clipDepth":0,"id":72,"matrix":[0.428024291992188,-0.58782958984375,0.27557373046875,0.200653076171875,22380,12280]},{"name":null,"type":0,"depth":147,"symbol":4,"clipDepth":0,"id":73,"matrix":[0.428024291992188,-0.58782958984375,0.27557373046875,0.200653076171875,27770,8588]},{"name":null,"type":0,"depth":149,"symbol":4,"clipDepth":0,"id":74,"matrix":[0.428024291992188,-0.58782958984375,0.27557373046875,0.200653076171875,22400,5800]},{"name":null,"type":0,"depth":151,"symbol":4,"clipDepth":0,"id":75,"matrix":[-0.428024291992188,-0.58782958984375,-0.27557373046875,0.200653076171875,3260,7680]},{"name":null,"type":0,"depth":153,"symbol":4,"clipDepth":0,"id":76,"matrix":[-0.487106323242188,-0.53985595703125,-0.253082275390625,0.22833251953125,15126,8343]},{"name":null,"type":0,"depth":155,"symbol":4,"clipDepth":0,"id":77,"matrix":[-0.428024291992188,-0.58782958984375,-0.27557373046875,0.200653076171875,18600,5780]},{"name":null,"type":0,"depth":157,"symbol":4,"clipDepth":0,"id":78,"matrix":[-0.428024291992188,-0.58782958984375,-0.27557373046875,0.200653076171875,23180,9960]},{"name":null,"type":0,"depth":159,"symbol":4,"clipDepth":0,"id":79,"matrix":[0.428024291992188,-0.58782958984375,0.27557373046875,0.200653076171875,25140,6780]},{"name":null,"type":0,"depth":161,"symbol":4,"clipDepth":0,"id":80,"matrix":[-0.428024291992188,-0.58782958984375,-0.27557373046875,0.200653076171875,26700,8560]},{"name":null,"type":0,"depth":163,"symbol":4,"clipDepth":0,"id":81,"matrix":[-0.428024291992188,-0.58782958984375,-0.27557373046875,0.200653076171875,19660,13100]},{"name":null,"type":0,"depth":165,"symbol":4,"clipDepth":0,"id":82,"matrix":[-0.428024291992188,-0.58782958984375,-0.27557373046875,0.200653076171875,24940,15518]},{"name":null,"type":0,"depth":167,"symbol":4,"clipDepth":0,"id":83,"matrix":[-0.428024291992188,-0.58782958984375,-0.27557373046875,0.200653076171875,17460,15260]},{"name":null,"type":0,"depth":169,"symbol":4,"clipDepth":0,"id":84,"matrix":[-0.428024291992188,-0.58782958984375,-0.27557373046875,0.200653076171875,12940,13100]},{"name":null,"type":0,"depth":171,"symbol":4,"clipDepth":0,"id":85,"matrix":[-0.428024291992188,-0.58782958984375,-0.27557373046875,0.200653076171875,7320,15380]},{"name":null,"type":0,"depth":173,"symbol":4,"clipDepth":0,"id":86,"matrix":[-0.428024291992188,-0.58782958984375,-0.27557373046875,0.200653076171875,6060,15360]},{"name":null,"type":0,"depth":175,"symbol":4,"clipDepth":0,"id":87,"matrix":[-0.428024291992188,-0.58782958984375,-0.27557373046875,0.200653076171875,22000,12400]},{"name":null,"type":0,"depth":177,"symbol":4,"clipDepth":0,"id":88,"matrix":[0.17694091796875,2.6094970703125,-0.678695678710938,0.045989990234375,26042,15962]},{"name":null,"type":0,"depth":179,"symbol":4,"clipDepth":0,"id":89,"matrix":[-0.105712890625,2.5230712890625,0.679656982421875,0.0284423828125,24925,15960]},{"name":null,"type":0,"depth":181,"symbol":4,"clipDepth":0,"id":90,"matrix":[0.17694091796875,2.6094970703125,-0.678695678710938,0.045989990234375,19821,15963]},{"name":null,"type":0,"depth":183,"symbol":4,"clipDepth":0,"id":91,"matrix":[0.17694091796875,2.6094970703125,-0.678695678710938,0.045989990234375,8280,15860]},{"name":null,"type":0,"depth":185,"symbol":4,"clipDepth":0,"id":92,"matrix":[0.236495971679688,3.48793029785156,-0.678695678710938,0.045989990234375,27788,9203]},{"name":null,"type":0,"depth":187,"symbol":4,"clipDepth":0,"id":93,"matrix":[0.17694091796875,2.6094970703125,-0.678695678710938,0.045989990234375,22400,6240]},{"name":null,"type":0,"depth":189,"symbol":4,"clipDepth":0,"id":94,"matrix":[0.17694091796875,2.6094970703125,-0.678695678710938,0.045989990234375,3040,10283]},{"name":null,"type":0,"depth":191,"symbol":4,"clipDepth":0,"id":95,"matrix":[0.344970703125,5.08786010742188,-0.678695678710938,0.045989990234375,2060,8860]},{"name":null,"type":0,"depth":193,"symbol":4,"clipDepth":0,"id":96,"matrix":[-0.17694091796875,2.6094970703125,0.678695678710938,0.045989990234375,6039,15803]},{"name":null,"type":0,"depth":195,"symbol":4,"clipDepth":0,"id":97,"matrix":[-0.17694091796875,2.6094970703125,0.678695678710938,0.045989990234375,17440,15700]},{"name":null,"type":0,"depth":197,"symbol":4,"clipDepth":0,"id":98,"matrix":[-0.252410888671875,3.72262573242188,0.678695678710938,0.045989990234375,26659,9243]},{"name":null,"type":0,"depth":199,"symbol":4,"clipDepth":0,"id":99,"matrix":[-0.0507659912109375,-1.10289001464844,-0.289962768554688,0.013397216796875,22468,12431]}]}]},{"type":5,"className":"com.darkness.tdp4.maps.view.MapGFXBack","baseClassName":null,"id":14,"frames":[{"objects":[{"name":null,"type":0,"depth":1,"symbol":13,"clipDepth":0,"id":0,"matrix":[1,0,0,1,0,0]}]}]},{"type":4,"id":13,"commands":[3,5,1,255,0.698039215686274,8,31912,140,7,31864,140,7,31854,16858,7,0,16858,7,47,9,7,31912,0,7,31912,140,8,27927,9890,7,31631,9892,7,31631,140,7,327,140,7,327,7837,7,2117,7837,7,2116,9685,7,3131,9685,7,3140,10500,7,10960,10500,7,12180,10700,7,13350,10714,7,13350,11112,7,12532,11112,7,8230,12558,7,5660,12951,7,3404,13923,7,2006,16323,7,3323,16323,7,3322,16321,7,5333,15923,7,5939,15883,7,6029,15265,7,7303,15450,7,7303,15299,7,8391,15299,7,8391,15908,7,10071,16323,7,15440,16320,7,16120,15969,7,16120,15965,7,17421,16192,7,17421,15160,7,18833,15160,7,18833,15440,7,19920,15440,7,19920,16322,7,24859,16322,7,24859,15361,7,26195,15361,7,26195,16322,7,29233,16322,7,28295,14033,7,24040,10229,7,23147,10168,7,23147,9888,7,26647,9890,7,26647,8486,7,27927,8486,7,27927,9890,8,22519,6527,7,25254,6680,7,25236,7014,7,22828,6880,7,21742,8164,7,20716,7296,7,21500,6400,7,19160,6560,7,16493,7670,7,16137,7818,7,15840,7941,7,15840,8014,7,15651,8093,7,15651,8154,7,15528,8205,7,15389,8263,7,15389,8310,7,15380,8314,7,15056,8314,7,14980,8140,7,15000,8120,7,15022,8085,7,15040,8080,7,15080,8040,7,15080,8020,7,15160,7980,7,15180,7940,7,15240,7900,7,15258,7840,7,15337,7788,7,15517,7670,7,15516,7669,7,16137,7262,7,16493,7029,7,18586,5658,7,22489,5690,7,22519,6527,8,15864,13503,7,12906,13477,7,12910,12997,7,15868,13023,7,15864,13503,8,22603,12636,7,22610,12640,7,22173,13405,7,22173,13415,7,19637,13393,7,19641,13005,7,21546,13022,7,21972,12276,7,22485,12173,7,22603,12636,8,10840,7880,7,3244,7868,7,3244,7588,7,10840,7600,7,10840,7880,8,10340,4120,7,9245,5580,7,3320,5600,7,4833,4173,7,10340,4120,5]},{"type":5,"className":"com.darkness.tdp4.maps.view.MapTestPolygonContainer","baseClassName":null,"id":12,"frames":[{"objects":[{"name":null,"type":0,"depth":1,"symbol":4,"clipDepth":0,"id":0,"matrix":[-0.0868988037109375,-0.0004730224609375,0.054840087890625,-9.924560546875,27192,10603]},{"name":null,"type":0,"depth":3,"symbol":4,"clipDepth":0,"id":1,"matrix":[-6.103515625e-05,0.0868988037109375,-32.1801452636719,-0.0231781005859375,6651,10912]},{"name":null,"type":0,"depth":5,"symbol":4,"clipDepth":0,"id":2,"matrix":[-6.103515625e-05,0.0868988037109375,-20.4264526367188,-0.0147247314453125,27521,10038]},{"name":null,"type":0,"depth":7,"symbol":4,"clipDepth":0,"id":3,"matrix":[-6.103515625e-05,0.0868988037109375,-13.06005859375,-0.0094146728515625,6572,5101]},{"name":null,"type":0,"depth":9,"symbol":4,"clipDepth":0,"id":4,"matrix":[-0.0868988037109375,-0.0004730224609375,0.0148468017578125,-2.68345642089844,8600,4862]},{"name":null,"type":0,"depth":11,"symbol":4,"clipDepth":0,"id":5,"matrix":[-0.0868988037109375,-0.0004730224609375,0.015106201171875,-2.73342895507812,17780,15872]},{"name":null,"type":0,"depth":13,"symbol":4,"clipDepth":0,"id":6,"matrix":[-0.0868988037109375,-0.0004730224609375,0.0248870849609375,-4.50608825683594,21864,6740]},{"name":null,"type":0,"depth":15,"symbol":4,"clipDepth":0,"id":7,"matrix":[-6.103515625e-05,0.0868988037109375,-18.2256011962891,-0.0131378173828125,7005,7761]},{"name":null,"type":0,"depth":17,"symbol":4,"clipDepth":0,"id":8,"matrix":[-6.103515625e-05,0.0868988037109375,-6.34709167480469,-0.00457763671875,14351,13278]},{"name":null,"type":0,"depth":19,"symbol":4,"clipDepth":0,"id":9,"matrix":[-6.103515625e-05,0.0868988037109375,-6.34709167480469,-0.00457763671875,20980,13140]},{"name":null,"type":0,"depth":21,"symbol":4,"clipDepth":0,"id":10,"matrix":[-0.0868988037109375,-0.0004730224609375,0.0106964111328125,-1.93585205078125,22120,12771]},{"name":null,"type":0,"depth":23,"symbol":4,"clipDepth":0,"id":11,"matrix":[-0.0868988037109375,-0.0004730224609375,0.0189666748046875,-3.43350219726562,25518,16113]},{"name":null,"type":0,"depth":25,"symbol":4,"clipDepth":0,"id":12,"matrix":[-6.103515625e-05,0.0868988037109375,-11.1507720947266,-0.0080413818359375,20123,6259]},{"name":null,"type":0,"depth":27,"symbol":4,"clipDepth":0,"id":13,"matrix":[-0.0868988037109375,-0.0004730224609375,0.0173187255859375,-3.13458251953125,7640,16054]},{"name":null,"type":0,"depth":29,"symbol":4,"clipDepth":0,"id":14,"matrix":[-0.0868988037109375,-0.0004730224609375,0.0569915771484375,-10.2998962402344,1631,10160]},{"name":null,"type":0,"depth":31,"symbol":4,"clipDepth":0,"id":15,"matrix":[-6.103515625e-05,0.0868988037109375,-6.34709167480469,-0.00457763671875,23520,6760]}]}]},{"type":5,"className":"com.darkness.tdp4.maps.view.MapBGS","baseClassName":null,"id":11,"frames":[{"objects":[{"name":null,"type":0,"depth":1,"symbol":10,"clipDepth":0,"id":0,"matrix":[1,0,0,1,0,0]}]}]},{"type":5,"id":10,"frames":[{"objects":[{"type":0,"depth":0,"symbol":9,"clipDepth":0,"id":0,"visible":true,"matrix":[1,0,0,1,0,0]}]}]},{"type":5,"className":"com.darkness.tdp4.maps.view.GameMap","baseClassName":null,"id":37,"frames":[{"objects":[{"name":null,"type":0,"depth":1,"symbol":36,"clipDepth":0,"id":0,"matrix":[1,0,0,1,-5500,-4000]},{"name":null,"type":0,"depth":214,"symbol":18,"clipDepth":0,"id":1,"matrix":[1,0,0,1,-5500,-4000]},{"name":null,"type":0,"depth":216,"symbol":15,"clipDepth":0,"id":2,"matrix":[1,0,0,1,-5500,-4000]},{"name":null,"type":0,"depth":416,"symbol":14,"clipDepth":0,"id":3,"visible":false,"matrix":[1,0,0,1,-5500,-4000]},{"name":null,"type":0,"depth":418,"symbol":12,"clipDepth":0,"id":4,"visible":false,"matrix":[1,0,0,1,-5500,-4000]}]}]},{"path":"symbols/9.jpg","type":0,"id":9},{"type":5,"className":"com.darkness.tdp4.maps.view.Map","baseClassName":null,"id":36,"frames":[{"objects":[{"name":null,"type":0,"depth":1,"symbol":20,"clipDepth":0,"id":0,"matrix":[1,0,0,1,0,0]},{"name":"respawnCon","type":0,"depth":2,"symbol":22,"clipDepth":0,"id":1,"matrix":[1,0,0,1,-40,0]},{"name":"singlePlayerRespawnCon","type":0,"depth":42,"symbol":23,"clipDepth":0,"id":2,"matrix":[1,0,0,1,0,0]},{"name":"turretRespawn","type":0,"depth":82,"symbol":24,"clipDepth":0,"id":3,"matrix":[1,0,0,1,0,0]},{"name":"botRespawn","type":0,"depth":102,"symbol":25,"clipDepth":0,"id":4,"matrix":[1,0,0,1,0,0]},{"name":"dominationRespawn","type":0,"depth":140,"symbol":26,"clipDepth":0,"id":5,"matrix":[1,0,0,1,0,0]},{"name":"controllPointsCon","type":0,"depth":152,"symbol":27,"clipDepth":0,"id":6,"matrix":[1,0,0,1,0,0]},{"name":"waypoint_0","type":0,"depth":178,"symbol":29,"clipDepth":0,"id":7,"matrix":[0.58050537109375,0,0,2.5625,23740,10140]},{"name":"waypoint_1","type":0,"depth":180,"symbol":29,"clipDepth":0,"id":8,"matrix":[0.58050537109375,0,0,2.5625,27240,12360]},{"name":"waypoint_2","type":0,"depth":182,"symbol":29,"clipDepth":0,"id":9,"matrix":[0.58050537109375,0,0,2.5625,1195,7913]},{"name":"waypoint_3","type":0,"depth":184,"symbol":29,"clipDepth":0,"id":10,"matrix":[0.58050537109375,0,0,2.5625,3674,13100]},{"name":"waypoint_4","type":0,"depth":186,"symbol":29,"clipDepth":0,"id":11,"matrix":[0.58050537109375,0,0,2.5625,14614,11740]},{"name":"waypoint_5","type":0,"depth":188,"symbol":29,"clipDepth":0,"id":12,"matrix":[0.58050537109375,0,0,2.5625,21614,13380]},{"name":"waypoint_6","type":0,"depth":190,"symbol":29,"clipDepth":0,"id":13,"matrix":[0.58050537109375,0,0,2.5625,28394,11780]},{"name":"itemCon","type":0,"depth":192,"symbol":30,"clipDepth":0,"id":14,"matrix":[1,0,0,1,0,0]},{"name":"flagBaseCon","type":0,"depth":212,"symbol":35,"clipDepth":0,"id":15,"matrix":[1,0,0,1,0,0]}]}]},{"type":5,"className":"com.darkness.tdp4.maps.view.MapTop","baseClassName":null,"id":8,"frames":[{"objects":[{"name":null,"type":0,"depth":1,"symbol":7,"clipDepth":0,"id":0,"blendMode":"multiply","matrix":[1,0,0,1,0,0]}]}]},{"type":5,"id":35,"frames":[{"objects":[{"name":"base_2","type":0,"depth":1,"symbol":32,"clipDepth":0,"id":0,"filters":[[0,40,40,1]],"matrix":[1,0,0,1,27520,15400]},{"name":"base_1","type":0,"depth":3,"symbol":34,"clipDepth":0,"id":1,"filters":[[0,40,40,1]],"matrix":[1,0,0,1,7500,2900]}]}]},{"type":5,"id":7,"frames":[{"objects":[{"name":null,"type":0,"depth":1,"symbol":6,"clipDepth":0,"id":0,"matrix":[1,0,0,1,0,0]}]}]},{"type":5,"id":34,"frames":[{"objects":[{"name":null,"type":0,"depth":1,"symbol":33,"clipDepth":0,"id":0,"matrix":[1,0,0,1,0,0]}]}]},{"type":4,"id":6,"commands":[3,5,1,16682591,0.450980392156863,8,40000,28100,7,0,28100,7,0,0,7,40000,0,7,40000,28100,5]},{"type":4,"id":33,"commands":[3,5,1,16711680,0.250980392156863,8,692,-493,4,980,-206,980,200,4,980,606,692,892,4,405,1180,0,1180,4,-406,1180,-694,892,4,-980,606,-980,200,4,-980,-206,-694,-493,4,-406,-780,0,-780,4,405,-780,692,-493,5]},{"type":5,"className":"com.darkness.tdp4.maps.view.MapBulletProofPolygonContainer","baseClassName":null,"id":5,"frames":[{"objects":[{"name":null,"type":0,"depth":1,"symbol":4,"clipDepth":0,"id":0,"matrix":[0.701507568359375,0,0,41.2039489746094,140,8235]},{"name":null,"type":0,"depth":3,"symbol":4,"clipDepth":0,"id":1,"matrix":[79.63623046875,0,0,1.34226989746094,15879,16711]},{"name":null,"type":0,"depth":5,"symbol":4,"clipDepth":0,"id":2,"matrix":[79.4266052246094,0,0,0.350006103515625,15978,50]},{"name":null,"type":0,"depth":7,"symbol":4,"clipDepth":0,"id":3,"matrix":[0.578384399414062,0,0,41.7196960449219,31705,8404]},{"name":null,"type":0,"depth":9,"symbol":4,"clipDepth":0,"id":4,"matrix":[21.8990631103516,0.00982666015625,-0.00030517578125,0.701095581054688,27489,10010]},{"name":null,"type":0,"depth":11,"symbol":4,"clipDepth":0,"id":5,"matrix":[6.33990478515625,0.053680419921875,-0.00823974609375,0.970611572265625,20854,13191]},{"name":null,"type":0,"depth":13,"symbol":4,"clipDepth":0,"id":6,"matrix":[2.76629638671875,0.0012359619140625,-0.0012359619140625,2.85177612304688,19311,15990]},{"name":null,"type":0,"depth":15,"symbol":4,"clipDepth":0,"id":7,"matrix":[2.93888854980469,0.001312255859375,-0.0012054443359375,2.79751586914062,25489,15938]},{"name":null,"type":0,"depth":17,"symbol":4,"clipDepth":0,"id":8,"matrix":[7.39608764648438,0.0626373291015625,-0.0101776123046875,1.198974609375,14338,13237]},{"name":null,"type":0,"depth":19,"symbol":4,"clipDepth":0,"id":9,"matrix":[2.72003173828125,0.001220703125,-0.0009765625,2.25436401367188,7797,15731]},{"name":null,"type":0,"depth":21,"symbol":4,"clipDepth":0,"id":10,"matrix":[3.41476440429688,0.493988037109375,-0.322723388671875,2.23114013671875,6597,15797]},{"name":null,"type":0,"depth":23,"symbol":4,"clipDepth":0,"id":11,"matrix":[32.6154937744141,0.0146331787109375,-0.00042724609375,0.994949340820312,6771,10981]},{"name":null,"type":0,"depth":25,"symbol":4,"clipDepth":0,"id":12,"matrix":[2.72003173828125,0.001220703125,-0.001617431640625,3.72660827636719,2537,10425]},{"name":null,"type":0,"depth":27,"symbol":4,"clipDepth":0,"id":13,"matrix":[19.0097808837891,0.0085296630859375,-0.00030517578125,0.701095581054688,6993,7719]},{"name":null,"type":0,"depth":29,"symbol":4,"clipDepth":0,"id":14,"matrix":[13.4043579101562,-0.105484008789062,0.005523681640625,0.7010498046875,7485,4276]},{"name":null,"type":0,"depth":31,"symbol":4,"clipDepth":0,"id":15,"matrix":[10.4340209960938,-3.5054931640625,0.305206298828125,0.908477783203125,10087,11704]},{"name":null,"type":0,"depth":33,"symbol":4,"clipDepth":0,"id":16,"matrix":[4.74539184570312,0.00213623046875,-0.003173828125,7.30020141601562,1129,9244]},{"name":null,"type":0,"depth":35,"symbol":4,"clipDepth":0,"id":17,"matrix":[12.4028015136719,0.63623046875,-0.0474700927734375,0.9249267578125,23328,16631]},{"name":null,"type":0,"depth":37,"symbol":4,"clipDepth":0,"id":18,"matrix":[6.39561462402344,1.11643981933594,-0.1593017578125,0.912353515625,17324,16362]},{"name":null,"type":0,"depth":39,"symbol":4,"clipDepth":0,"id":19,"matrix":[6.45611572265625,-0.684341430664062,0.0975799560546875,0.920989990234375,19709,16620]},{"name":null,"type":0,"depth":41,"symbol":4,"clipDepth":0,"id":20,"matrix":[2.90228271484375,-1.48222351074219,0.421188354492188,0.824844360351562,15609,16406]},{"name":null,"type":0,"depth":43,"symbol":4,"clipDepth":0,"id":21,"matrix":[7.46551513671875,-0.497756958007812,0.108078002929688,1.62225341796875,6760,16136]},{"name":null,"type":0,"depth":45,"symbol":4,"clipDepth":0,"id":22,"matrix":[6.22149658203125,1.5341796875,-0.2218017578125,0.899215698242188,9207,16294]},{"name":null,"type":0,"depth":47,"symbol":4,"clipDepth":0,"id":23,"matrix":[6.2947998046875,-1.323486328125,0.209762573242188,0.998016357421875,4064,16365]},{"name":null,"type":0,"depth":49,"symbol":4,"clipDepth":0,"id":24,"matrix":[4.50796508789062,3.65513610839844,-0.527420043945312,0.650421142578125,25005,10823]},{"name":null,"type":0,"depth":51,"symbol":4,"clipDepth":0,"id":25,"matrix":[7.25466918945312,6.72296142578125,-0.979598999023438,1.0570068359375,27179,12648]},{"name":null,"type":0,"depth":53,"symbol":4,"clipDepth":0,"id":26,"matrix":[2.97653198242188,7.25999450683594,-1.33343505859375,0.546676635742188,28960,15000]},{"name":null,"type":0,"depth":55,"symbol":4,"clipDepth":0,"id":27,"matrix":[7.5594482421875,-3.25320434570312,0.648941040039062,1.50799560546875,4322,13149]},{"name":null,"type":0,"depth":57,"symbol":4,"clipDepth":0,"id":28,"matrix":[4.12669372558594,-7.07855224609375,1.45120239257812,0.846054077148438,2291,15068]},{"name":null,"type":0,"depth":59,"symbol":4,"clipDepth":0,"id":29,"matrix":[6.44041442871094,-0.856704711914062,0.2164306640625,1.62736511230469,6853,12456]},{"name":null,"type":0,"depth":61,"symbol":4,"clipDepth":0,"id":30,"matrix":[2.91094970703125,0.001953125,-0.0005340576171875,0.761276245117188,19140,5805]},{"name":null,"type":0,"depth":63,"symbol":4,"clipDepth":0,"id":31,"matrix":[3.40618896484375,-2.151611328125,0.511810302734375,0.810272216796875,17967,6236]},{"name":null,"type":0,"depth":65,"symbol":4,"clipDepth":0,"id":32,"matrix":[4.41004943847656,-2.98805236816406,0.537567138671875,0.79339599609375,16410,7268]},{"name":null,"type":0,"depth":67,"symbol":4,"clipDepth":0,"id":33,"matrix":[-2.79240417480469,3.30181884765625,-2.56419372558594,-2.16867065429688,21740,7052]},{"name":null,"type":0,"depth":69,"symbol":4,"clipDepth":0,"id":34,"matrix":[6.88818359375,0.382919311523438,-0.0464935302734375,0.836074829101562,23824,6768]},{"name":null,"type":0,"depth":71,"symbol":4,"clipDepth":0,"id":35,"matrix":[1.187744140625,-0.30267333984375,0.29608154296875,1.161865234375,22222,12461]},{"name":null,"type":0,"depth":73,"symbol":4,"clipDepth":0,"id":36,"matrix":[1.12113952636719,-1.9599609375,1.48471069335938,0.84930419921875,21992,12825]},{"name":null,"type":0,"depth":75,"symbol":4,"clipDepth":0,"id":37,"matrix":[3.41734313964844,0.0015106201171875,-0.0012359619140625,2.85177612304688,18105,15720]},{"name":null,"type":0,"depth":77,"symbol":4,"clipDepth":0,"id":38,"matrix":[2.98808288574219,0.001312255859375,-0.001617431640625,3.72154235839844,27219,9213]},{"name":null,"type":0,"depth":79,"symbol":4,"clipDepth":0,"id":39,"matrix":[-0.0018310546875,2.7183837890625,-0.761276245117188,-0.0005340576171875,22318,6284]},{"name":null,"type":0,"depth":81,"symbol":4,"clipDepth":0,"id":40,"matrix":[7.30697631835938,0.0618896484375,-0.0064697265625,0.761245727539062,20975,5817]},{"name":null,"type":0,"depth":83,"symbol":4,"clipDepth":0,"id":41,"matrix":[3.90267944335938,-3.56781005859375,0.473037719726562,0.517425537109375,4126,4922]},{"name":null,"type":0,"depth":85,"symbol":4,"clipDepth":0,"id":42,"matrix":[13.7879333496094,-0.048065185546875,0.00244140625,0.7010498046875,6344,5724]},{"name":null,"type":0,"depth":87,"symbol":4,"clipDepth":0,"id":43,"matrix":[3.01835632324219,-4.06494140625,0.5628662109375,0.417938232421875,9615,4954]},{"name":null,"type":0,"depth":89,"symbol":4,"clipDepth":0,"id":44,"matrix":[1.06764221191406,-1.41375732421875,0.7647705078125,0.57757568359375,15362,8107]},{"name":null,"type":0,"depth":91,"symbol":4,"clipDepth":0,"id":45,"matrix":[17.151611328125,0.0076904296875,-0.0003662109375,0.830398559570312,6472,10673]},{"name":null,"type":0,"depth":93,"symbol":4,"clipDepth":0,"id":46,"matrix":[4.885498046875,0.726272583007812,-0.094970703125,0.638961791992188,10860,10769]},{"name":null,"type":0,"depth":95,"symbol":4,"clipDepth":0,"id":47,"matrix":[4.74539184570312,0.00213623046875,-0.0041351318359375,9.51957702636719,1240,13078]},{"name":null,"type":0,"depth":97,"symbol":4,"clipDepth":0,"id":48,"matrix":[19.8713073730469,0.008941650390625,-0.000885009765625,2.04637145996094,6117,11368]},{"name":null,"type":0,"depth":99,"symbol":4,"clipDepth":0,"id":49,"matrix":[15.1043395996094,0.006805419921875,-0.000885009765625,2.04405212402344,5246,11948]},{"name":null,"type":0,"depth":101,"symbol":4,"clipDepth":0,"id":50,"matrix":[8.268798828125,0.00372314453125,-0.000762939453125,1.7520751953125,3778,12530]},{"name":null,"type":0,"depth":103,"symbol":4,"clipDepth":0,"id":51,"matrix":[2.12875366210938,0.0009613037109375,-0.0018463134765625,4.2418212890625,2445,13351]},{"name":null,"type":0,"depth":105,"symbol":4,"clipDepth":0,"id":52,"matrix":[2.97772216796875,0.0013427734375,-0.0024566650390625,5.64935302734375,871,15520]},{"name":null,"type":0,"depth":107,"symbol":4,"clipDepth":0,"id":53,"matrix":[7.40802001953125,0.0033416748046875,-0.004302978515625,9.90476989746094,30109,12138]},{"name":null,"type":0,"depth":109,"symbol":4,"clipDepth":0,"id":54,"matrix":[5.4334716796875,0.00244140625,-0.003173828125,7.30020141601562,30502,14980]},{"name":null,"type":0,"depth":111,"symbol":4,"clipDepth":0,"id":55,"matrix":[3.82464599609375,0.0017242431640625,-0.002777099609375,6.4013671875,28105,11345]},{"name":null,"type":0,"depth":113,"symbol":4,"clipDepth":0,"id":56,"matrix":[4.74539184570312,0.00213623046875,-0.001312255859375,3.02641296386719,26540,10680]},{"name":null,"type":0,"depth":115,"symbol":4,"clipDepth":0,"id":57,"matrix":[1.38296508789062,-1.734619140625,8.65316772460938,6.89871215820312,26909,11689]},{"name":null,"type":0,"depth":117,"symbol":4,"clipDepth":0,"id":58,"matrix":[10.6232299804688,0.0047760009765625,-0.001373291015625,3.1732177734375,6788,5020]},{"name":null,"type":0,"depth":119,"symbol":4,"clipDepth":0,"id":59,"matrix":[7.87657165527344,0,0,50.3945922851562,-1255,8552]},{"name":null,"type":0,"depth":121,"symbol":4,"clipDepth":0,"id":60,"matrix":[92.4754333496094,0,0,4.0234375,15589,-726]},{"name":null,"type":0,"depth":123,"symbol":4,"clipDepth":0,"id":61,"matrix":[7.87657165527344,0,0,50.3945922851562,33378,8540]},{"name":null,"type":0,"depth":125,"symbol":4,"clipDepth":0,"id":62,"matrix":[94.53369140625,0,0,8.08331298828125,16144,18274]},{"name":null,"type":0,"depth":127,"symbol":4,"clipDepth":0,"id":63,"matrix":[0.428024291992188,-0.58782958984375,0.27557373046875,0.200653076171875,10740,7700]},{"name":null,"type":0,"depth":129,"symbol":4,"clipDepth":0,"id":64,"matrix":[0.428024291992188,-0.58782958984375,0.27557373046875,0.200653076171875,2020,7900]},{"name":null,"type":0,"depth":131,"symbol":4,"clipDepth":0,"id":65,"matrix":[0.428024291992188,-0.58782958984375,0.27557373046875,0.200653076171875,3040,9800]},{"name":null,"type":0,"depth":133,"symbol":4,"clipDepth":0,"id":66,"matrix":[0.428024291992188,-0.58782958984375,0.27557373046875,0.200653076171875,13240,10900]},{"name":null,"type":0,"depth":135,"symbol":4,"clipDepth":0,"id":67,"matrix":[0.428024291992188,-0.58782958984375,0.27557373046875,0.200653076171875,8265,15388]},{"name":null,"type":0,"depth":137,"symbol":4,"clipDepth":0,"id":68,"matrix":[0.428024291992188,-0.58782958984375,0.27557373046875,0.200653076171875,15745,13108]},{"name":null,"type":0,"depth":139,"symbol":4,"clipDepth":0,"id":69,"matrix":[0.428024291992188,-0.58782958984375,0.27557373046875,0.200653076171875,18720,15260]},{"name":null,"type":0,"depth":141,"symbol":4,"clipDepth":0,"id":70,"matrix":[0.428024291992188,-0.58782958984375,0.27557373046875,0.200653076171875,19800,15520]},{"name":null,"type":0,"depth":143,"symbol":4,"clipDepth":0,"id":71,"matrix":[0.428024291992188,-0.58782958984375,0.27557373046875,0.200653076171875,26025,15508]},{"name":null,"type":0,"depth":145,"symbol":4,"clipDepth":0,"id":72,"matrix":[0.428024291992188,-0.58782958984375,0.27557373046875,0.200653076171875,22380,12280]},{"name":null,"type":0,"depth":147,"symbol":4,"clipDepth":0,"id":73,"matrix":[0.428024291992188,-0.58782958984375,0.27557373046875,0.200653076171875,27770,8588]},{"name":null,"type":0,"depth":149,"symbol":4,"clipDepth":0,"id":74,"matrix":[0.428024291992188,-0.58782958984375,0.27557373046875,0.200653076171875,22400,5800]},{"name":null,"type":0,"depth":151,"symbol":4,"clipDepth":0,"id":75,"matrix":[-0.428024291992188,-0.58782958984375,-0.27557373046875,0.200653076171875,3260,7680]},{"name":null,"type":0,"depth":153,"symbol":4,"clipDepth":0,"id":76,"matrix":[-0.487106323242188,-0.53985595703125,-0.253082275390625,0.22833251953125,15126,8343]},{"name":null,"type":0,"depth":155,"symbol":4,"clipDepth":0,"id":77,"matrix":[-0.428024291992188,-0.58782958984375,-0.27557373046875,0.200653076171875,18600,5780]},{"name":null,"type":0,"depth":157,"symbol":4,"clipDepth":0,"id":78,"matrix":[-0.428024291992188,-0.58782958984375,-0.27557373046875,0.200653076171875,23180,9960]},{"name":null,"type":0,"depth":159,"symbol":4,"clipDepth":0,"id":79,"matrix":[0.428024291992188,-0.58782958984375,0.27557373046875,0.200653076171875,25140,6780]},{"name":null,"type":0,"depth":161,"symbol":4,"clipDepth":0,"id":80,"matrix":[-0.428024291992188,-0.58782958984375,-0.27557373046875,0.200653076171875,26700,8560]},{"name":null,"type":0,"depth":163,"symbol":4,"clipDepth":0,"id":81,"matrix":[-0.428024291992188,-0.58782958984375,-0.27557373046875,0.200653076171875,19660,13100]},{"name":null,"type":0,"depth":165,"symbol":4,"clipDepth":0,"id":82,"matrix":[-0.428024291992188,-0.58782958984375,-0.27557373046875,0.200653076171875,24940,15518]},{"name":null,"type":0,"depth":167,"symbol":4,"clipDepth":0,"id":83,"matrix":[-0.428024291992188,-0.58782958984375,-0.27557373046875,0.200653076171875,17460,15260]},{"name":null,"type":0,"depth":169,"symbol":4,"clipDepth":0,"id":84,"matrix":[-0.428024291992188,-0.58782958984375,-0.27557373046875,0.200653076171875,12940,13100]},{"name":null,"type":0,"depth":171,"symbol":4,"clipDepth":0,"id":85,"matrix":[-0.428024291992188,-0.58782958984375,-0.27557373046875,0.200653076171875,7320,15380]},{"name":null,"type":0,"depth":173,"symbol":4,"clipDepth":0,"id":86,"matrix":[-0.428024291992188,-0.58782958984375,-0.27557373046875,0.200653076171875,6060,15360]},{"name":null,"type":0,"depth":175,"symbol":4,"clipDepth":0,"id":87,"matrix":[-0.428024291992188,-0.58782958984375,-0.27557373046875,0.200653076171875,22000,12400]},{"name":null,"type":0,"depth":177,"symbol":4,"clipDepth":0,"id":88,"matrix":[0.17694091796875,2.6094970703125,-0.678695678710938,0.045989990234375,26042,15962]},{"name":null,"type":0,"depth":179,"symbol":4,"clipDepth":0,"id":89,"matrix":[-0.105712890625,2.5230712890625,0.679656982421875,0.0284423828125,24925,15960]},{"name":null,"type":0,"depth":181,"symbol":4,"clipDepth":0,"id":90,"matrix":[0.17694091796875,2.6094970703125,-0.678695678710938,0.045989990234375,19821,15963]},{"name":null,"type":0,"depth":183,"symbol":4,"clipDepth":0,"id":91,"matrix":[0.17694091796875,2.6094970703125,-0.678695678710938,0.045989990234375,8280,15860]},{"name":null,"type":0,"depth":185,"symbol":4,"clipDepth":0,"id":92,"matrix":[0.236495971679688,3.48793029785156,-0.678695678710938,0.045989990234375,27788,9203]},{"name":null,"type":0,"depth":187,"symbol":4,"clipDepth":0,"id":93,"matrix":[0.17694091796875,2.6094970703125,-0.678695678710938,0.045989990234375,22400,6240]},{"name":null,"type":0,"depth":189,"symbol":4,"clipDepth":0,"id":94,"matrix":[0.17694091796875,2.6094970703125,-0.678695678710938,0.045989990234375,3040,10283]},{"name":null,"type":0,"depth":191,"symbol":4,"clipDepth":0,"id":95,"matrix":[0.344970703125,5.08786010742188,-0.678695678710938,0.045989990234375,2060,8860]},{"name":null,"type":0,"depth":193,"symbol":4,"clipDepth":0,"id":96,"matrix":[-0.17694091796875,2.6094970703125,0.678695678710938,0.045989990234375,6039,15803]},{"name":null,"type":0,"depth":195,"symbol":4,"clipDepth":0,"id":97,"matrix":[-0.17694091796875,2.6094970703125,0.678695678710938,0.045989990234375,17440,15700]},{"name":null,"type":0,"depth":197,"symbol":4,"clipDepth":0,"id":98,"matrix":[-0.252410888671875,3.72262573242188,0.678695678710938,0.045989990234375,26659,9243]},{"name":null,"type":0,"depth":199,"symbol":4,"clipDepth":0,"id":99,"matrix":[-0.0507659912109375,-1.10289001464844,-0.289962768554688,0.013397216796875,22468,12431]}]}]},{"type":5,"id":32,"frames":[{"objects":[{"name":null,"type":0,"depth":1,"symbol":31,"clipDepth":0,"id":0,"matrix":[1,0,0,1,0,0]}]}]},{"type":5,"id":4,"frames":[{"objects":[{"name":null,"type":0,"depth":1,"symbol":3,"clipDepth":0,"id":0,"matrix":[1,0,0,1,0,0]}]}]},{"type":4,"id":31,"commands":[3,5,1,255,0.250980392156863,8,692,-493,4,980,-206,980,200,4,980,606,692,892,4,405,1180,0,1180,4,-406,1180,-694,892,4,-980,606,-980,200,4,-980,-206,-694,-493,4,-406,-780,0,-780,4,405,-780,692,-493,5]},{"type":4,"id":3,"commands":[3,5,1,10092288,0.498039215686275,8,200,200,7,-200,200,7,-200,-200,7,200,-200,7,200,200,5]},{"type":5,"id":30,"frames":[{"objects":[{"name":null,"type":0,"depth":1,"symbol":21,"clipDepth":0,"id":0,"matrix":[1,0,0,1,6550,14830]},{"name":null,"type":0,"depth":3,"symbol":21,"clipDepth":0,"id":1,"matrix":[1,0,0,1,11350,7310]},{"name":null,"type":0,"depth":5,"symbol":21,"clipDepth":0,"id":2,"matrix":[1,0,0,1,29470,9030]},{"name":null,"type":0,"depth":7,"symbol":21,"clipDepth":0,"id":3,"matrix":[1,0,0,1,20030,4590]},{"name":null,"type":0,"depth":9,"symbol":21,"clipDepth":0,"id":4,"matrix":[1,0,0,1,20230,12550]},{"name":null,"type":0,"depth":11,"symbol":21,"clipDepth":0,"id":5,"matrix":[1,0,0,1,22830,15990]},{"name":null,"type":0,"depth":13,"symbol":21,"clipDepth":0,"id":6,"matrix":[1,0,0,1,15590,9790]},{"name":null,"type":0,"depth":15,"symbol":21,"clipDepth":0,"id":7,"matrix":[1,0,0,1,26970,15010]},{"name":null,"type":0,"depth":17,"symbol":21,"clipDepth":0,"id":8,"matrix":[1,0,0,1,3590,10190]},{"name":null,"type":0,"depth":19,"symbol":21,"clipDepth":0,"id":9,"matrix":[1,0,0,1,7790,3630]}]}]},{"type":5,"className":"com.darkness.tdp4.components.game.view.objects.physics.BodyRectangle","baseClassName":null,"id":2,"frames":[{"objects":[{"name":null,"type":0,"depth":1,"symbol":1,"clipDepth":0,"id":0,"matrix":[1,0,0,1,0,0]}]}]},{"type":5,"id":29,"frames":[{"objects":[{"name":null,"type":0,"depth":1,"symbol":28,"clipDepth":0,"id":0,"matrix":[1,0,0,1,0,0]}]}]},{"type":4,"id":1,"commands":[3,5,1,65535,0.498039215686275,8,70,70,7,-70,70,7,-70,-70,7,70,-70,7,70,70,5]},{"type":4,"id":28,"commands":[3,5,1,13311,0,8,1860,640,7,0,640,7,0,0,7,1860,0,7,1860,640,5]}],"frameRate":12}