{"root":0,"uuid":"KNY5tMqkNxfszuCyWoPm","version":0.1,"symbols":[{"type":5,"frames":[{}]},{"type":4,"id":27,"commands":[3,5,1,255,0.250980392156863,8,692,-493,4,980,-206,980,200,4,980,606,692,892,4,405,1180,0,1180,4,-406,1180,-694,892,4,-980,606,-980,200,4,-980,-206,-694,-493,4,-406,-780,0,-780,4,405,-780,692,-493,5]},{"type":5,"id":26,"frames":[{"objects":[{"name":null,"type":0,"depth":1,"symbol":25,"clipDepth":0,"id":0,"matrix":[1,0,0,1,0,0]}]}]},{"type":4,"id":25,"commands":[3,5,1,13311,0,8,1860,640,7,0,640,7,0,0,7,1860,0,7,1860,640,5]},{"type":5,"id":24,"frames":[{"objects":[{"name":null,"type":0,"depth":1,"symbol":17,"clipDepth":0,"id":0,"matrix":[1,0,0,1,15590,18030]},{"name":null,"type":0,"depth":3,"symbol":17,"clipDepth":0,"id":1,"matrix":[1,0,0,1,570,17270]},{"name":null,"type":0,"depth":5,"symbol":17,"clipDepth":0,"id":2,"matrix":[1,0,0,1,38470,7350]},{"name":null,"type":0,"depth":7,"symbol":17,"clipDepth":0,"id":3,"matrix":[1,0,0,1,22110,11270]},{"name":null,"type":0,"depth":9,"symbol":17,"clipDepth":0,"id":4,"matrix":[1,0,0,1,21470,6510]},{"name":null,"type":0,"depth":11,"symbol":17,"clipDepth":0,"id":5,"matrix":[1,0,0,1,49230,6270]},{"name":null,"type":0,"depth":13,"symbol":17,"clipDepth":0,"id":6,"matrix":[1,0,0,1,29310,18030]},{"name":null,"type":0,"depth":15,"symbol":17,"clipDepth":0,"id":7,"matrix":[1,0,0,1,37670,10830]},{"name":null,"type":0,"depth":17,"symbol":17,"clipDepth":0,"id":8,"matrix":[1,0,0,1,3510,9790]},{"name":null,"type":0,"depth":19,"symbol":17,"clipDepth":0,"id":9,"matrix":[1,0,0,1,8010,5430]}]}]},{"type":5,"id":23,"frames":[{"objects":[{"name":null,"type":0,"depth":1,"symbol":17,"clipDepth":0,"id":0,"matrix":[1,0,0,1,17470,16890]},{"name":null,"type":0,"depth":3,"symbol":17,"clipDepth":0,"id":1,"matrix":[1,0,0,1,22590,6570]},{"name":null,"type":0,"depth":5,"symbol":17,"clipDepth":0,"id":2,"matrix":[1,0,0,1,13750,14850]},{"name":null,"type":0,"depth":7,"symbol":17,"clipDepth":0,"id":3,"matrix":[1,0,0,1,15850,6570]},{"name":null,"type":0,"depth":9,"symbol":17,"clipDepth":0,"id":4,"matrix":[1,0,0,1,19990,16890]},{"name":null,"type":0,"depth":11,"symbol":17,"clipDepth":0,"id":5,"matrix":[1,0,0,1,18590,10570]},{"name":null,"type":0,"depth":13,"symbol":17,"clipDepth":0,"id":6,"matrix":[1,0,0,1,10390,11030]},{"name":null,"type":0,"depth":15,"symbol":17,"clipDepth":0,"id":7,"matrix":[1,0,0,1,27290,10570]},{"name":null,"type":0,"depth":17,"symbol":17,"clipDepth":0,"id":8,"matrix":[1,0,0,1,28590,6570]},{"name":null,"type":0,"depth":19,"symbol":17,"clipDepth":0,"id":9,"matrix":[1,0,0,1,25870,16350]},{"name":null,"type":0,"depth":21,"symbol":17,"clipDepth":0,"id":10,"matrix":[1,0,0,1,30570,16350]},{"name":null,"type":0,"depth":23,"symbol":17,"clipDepth":0,"id":11,"matrix":[1,0,0,1,36470,16350]},{"name":null,"type":0,"depth":25,"symbol":17,"clipDepth":0,"id":12,"matrix":[1,0,0,1,44310,16350]},{"name":null,"type":0,"depth":27,"symbol":17,"clipDepth":0,"id":13,"matrix":[1,0,0,1,38590,10570]},{"name":null,"type":0,"depth":29,"symbol":17,"clipDepth":0,"id":14,"matrix":[1,0,0,1,32370,14850]},{"name":null,"type":0,"depth":31,"symbol":17,"clipDepth":0,"id":15,"matrix":[1,0,0,1,7150,18170]},{"name":null,"type":0,"depth":33,"symbol":17,"clipDepth":0,"id":16,"matrix":[1,0,0,1,34110,14850]},{"name":null,"type":0,"depth":35,"symbol":17,"clipDepth":0,"id":17,"matrix":[1,0,0,1,3670,18170]},{"name":null,"type":0,"depth":37,"symbol":17,"clipDepth":0,"id":18,"matrix":[1,0,0,1,22590,10730]},{"name":null,"type":0,"depth":39,"symbol":17,"clipDepth":0,"id":19,"matrix":[1,0,0,1,7530,11030]}]}]},{"type":5,"id":22,"frames":[{"objects":[{"name":null,"type":0,"depth":1,"symbol":17,"clipDepth":0,"id":0,"matrix":[1,0,0,1,15550,19870]},{"name":null,"type":0,"depth":3,"symbol":17,"clipDepth":0,"id":1,"matrix":[1,0,0,1,40650,19470]},{"name":null,"type":0,"depth":5,"symbol":17,"clipDepth":0,"id":2,"matrix":[1,0,0,1,38450,18730]},{"name":null,"type":0,"depth":7,"symbol":17,"clipDepth":0,"id":3,"matrix":[1,0,0,1,21470,19470]},{"name":null,"type":0,"depth":9,"symbol":17,"clipDepth":0,"id":4,"matrix":[1,0,0,1,42770,19470]},{"name":null,"type":0,"depth":11,"symbol":17,"clipDepth":0,"id":5,"matrix":[1,0,0,1,25850,18910]},{"name":null,"type":0,"depth":13,"symbol":17,"clipDepth":0,"id":6,"matrix":[1,0,0,1,18850,19050]},{"name":null,"type":0,"depth":15,"symbol":17,"clipDepth":0,"id":7,"matrix":[1,0,0,1,49030,18730]},{"name":null,"type":0,"depth":17,"symbol":17,"clipDepth":0,"id":8,"matrix":[1,0,0,1,33490,19210]},{"name":null,"type":0,"depth":19,"symbol":17,"clipDepth":0,"id":9,"matrix":[1,0,0,1,11390,19470]}]}]},{"type":5,"id":21,"frames":[{"objects":[{"name":null,"type":0,"depth":1,"symbol":17,"clipDepth":0,"id":0,"matrix":[1,0,0,1,1760,18660]},{"name":null,"type":0,"depth":3,"symbol":17,"clipDepth":0,"id":1,"matrix":[1,0,0,1,15900,15080]},{"name":null,"type":0,"depth":5,"symbol":17,"clipDepth":0,"id":2,"matrix":[1,0,0,1,34480,15080]},{"name":null,"type":0,"depth":7,"symbol":17,"clipDepth":0,"id":3,"matrix":[1,0,0,1,24380,17840]},{"name":null,"type":0,"depth":9,"symbol":17,"clipDepth":0,"id":4,"matrix":[1,0,0,1,17560,16920]},{"name":null,"type":0,"depth":11,"symbol":17,"clipDepth":0,"id":5,"matrix":[1,0,0,1,12920,16760]},{"name":null,"type":0,"depth":13,"symbol":17,"clipDepth":0,"id":6,"matrix":[1,0,0,1,12400,11140]},{"name":null,"type":0,"depth":15,"symbol":17,"clipDepth":0,"id":7,"matrix":[1,0,0,1,13320,15080]},{"name":null,"type":0,"depth":17,"symbol":17,"clipDepth":0,"id":8,"matrix":[1,0,0,1,20760,16920]},{"name":null,"type":0,"depth":19,"symbol":17,"clipDepth":0,"id":9,"matrix":[1,0,0,1,7640,18660]}]}]},{"type":5,"id":20,"frames":[{"objects":[{"name":null,"type":0,"depth":1,"symbol":17,"clipDepth":0,"id":0,"matrix":[0.77056884765625,0,0,0.77056884765625,11058,11219]},{"name":null,"type":0,"depth":3,"symbol":17,"clipDepth":0,"id":1,"matrix":[0.77056884765625,0,0,0.77056884765625,9758,7378]},{"name":null,"type":0,"depth":5,"symbol":17,"clipDepth":0,"id":2,"matrix":[0.77056884765625,0,0,0.77056884765625,38158,7378]},{"name":null,"type":0,"depth":7,"symbol":17,"clipDepth":0,"id":3,"matrix":[0.77056884765625,0,0,0.77056884765625,678,6797]},{"name":null,"type":0,"depth":9,"symbol":17,"clipDepth":0,"id":4,"matrix":[0.77056884765625,0,0,0.77056884765625,32858,10758]},{"name":null,"type":0,"depth":11,"symbol":17,"clipDepth":0,"id":5,"matrix":[0.77056884765625,0,0,0.77056884765625,46518,6318]}]}]},{"type":5,"id":19,"frames":[{"objects":[{"name":null,"type":0,"depth":1,"symbol":17,"clipDepth":0,"id":0,"matrix":[1,0,0,1,46320,5800]},{"name":null,"type":0,"depth":3,"symbol":17,"clipDepth":0,"id":1,"matrix":[1,0,0,1,46320,5800]},{"name":null,"type":0,"depth":5,"symbol":17,"clipDepth":0,"id":2,"matrix":[1,0,0,1,46320,5800]},{"name":null,"type":0,"depth":7,"symbol":17,"clipDepth":0,"id":3,"matrix":[1,0,0,1,46320,5800]},{"name":null,"type":0,"depth":9,"symbol":17,"clipDepth":0,"id":4,"matrix":[1,0,0,1,46320,5800]},{"name":null,"type":0,"depth":11,"symbol":17,"clipDepth":0,"id":5,"matrix":[1,0,0,1,46320,5800]},{"name":null,"type":0,"depth":13,"symbol":17,"clipDepth":0,"id":6,"matrix":[1,0,0,1,46320,5800]},{"name":null,"type":0,"depth":15,"symbol":17,"clipDepth":0,"id":7,"matrix":[1,0,0,1,46320,5800]},{"name":null,"type":0,"depth":17,"symbol":17,"clipDepth":0,"id":8,"matrix":[1,0,0,1,46320,5800]},{"name":null,"type":0,"depth":19,"symbol":17,"clipDepth":0,"id":9,"matrix":[1,0,0,1,46320,5800]},{"name":null,"type":0,"depth":21,"symbol":17,"clipDepth":0,"id":10,"matrix":[1,0,0,1,46320,5800]},{"name":null,"type":0,"depth":23,"symbol":17,"clipDepth":0,"id":11,"matrix":[1,0,0,1,46320,5800]},{"name":null,"type":0,"depth":25,"symbol":17,"clipDepth":0,"id":12,"matrix":[1,0,0,1,46320,5800]},{"name":null,"type":0,"depth":27,"symbol":17,"clipDepth":0,"id":13,"matrix":[1,0,0,1,46320,5800]},{"name":null,"type":0,"depth":29,"symbol":17,"clipDepth":0,"id":14,"matrix":[1,0,0,1,46320,5800]},{"name":null,"type":0,"depth":31,"symbol":17,"clipDepth":0,"id":15,"matrix":[1,0,0,1,46320,5800]},{"name":null,"type":0,"depth":33,"symbol":17,"clipDepth":0,"id":16,"matrix":[1,0,0,1,46320,5800]},{"name":null,"type":0,"depth":35,"symbol":17,"clipDepth":0,"id":17,"matrix":[1,0,0,1,46320,5800]},{"name":null,"type":0,"depth":37,"symbol":17,"clipDepth":0,"id":18,"matrix":[1,0,0,1,46320,5800]},{"name":null,"type":0,"depth":39,"symbol":17,"clipDepth":0,"id":19,"matrix":[1,0,0,1,46320,5800]}]}]},{"type":5,"id":18,"frames":[{"objects":[{"name":null,"type":0,"depth":1,"symbol":17,"clipDepth":0,"id":0,"matrix":[1,0,0,1,11870,17110]},{"name":null,"type":0,"depth":3,"symbol":17,"clipDepth":0,"id":1,"matrix":[1,0,0,1,42310,16390]},{"name":null,"type":0,"depth":5,"symbol":17,"clipDepth":0,"id":2,"matrix":[1,0,0,1,38150,7030]},{"name":null,"type":0,"depth":7,"symbol":17,"clipDepth":0,"id":3,"matrix":[1,0,0,1,18950,10910]},{"name":null,"type":0,"depth":9,"symbol":17,"clipDepth":0,"id":4,"matrix":[1,0,0,1,33470,14850]},{"name":null,"type":0,"depth":11,"symbol":17,"clipDepth":0,"id":5,"matrix":[1,0,0,1,5430,11050]},{"name":null,"type":0,"depth":13,"symbol":17,"clipDepth":0,"id":6,"matrix":[1,0,0,1,27390,6970]},{"name":null,"type":0,"depth":15,"symbol":17,"clipDepth":0,"id":7,"matrix":[1,0,0,1,950,6150]},{"name":null,"type":0,"depth":17,"symbol":17,"clipDepth":0,"id":8,"matrix":[1,0,0,1,2510,18550]},{"name":null,"type":0,"depth":19,"symbol":17,"clipDepth":0,"id":9,"matrix":[1,0,0,1,25510,10910]},{"name":null,"type":0,"depth":21,"symbol":17,"clipDepth":0,"id":10,"matrix":[1,0,0,1,8190,7030]},{"name":null,"type":0,"depth":23,"symbol":17,"clipDepth":0,"id":11,"matrix":[1,0,0,1,31770,10390]},{"name":null,"type":0,"depth":25,"symbol":17,"clipDepth":0,"id":12,"matrix":[1,0,0,1,46110,5790]},{"name":null,"type":0,"depth":27,"symbol":17,"clipDepth":0,"id":13,"matrix":[1,0,0,1,15110,14950]},{"name":null,"type":0,"depth":29,"symbol":17,"clipDepth":0,"id":14,"matrix":[1,0,0,1,26910,17430]},{"name":null,"type":0,"depth":31,"symbol":17,"clipDepth":0,"id":15,"matrix":[1,0,0,1,37230,10470]},{"name":null,"type":0,"depth":33,"symbol":17,"clipDepth":0,"id":16,"matrix":[1,0,0,1,17390,16830]},{"name":null,"type":0,"depth":35,"symbol":17,"clipDepth":0,"id":17,"matrix":[1,0,0,1,16210,7030]},{"name":null,"type":0,"depth":37,"symbol":17,"clipDepth":0,"id":18,"matrix":[1,0,0,1,35950,17790]},{"name":null,"type":0,"depth":39,"symbol":17,"clipDepth":0,"id":19,"matrix":[1,0,0,1,12030,11070]}]}]},{"type":5,"id":17,"frames":[{}]},{"type":5,"id":16,"frames":[{"objects":[{"type":0,"depth":0,"symbol":15,"clipDepth":0,"id":0,"visible":true,"matrix":[1,0,0,1,0,0]}]}]},{"path":"symbols/15.jpg","type":0,"id":15,"alpha":"symbols/15a.png"},{"type":5,"className":"com.darkness.tdp4.maps.view.MapGFX","baseClassName":null,"id":14,"frames":[{"objects":[{"name":null,"type":0,"depth":1,"symbol":13,"clipDepth":0,"id":0,"matrix":[1,0,0,1,0,0]}]}]},{"type":5,"id":13,"frames":[{"objects":[{"type":0,"depth":0,"symbol":12,"clipDepth":0,"id":0,"visible":true,"matrix":[1,0,0,1,0,0]}]}]},{"path":"symbols/12.jpg","type":0,"id":12,"alpha":"symbols/12a.png"},{"type":5,"className":"com.darkness.tdp4.maps.view.MapPolygonContainer","baseClassName":null,"id":11,"frames":[{"objects":[{"name":null,"type":0,"depth":1,"symbol":2,"clipDepth":0,"id":0,"matrix":[1.20346069335938,0,0,57.7020263671875,20,9578]},{"name":null,"type":0,"depth":3,"symbol":2,"clipDepth":0,"id":1,"matrix":[125.279830932617,0,0,0.350006103515625,25095,21129]},{"name":null,"type":0,"depth":5,"symbol":2,"clipDepth":0,"id":2,"matrix":[125.385971069336,0,0,0.350006103515625,25217,-1890]},{"name":null,"type":0,"depth":7,"symbol":2,"clipDepth":0,"id":3,"matrix":[0.95660400390625,0,0,57.4026794433594,50209,9580]},{"name":null,"type":0,"depth":9,"symbol":2,"clipDepth":0,"id":4,"matrix":[20.9487762451172,-0.0064849853515625,0.0002899169921875,0.948043823242188,34825,11579]},{"name":null,"type":0,"depth":11,"symbol":2,"clipDepth":0,"id":5,"matrix":[35.5509185791016,-0.0941162109375,0.005340576171875,2.01425170898438,40135,13958]},{"name":null,"type":0,"depth":13,"symbol":2,"clipDepth":0,"id":6,"matrix":[11.5443725585938,0.0721588134765625,-0.0128021240234375,2.05912780761719,2488,8292]},{"name":null,"type":0,"depth":15,"symbol":2,"clipDepth":0,"id":7,"matrix":[5.2432861328125,-0.586868286132812,0.0927276611328125,0.828201293945312,3105,7659]},{"name":null,"type":0,"depth":17,"symbol":2,"clipDepth":0,"id":8,"matrix":[30.4564819335938,-0.0018157958984375,4.57763671875e-05,1.12567138671875,22300,12014]},{"name":null,"type":0,"depth":19,"symbol":2,"clipDepth":0,"id":9,"matrix":[-3.3651123046875,5.839599609375,-1.26206970214844,-0.72711181640625,2513,11558]},{"name":null,"type":0,"depth":21,"symbol":2,"clipDepth":0,"id":10,"matrix":[3.63847351074219,-0.121749877929688,0.0096893310546875,0.28961181640625,7452,6031]},{"name":null,"type":0,"depth":23,"symbol":2,"clipDepth":0,"id":11,"matrix":[41.6578979492188,-0.0402374267578125,0.00189208984375,2.00445556640625,23390,13975]},{"name":null,"type":0,"depth":25,"symbol":2,"clipDepth":0,"id":12,"matrix":[-2.53814697265625,0.0877685546875,-0.0163726806640625,-0.474212646484375,26229,7135]},{"name":null,"type":0,"depth":27,"symbol":2,"clipDepth":0,"id":13,"matrix":[7.5364990234375,0.320632934570312,-0.066497802734375,1.56376647949219,5626,7751]},{"name":null,"type":0,"depth":29,"symbol":2,"clipDepth":0,"id":14,"matrix":[-36.9346923828125,0.048858642578125,-0.0009307861328125,-0.700714111328125,42679,8410]},{"name":null,"type":0,"depth":31,"symbol":2,"clipDepth":0,"id":15,"matrix":[0.539352416992188,-0.651229858398438,2.13687133789062,1.76994323730469,10053,8493]},{"name":null,"type":0,"depth":33,"symbol":2,"clipDepth":0,"id":16,"matrix":[2.19218444824219,0.0145721435546875,-0.0039520263671875,0.599197387695312,3420,10368]},{"name":null,"type":0,"depth":35,"symbol":2,"clipDepth":0,"id":17,"matrix":[7.971435546875,0.696044921875,-0.0311279296875,0.3563232421875,16643,8419]},{"name":null,"type":0,"depth":37,"symbol":2,"clipDepth":0,"id":18,"matrix":[3.59701538085938,-0.551895141601562,0.0439300537109375,0.28631591796875,8877,5933]},{"name":null,"type":0,"depth":39,"symbol":2,"clipDepth":0,"id":19,"matrix":[-0.0074462890625,-4.46633911132812,0.5992431640625,-0.0010223388671875,2900,9597]},{"name":null,"type":0,"depth":41,"symbol":2,"clipDepth":0,"id":20,"matrix":[7.234375,-0.01220703125,0.001007080078125,0.59771728515625,8294,8138]},{"name":null,"type":0,"depth":43,"symbol":2,"clipDepth":0,"id":21,"matrix":[-2.75814819335938,-0.879669189453125,0.229629516601562,-0.719757080078125,18548,7008]},{"name":null,"type":0,"depth":45,"symbol":2,"clipDepth":0,"id":22,"matrix":[2.17318725585938,0.818069458007812,-0.281982421875,0.74884033203125,22731,7361]},{"name":null,"type":0,"depth":47,"symbol":2,"clipDepth":0,"id":23,"matrix":[9.37152099609375,-0.911117553710938,0.034576416015625,0.355789184570312,27864,8324]},{"name":null,"type":0,"depth":49,"symbol":2,"clipDepth":0,"id":24,"matrix":[-2.74383544921875,2.11892700195312,-0.380111694335938,-0.49224853515625,34790,8806]},{"name":null,"type":0,"depth":51,"symbol":2,"clipDepth":0,"id":25,"matrix":[1.59539794921875,-3.89398193359375,0.512802124023438,0.210128784179688,18243,7772]},{"name":null,"type":0,"depth":53,"symbol":2,"clipDepth":0,"id":26,"matrix":[6.0970458984375,0.0263824462890625,-0.008941650390625,2.05780029296875,12157,13969]},{"name":null,"type":0,"depth":55,"symbol":2,"clipDepth":0,"id":27,"matrix":[-4.80975341796875,-7.97586059570312,0.810531616210938,-0.488754272460938,40926,10029]},{"name":null,"type":0,"depth":57,"symbol":2,"clipDepth":0,"id":28,"matrix":[22.6242065429688,0.055145263671875,-0.00274658203125,1.1693115234375,8762,12087]},{"name":null,"type":0,"depth":59,"symbol":2,"clipDepth":0,"id":29,"matrix":[7.79232788085938,-4.33734130859375,0.56787109375,1.02001953125,10595,18888]},{"name":null,"type":0,"depth":61,"symbol":2,"clipDepth":0,"id":30,"matrix":[7.39480590820312,-0.0069732666015625,0.0020751953125,2.02520751953125,13499,18249]},{"name":null,"type":0,"depth":63,"symbol":2,"clipDepth":0,"id":31,"matrix":[11.6699371337891,-0.0156402587890625,0.002960205078125,2.0743408203125,18864,18257]},{"name":null,"type":0,"depth":65,"symbol":2,"clipDepth":0,"id":32,"matrix":[7.39483642578125,-0.010009765625,0.000885009765625,0.616836547851562,15785,18790]},{"name":null,"type":0,"depth":67,"symbol":2,"clipDepth":0,"id":33,"matrix":[22.7098846435547,0.0553436279296875,-0.00274658203125,1.1693115234375,4738,19786]},{"name":null,"type":0,"depth":69,"symbol":2,"clipDepth":0,"id":34,"matrix":[8.83232116699219,0.0215301513671875,-0.001556396484375,0.660049438476562,33475,15863]},{"name":null,"type":0,"depth":71,"symbol":2,"clipDepth":0,"id":35,"matrix":[8.83232116699219,0.0215301513671875,-0.001556396484375,0.660049438476562,14726,15840]},{"name":null,"type":0,"depth":73,"symbol":2,"clipDepth":0,"id":36,"matrix":[60.1104125976562,0.113525390625,-0.0027618408203125,1.53501892089844,35503,19115]},{"name":null,"type":0,"depth":75,"symbol":2,"clipDepth":0,"id":37,"matrix":[2.45790100097656,-1.67872619628906,0.72711181640625,1.06442260742188,47690,18750]},{"name":null,"type":0,"depth":77,"symbol":2,"clipDepth":0,"id":38,"matrix":[-0.13525390625,-5.47872924804688,1.286376953125,-0.0318603515625,48163,17489]},{"name":null,"type":0,"depth":79,"symbol":2,"clipDepth":0,"id":39,"matrix":[-3.025146484375,-3.26568603515625,0.94219970703125,-0.872940063476562,47626,15893]},{"name":null,"type":0,"depth":81,"symbol":2,"clipDepth":0,"id":40,"matrix":[-0.110275268554688,-4.44293212890625,1.28195190429688,-0.03192138671875,47045,14477]},{"name":null,"type":0,"depth":83,"symbol":2,"clipDepth":0,"id":41,"matrix":[-0.029998779296875,-4.64178466796875,0.6025390625,-0.0038909912109375,18218,9392]},{"name":null,"type":0,"depth":85,"symbol":2,"clipDepth":0,"id":42,"matrix":[0.0340728759765625,-4.61187744140625,0.601669311523438,0.0044403076171875,26410,9417]},{"name":null,"type":0,"depth":87,"symbol":2,"clipDepth":0,"id":43,"matrix":[-0.012664794921875,2.92778015136719,-2.70379638671875,-0.011749267578125,11281,12999]},{"name":null,"type":0,"depth":89,"symbol":2,"clipDepth":0,"id":44,"matrix":[-0.0199737548828125,4.61746215820312,-1.69595336914062,-0.0073699951171875,34161,12740]},{"name":null,"type":0,"depth":91,"symbol":2,"clipDepth":0,"id":45,"matrix":[-4.14476013183594,0.458633422851562,-0.0682830810546875,-0.61724853515625,33474,9351]},{"name":null,"type":0,"depth":93,"symbol":2,"clipDepth":0,"id":46,"matrix":[-4.51397705078125,0.63946533203125,-0.0953369140625,-0.67333984375,37188,5848]},{"name":null,"type":0,"depth":95,"symbol":2,"clipDepth":0,"id":47,"matrix":[-3.95977783203125,-0.038726806640625,0.006072998046875,-0.618240356445312,40056,6940]},{"name":null,"type":0,"depth":97,"symbol":2,"clipDepth":0,"id":48,"matrix":[-3.38798522949219,2.04193115234375,-0.945236206054688,-1.56866455078125,47299,7199]},{"name":null,"type":0,"depth":99,"symbol":2,"clipDepth":0,"id":49,"matrix":[-5.30206298828125,-1.23388671875,0.13958740234375,-0.599639892578125,48977,7387]},{"name":null,"type":0,"depth":101,"symbol":2,"clipDepth":0,"id":50,"matrix":[-9.05381774902344,-3.62860107421875,0.22979736328125,-0.573257446289062,41236,7695]},{"name":null,"type":0,"depth":103,"symbol":2,"clipDepth":0,"id":51,"matrix":[2.75016784667969,-0.0036773681640625,0.0043487548828125,3.04808044433594,30571,18210]},{"name":null,"type":0,"depth":105,"symbol":2,"clipDepth":0,"id":52,"matrix":[4.52452087402344,-0.0060577392578125,0.004058837890625,2.84617614746094,38415,18250]},{"name":null,"type":0,"depth":107,"symbol":2,"clipDepth":0,"id":53,"matrix":[3.23661804199219,-0.00433349609375,0.00396728515625,2.78131103515625,42593,18405]},{"name":null,"type":0,"depth":109,"symbol":2,"clipDepth":0,"id":54,"matrix":[2.59378051757812,-0.00347900390625,0.0023956298828125,1.68937683105469,44881,18517]},{"name":null,"type":0,"depth":111,"symbol":2,"clipDepth":0,"id":55,"matrix":[4.8486328125,-0.0064697265625,0.0012054443359375,0.843917846679688,22329,16108]},{"name":null,"type":0,"depth":113,"symbol":2,"clipDepth":0,"id":56,"matrix":[2.18264770507812,2.04264831542969,-1.084228515625,1.15875244140625,23349,18625]},{"name":null,"type":0,"depth":115,"symbol":2,"clipDepth":0,"id":57,"matrix":[0.729095458984375,0.62908935546875,-2.62893676757812,3.04736328125,10384,16341]},{"name":null,"type":0,"depth":117,"symbol":2,"clipDepth":0,"id":58,"matrix":[0.961349487304688,0.0113983154296875,-0.0678253173828125,5.75950622558594,10874,14693]},{"name":null,"type":0,"depth":119,"symbol":2,"clipDepth":0,"id":59,"matrix":[0.961349487304688,0.0113983154296875,-0.0655364990234375,5.56472778320312,7822,14704]},{"name":null,"type":0,"depth":121,"symbol":2,"clipDepth":0,"id":60,"matrix":[0.701995849609375,-0.658706665039062,2.98724365234375,3.18301391601562,8406,16327]},{"name":null,"type":0,"depth":123,"symbol":2,"clipDepth":0,"id":61,"matrix":[0.023284912109375,-0.960723876953125,2.83172607421875,0.068359375,9407,16899]},{"name":null,"type":0,"depth":125,"symbol":2,"clipDepth":0,"id":62,"matrix":[0.958663940429688,-0.0689697265625,0.329025268554688,4.56820678710938,20725,14609]},{"name":null,"type":0,"depth":127,"symbol":2,"clipDepth":0,"id":63,"matrix":[0.701995849609375,-0.658706665039062,1.76994323730469,1.88592529296875,21104,15746]},{"name":null,"type":0,"depth":129,"symbol":2,"clipDepth":0,"id":64,"matrix":[0.729095458984375,0.62908935546875,-1.35052490234375,1.56549072265625,23450,15774]},{"name":null,"type":0,"depth":131,"symbol":2,"clipDepth":0,"id":65,"matrix":[0.959762573242188,0.053985595703125,-0.2457275390625,4.37503051757812,23718,14730]},{"name":null,"type":0,"depth":133,"symbol":2,"clipDepth":0,"id":66,"matrix":[-1.49388122558594,-3.14117431640625,0.543228149414062,-0.258377075195312,26219,7842]},{"name":null,"type":0,"depth":135,"symbol":2,"clipDepth":0,"id":67,"matrix":[-0.715576171875,5.99301147460938,-1.45866394042969,-0.174041748046875,4385,13086]},{"name":null,"type":0,"depth":137,"symbol":2,"clipDepth":0,"id":68,"matrix":[-0.007598876953125,4.26119995117188,-1.47166442871094,-0.00250244140625,1883,13466]},{"name":null,"type":0,"depth":139,"symbol":2,"clipDepth":0,"id":69,"matrix":[9.13011169433594,0.022247314453125,-0.00274658203125,1.1693115234375,5825,14126]},{"name":null,"type":0,"depth":141,"symbol":2,"clipDepth":0,"id":70,"matrix":[3.49807739257812,0.0085296630859375,-0.00274658203125,1.1693115234375,941,14109]},{"name":null,"type":0,"depth":143,"symbol":2,"clipDepth":0,"id":71,"matrix":[0.611083984375,0.286712646484375,-1.2486572265625,2.66203308105469,40227,18342]},{"name":null,"type":0,"depth":145,"symbol":2,"clipDepth":0,"id":72,"matrix":[0.475723266601562,-0.155807495117188,0.8907470703125,2.71875,40996,18330]},{"name":null,"type":0,"depth":147,"symbol":2,"clipDepth":0,"id":73,"matrix":[1.40287780761719,-0.0018768310546875,0.000457763671875,0.31597900390625,40639,17817]},{"name":null,"type":0,"depth":149,"symbol":2,"clipDepth":0,"id":74,"matrix":[3.22222900390625,-0.004302978515625,0.0023040771484375,1.60784912109375,31984,18498]},{"name":null,"type":0,"depth":151,"symbol":2,"clipDepth":0,"id":75,"matrix":[3.56427001953125,-0.0047607421875,0.0028228759765625,1.97039794921875,28315,18407]},{"name":null,"type":0,"depth":153,"symbol":2,"clipDepth":0,"id":76,"matrix":[0.611083984375,0.286712646484375,-1.17837524414062,2.51214599609375,33304,18364]},{"name":null,"type":0,"depth":155,"symbol":2,"clipDepth":0,"id":77,"matrix":[0.475723266601562,-0.155807495117188,0.8907470703125,2.71875,34060,18380]},{"name":null,"type":0,"depth":157,"symbol":2,"clipDepth":0,"id":78,"matrix":[1.40287780761719,-0.0018768310546875,0.000457763671875,0.31597900390625,33703,17867]},{"name":null,"type":0,"depth":159,"symbol":2,"clipDepth":0,"id":79,"matrix":[0.611083984375,0.286712646484375,-1.09031677246094,2.32444763183594,25526,18381]},{"name":null,"type":0,"depth":161,"symbol":2,"clipDepth":0,"id":80,"matrix":[0.475723266601562,-0.155807495117188,0.773193359375,2.35995483398438,26262,18369]},{"name":null,"type":0,"depth":163,"symbol":2,"clipDepth":0,"id":81,"matrix":[1.46966552734375,-0.0019683837890625,0.000457763671875,0.31597900390625,25914,17924]},{"name":null,"type":0,"depth":165,"symbol":2,"clipDepth":0,"id":82,"matrix":[-9.1552734375e-05,0.69940185546875,-1.85246276855469,-0.0002593994140625,12050,9975]},{"name":null,"type":0,"depth":167,"symbol":2,"clipDepth":0,"id":83,"matrix":[5.09440612792969,0.29632568359375,-0.048370361328125,0.831756591796875,1255,7724]},{"name":null,"type":0,"depth":169,"symbol":2,"clipDepth":0,"id":84,"matrix":[-1.32977294921875,-0.766357421875,0.381072998046875,-0.661026000976562,19334,7319]},{"name":null,"type":0,"depth":171,"symbol":2,"clipDepth":0,"id":85,"matrix":[-7.20103454589844,0.6563720703125,-0.061614990234375,-0.676651000976562,20945,7314]},{"name":null,"type":0,"depth":173,"symbol":2,"clipDepth":0,"id":86,"matrix":[-5.62796020507812,-1.01168823242188,0.109237670898438,-0.607437133789062,43777,7296]},{"name":null,"type":0,"depth":175,"symbol":2,"clipDepth":0,"id":87,"matrix":[-1.49468994140625,0.676177978515625,-0.253890991210938,-0.561370849609375,45124,7356]},{"name":null,"type":0,"depth":177,"symbol":2,"clipDepth":0,"id":88,"matrix":[-1.72265625,-0.453811645507812,0.1573486328125,-0.59710693359375,41118,7016]},{"name":null,"type":0,"depth":179,"symbol":2,"clipDepth":0,"id":89,"matrix":[-3.24484252929688,0.085601806640625,-0.0162200927734375,-0.616744995117188,42045,7118]},{"name":null,"type":0,"depth":181,"symbol":2,"clipDepth":0,"id":90,"matrix":[-1.30595397949219,1.45693969726562,-0.314529418945312,-0.281967163085938,47970,6327]},{"name":null,"type":0,"depth":183,"symbol":2,"clipDepth":0,"id":91,"matrix":[-3.58299255371094,-0.5867919921875,0.099578857421875,-0.607650756835938,46075,7353]},{"name":null,"type":0,"depth":185,"symbol":2,"clipDepth":0,"id":92,"matrix":[2.26145935058594,0.18194580078125,-0.122848510742188,1.52813720703125,12938,17647]},{"name":null,"type":0,"depth":187,"symbol":2,"clipDepth":0,"id":93,"matrix":[0.006927490234375,2.91055297851562,-1.85350036621094,0.00457763671875,610,18961]},{"name":null,"type":0,"depth":189,"symbol":2,"clipDepth":0,"id":94,"matrix":[0.0252227783203125,0.742462158203125,-1.44552612304688,0.0492401123046875,536,18162]},{"name":null,"type":0,"depth":191,"symbol":2,"clipDepth":0,"id":95,"matrix":[0.412918090820312,1.00054931640625,-0.253158569335938,0.1044921875,863,18231]},{"name":null,"type":0,"depth":193,"symbol":2,"clipDepth":0,"id":96,"matrix":[4.826904296875,0.356781005859375,-0.152679443359375,2.0677490234375,22136,18331]},{"name":null,"type":0,"depth":195,"symbol":2,"clipDepth":0,"id":97,"matrix":[0.539352416992188,-0.651229858398438,1.73818969726562,1.43972778320312,11479,9693]},{"name":null,"type":0,"depth":197,"symbol":2,"clipDepth":0,"id":98,"matrix":[0.837432861328125,-0.106643676757812,0.229904174804688,1.80607604980469,10459,9086]},{"name":null,"type":0,"depth":199,"symbol":2,"clipDepth":0,"id":99,"matrix":[-0.0211181640625,-0.843643188476562,1.51922607421875,-0.0379638671875,10946,9471]},{"name":null,"type":0,"depth":201,"symbol":2,"clipDepth":0,"id":100,"matrix":[-3.49749755859375,1.33091735839844,-0.27618408203125,-0.725936889648438,25101,7460]},{"name":null,"type":0,"depth":203,"symbol":2,"clipDepth":0,"id":101,"matrix":[1.474853515625,0.130783081054688,-0.0535736083984375,0.603530883789062,23444,7519]},{"name":null,"type":0,"depth":205,"symbol":2,"clipDepth":0,"id":102,"matrix":[2.197021484375,0.401107788085938,-0.108840942382812,0.595855712890625,24152,7633]},{"name":null,"type":0,"depth":207,"symbol":2,"clipDepth":0,"id":103,"matrix":[7.46726989746094,-0.0023193359375,0.0002899169921875,0.948043823242188,40364,11581]},{"name":null,"type":0,"depth":209,"symbol":2,"clipDepth":0,"id":104,"matrix":[-1.54393005371094,-4.03727722167969,0.69610595703125,-0.26617431640625,16481,12795]},{"name":null,"type":0,"depth":211,"symbol":2,"clipDepth":0,"id":105,"matrix":[1.94479370117188,-4.17567443847656,0.53326416015625,0.248397827148438,28103,12794]},{"name":null,"type":0,"depth":213,"symbol":2,"clipDepth":0,"id":106,"matrix":[3.90855407714844,0.009521484375,-0.0093994140625,3.9881591796875,40040,7720]},{"name":null,"type":0,"depth":215,"symbol":2,"clipDepth":0,"id":107,"matrix":[124.711700439453,-0.167205810546875,0.003936767578125,2.75741577148438,25050,20465]},{"name":null,"type":0,"depth":217,"symbol":2,"clipDepth":0,"id":108,"matrix":[32.7283935546875,-0.0438690185546875,0.003936767578125,2.76077270507812,17110,19307]},{"name":null,"type":0,"depth":219,"symbol":2,"clipDepth":0,"id":109,"matrix":[65.9127807617188,-0.088348388671875,0.0022125244140625,1.55072021484375,36818,19646]},{"name":null,"type":0,"depth":221,"symbol":2,"clipDepth":0,"id":110,"matrix":[-0.0193939208984375,-27.1123962402344,4.38853454589844,-0.0035247802734375,49100,13915]},{"name":null,"type":0,"depth":223,"symbol":2,"clipDepth":0,"id":111,"matrix":[34.892822265625,-0.0467681884765625,0.0067291259765625,4.71258544921875,41300,12694]},{"name":null,"type":0,"depth":225,"symbol":2,"clipDepth":0,"id":112,"matrix":[0.0370635986328125,-4.96397399902344,1.8865966796875,0.0139312744140625,47779,14710]},{"name":null,"type":0,"depth":227,"symbol":2,"clipDepth":0,"id":113,"matrix":[15.5014343261719,-0.020782470703125,0.0112457275390625,7.8814697265625,45037,10116]},{"name":null,"type":0,"depth":229,"symbol":2,"clipDepth":0,"id":114,"matrix":[2.56486511230469,4.46311950683594,-1.79840087890625,1.03372192382812,41232,9514]},{"name":null,"type":0,"depth":231,"symbol":2,"clipDepth":0,"id":115,"matrix":[16.8467407226562,-0.0225830078125,0.002960205078125,2.0743408203125,46127,7919]},{"name":null,"type":0,"depth":233,"symbol":2,"clipDepth":0,"id":116,"matrix":[26.9666137695312,-0.0361480712890625,0.0048980712890625,3.43717956542969,22306,12844]},{"name":null,"type":0,"depth":235,"symbol":2,"clipDepth":0,"id":117,"matrix":[5.32693481445312,-0.00714111328125,0.00518798828125,3.6363525390625,22315,15069]},{"name":null,"type":0,"depth":237,"symbol":2,"clipDepth":0,"id":118,"matrix":[11.6699371337891,-0.0156402587890625,0.0052490234375,3.67770385742188,6940,13078]},{"name":null,"type":0,"depth":239,"symbol":2,"clipDepth":0,"id":119,"matrix":[0.015045166015625,7.77372741699219,-6.58958435058594,0.013336181640625,9382,14265]},{"name":null,"type":0,"depth":241,"symbol":2,"clipDepth":0,"id":120,"matrix":[-0.0178070068359375,-13.7515258789062,3.67535400390625,-0.0050811767578125,997,11212]},{"name":null,"type":0,"depth":243,"symbol":2,"clipDepth":0,"id":121,"matrix":[-0.0464324951171875,-7.26495361328125,2.05027770996094,-0.0132904052734375,2097,10116]},{"name":null,"type":0,"depth":245,"symbol":2,"clipDepth":0,"id":122,"matrix":[3.45989990234375,-0.004638671875,0.002960205078125,2.0743408203125,9380,16120]},{"name":null,"type":0,"depth":247,"symbol":2,"clipDepth":0,"id":123,"matrix":[10.0868530273438,0,0,71.4192504882812,-1857,9839]},{"name":null,"type":0,"depth":249,"symbol":2,"clipDepth":0,"id":124,"matrix":[146.724105834961,0,0,6.74832153320312,25608,-3055]},{"name":null,"type":0,"depth":251,"symbol":2,"clipDepth":0,"id":125,"matrix":[11.8909149169922,0,0,72.7576904296875,52540,10078]},{"name":null,"type":0,"depth":253,"symbol":2,"clipDepth":0,"id":126,"matrix":[146.513320922852,0,0,12.1722869873047,25554,22146]},{"name":null,"type":0,"depth":255,"symbol":2,"clipDepth":0,"id":127,"matrix":[0.41851806640625,-0.232955932617188,0.330978393554688,0.594512939453125,32620,9460]},{"name":null,"type":0,"depth":257,"symbol":2,"clipDepth":0,"id":128,"matrix":[-0.241973876953125,-0.134689331054688,-0.243194580078125,0.43682861328125,29694,8156]},{"name":null,"type":0,"depth":259,"symbol":2,"clipDepth":0,"id":129,"matrix":[-0.70404052734375,-0.217453002929688,-0.170822143554688,0.552963256835938,28486,11918]},{"name":null,"type":0,"depth":261,"symbol":2,"clipDepth":0,"id":130,"matrix":[0.79351806640625,-0.3388671875,0.22137451171875,0.51824951171875,16129,11914]},{"name":null,"type":0,"depth":263,"symbol":2,"clipDepth":0,"id":131,"matrix":[-0.011688232421875,2.70355224609375,-1.18994140625,-0.005157470703125,18240,7423]},{"name":null,"type":0,"depth":265,"symbol":2,"clipDepth":0,"id":132,"matrix":[-0.01409912109375,3.26364135742188,-1.18994140625,-0.005157470703125,26459,7772]},{"name":null,"type":0,"depth":267,"symbol":2,"clipDepth":0,"id":133,"matrix":[0.41851806640625,-0.232955932617188,0.330978393554688,0.594512939453125,30654,11502]},{"name":null,"type":0,"depth":269,"symbol":2,"clipDepth":0,"id":134,"matrix":[-0.0199737548828125,4.61746215820312,-6.6004638671875,-0.0286712646484375,41778,10503]},{"name":null,"type":0,"depth":271,"symbol":2,"clipDepth":0,"id":135,"matrix":[0.269699096679688,-0.150115966796875,0.330978393554688,0.594512939453125,33069,13677]},{"name":null,"type":0,"depth":273,"symbol":2,"clipDepth":0,"id":136,"matrix":[-0.241973876953125,-0.134689331054688,-0.243194580078125,0.43682861328125,31480,13660]},{"name":null,"type":0,"depth":275,"symbol":2,"clipDepth":0,"id":137,"matrix":[0.41851806640625,-0.232955932617188,0.330978393554688,0.594512939453125,31720,15860]},{"name":null,"type":0,"depth":277,"symbol":2,"clipDepth":0,"id":138,"matrix":[-0.241973876953125,-0.134689331054688,-0.243194580078125,0.43682861328125,35220,15820]},{"name":null,"type":0,"depth":279,"symbol":2,"clipDepth":0,"id":139,"matrix":[-0.241973876953125,-0.134689331054688,-0.243194580078125,0.43682861328125,39300,17760]},{"name":null,"type":0,"depth":281,"symbol":2,"clipDepth":0,"id":140,"matrix":[0.500244140625,-0.017425537109375,0.099945068359375,2.85917663574219,39308,18305]},{"name":null,"type":0,"depth":283,"symbol":2,"clipDepth":0,"id":141,"matrix":[0.499664306640625,-0.0299530029296875,0.171493530273438,2.85577392578125,43227,18462]},{"name":null,"type":0,"depth":285,"symbol":2,"clipDepth":0,"id":142,"matrix":[0.49969482421875,-0.0288543701171875,0.1654052734375,2.85612487792969,45389,18778]},{"name":null,"type":0,"depth":287,"symbol":2,"clipDepth":0,"id":143,"matrix":[0.499755859375,-0.028045654296875,0.160629272460938,2.85638427734375,29006,18597]},{"name":null,"type":0,"depth":289,"symbol":2,"clipDepth":0,"id":144,"matrix":[0.49151611328125,-0.094757080078125,0.5418701171875,2.80914306640625,15043,18479]},{"name":null,"type":0,"depth":291,"symbol":2,"clipDepth":0,"id":145,"matrix":[0.49151611328125,-0.094757080078125,0.5418701171875,2.80914306640625,13420,18000]},{"name":null,"type":0,"depth":293,"symbol":2,"clipDepth":0,"id":146,"matrix":[0.49151611328125,-0.094757080078125,0.68536376953125,3.55316162109375,1018,19111]},{"name":null,"type":0,"depth":295,"symbol":2,"clipDepth":0,"id":147,"matrix":[-0.49981689453125,-0.026641845703125,-0.152587890625,2.85682678222656,41964,18439]},{"name":null,"type":0,"depth":297,"symbol":2,"clipDepth":0,"id":148,"matrix":[-0.499755859375,-0.0281829833984375,-0.161422729492188,2.85633850097656,44349,18797]},{"name":null,"type":0,"depth":299,"symbol":2,"clipDepth":0,"id":149,"matrix":[-0.50018310546875,-0.0189666748046875,-0.108734130859375,2.85885620117188,37494,18304]},{"name":null,"type":0,"depth":301,"symbol":2,"clipDepth":0,"id":150,"matrix":[-0.5,-0.0233612060546875,-0.13385009765625,2.8577880859375,27613,18619]},{"name":null,"type":0,"depth":303,"symbol":2,"clipDepth":0,"id":151,"matrix":[-0.49151611328125,-0.094757080078125,-0.5418701171875,2.80914306640625,16500,18440]},{"name":null,"type":0,"depth":305,"symbol":2,"clipDepth":0,"id":152,"matrix":[-0.49151611328125,-0.094757080078125,-0.5418701171875,2.80914306640625,12480,17900]},{"name":null,"type":0,"depth":307,"symbol":2,"clipDepth":0,"id":153,"matrix":[0.49151611328125,-0.094757080078125,0.254669189453125,1.32025146484375,7108,7800]},{"name":null,"type":0,"depth":309,"symbol":2,"clipDepth":0,"id":154,"matrix":[-0.241973876953125,-0.134689331054688,-0.243194580078125,0.43682861328125,40880,17840]},{"name":null,"type":0,"depth":311,"symbol":2,"clipDepth":0,"id":155,"matrix":[-0.241973876953125,-0.134689331054688,-0.243194580078125,0.43682861328125,43200,17940]},{"name":null,"type":0,"depth":313,"symbol":2,"clipDepth":0,"id":156,"matrix":[-0.241973876953125,-0.134689331054688,-0.243194580078125,0.43682861328125,45360,18260]},{"name":null,"type":0,"depth":315,"symbol":2,"clipDepth":0,"id":157,"matrix":[-0.241973876953125,-0.134689331054688,-0.243194580078125,0.43682861328125,32560,18240]},{"name":null,"type":0,"depth":317,"symbol":2,"clipDepth":0,"id":158,"matrix":[0.475723266601562,-0.155807495117188,0.8907470703125,2.71875,32728,18768]},{"name":null,"type":0,"depth":319,"symbol":2,"clipDepth":0,"id":159,"matrix":[-0.0093994140625,1.18133544921875,-0.839645385742188,-0.0066070556640625,31200,18420]},{"name":null,"type":0,"depth":321,"symbol":2,"clipDepth":0,"id":160,"matrix":[0.41851806640625,-0.232955932617188,0.330978393554688,0.594512939453125,30040,17740]},{"name":null,"type":0,"depth":323,"symbol":2,"clipDepth":0,"id":161,"matrix":[0.706695556640625,0.074493408203125,-0.192535400390625,2.97221374511719,30006,18304]},{"name":null,"type":0,"depth":325,"symbol":2,"clipDepth":0,"id":162,"matrix":[0.41851806640625,-0.232955932617188,0.330978393554688,0.594512939453125,27674,18122]},{"name":null,"type":0,"depth":327,"symbol":2,"clipDepth":0,"id":163,"matrix":[0.41851806640625,-0.232955932617188,0.330978393554688,0.594512939453125,37560,17800]},{"name":null,"type":0,"depth":329,"symbol":2,"clipDepth":0,"id":164,"matrix":[-0.241973876953125,-0.134689331054688,-0.243194580078125,0.43682861328125,31080,17680]},{"name":null,"type":0,"depth":331,"symbol":2,"clipDepth":0,"id":165,"matrix":[0.498764038085938,-0.042633056640625,0.2440185546875,2.85050964355469,31100,18240]},{"name":null,"type":0,"depth":333,"symbol":2,"clipDepth":0,"id":166,"matrix":[-0.241973876953125,-0.134689331054688,-0.243194580078125,0.43682861328125,28980,18080]},{"name":null,"type":0,"depth":335,"symbol":2,"clipDepth":0,"id":167,"matrix":[0.44964599609375,-0.1650390625,0.2344970703125,0.63873291015625,44411,18300]},{"name":null,"type":0,"depth":337,"symbol":2,"clipDepth":0,"id":168,"matrix":[0.21502685546875,-0.11968994140625,0.330978393554688,0.594512939453125,41995,17962]},{"name":null,"type":0,"depth":339,"symbol":2,"clipDepth":0,"id":169,"matrix":[0.41851806640625,-0.232955932617188,0.330978393554688,0.594512939453125,40420,17860]},{"name":null,"type":0,"depth":341,"symbol":2,"clipDepth":0,"id":170,"matrix":[-0.49957275390625,0.0312347412109375,0.12066650390625,1.93310546875,33089,13993]},{"name":null,"type":0,"depth":343,"symbol":2,"clipDepth":0,"id":171,"matrix":[0.4998779296875,0.025909423828125,-0.14385986328125,1.87481689453125,31442,13987]},{"name":null,"type":0,"depth":345,"symbol":2,"clipDepth":0,"id":172,"matrix":[0.41851806640625,-0.232955932617188,0.330978393554688,0.594512939453125,16580,17960]},{"name":null,"type":0,"depth":347,"symbol":2,"clipDepth":0,"id":173,"matrix":[0.2674560546875,-0.14886474609375,0.330978393554688,0.594512939453125,13000,15816]},{"name":null,"type":0,"depth":349,"symbol":2,"clipDepth":0,"id":174,"matrix":[-0.2674560546875,-0.14886474609375,-0.330978393554688,0.594512939453125,16436,15820]},{"name":null,"type":0,"depth":351,"symbol":2,"clipDepth":0,"id":175,"matrix":[0.2674560546875,-0.14886474609375,0.330978393554688,0.594512939453125,12560,17420]},{"name":null,"type":0,"depth":353,"symbol":2,"clipDepth":0,"id":176,"matrix":[-0.2674560546875,-0.14886474609375,-0.330978393554688,0.594512939453125,13360,17480]},{"name":null,"type":0,"depth":355,"symbol":2,"clipDepth":0,"id":177,"matrix":[-0.2674560546875,-0.14886474609375,-0.330978393554688,0.594512939453125,14940,17960]},{"name":null,"type":0,"depth":357,"symbol":2,"clipDepth":0,"id":178,"matrix":[-0.2674560546875,-0.14886474609375,-0.330978393554688,0.594512939453125,13320,13660]},{"name":null,"type":0,"depth":359,"symbol":2,"clipDepth":0,"id":179,"matrix":[-0.2674560546875,-0.14886474609375,-0.330978393554688,0.594512939453125,13240,11980]},{"name":null,"type":0,"depth":361,"symbol":2,"clipDepth":0,"id":180,"matrix":[0.2674560546875,-0.14886474609375,0.330978393554688,0.594512939453125,15100,13700]},{"name":null,"type":0,"depth":363,"symbol":2,"clipDepth":0,"id":181,"matrix":[-0.2674560546875,-0.14886474609375,-0.330978393554688,0.594512939453125,12380,9960]},{"name":null,"type":0,"depth":365,"symbol":2,"clipDepth":0,"id":182,"matrix":[0.2674560546875,-0.14886474609375,0.330978393554688,0.594512939453125,15100,8320]},{"name":null,"type":0,"depth":367,"symbol":2,"clipDepth":0,"id":183,"matrix":[-0.2674560546875,-0.14886474609375,-0.330978393554688,0.594512939453125,7100,7620]},{"name":null,"type":0,"depth":369,"symbol":2,"clipDepth":0,"id":184,"matrix":[-0.2674560546875,-0.14886474609375,-0.330978393554688,0.594512939453125,9540,5880]},{"name":null,"type":0,"depth":371,"symbol":2,"clipDepth":0,"id":185,"matrix":[0.2674560546875,-0.14886474609375,0.330978393554688,0.594512939453125,6780,6100]},{"name":null,"type":0,"depth":373,"symbol":2,"clipDepth":0,"id":186,"matrix":[0.2674560546875,-0.14886474609375,0.330978393554688,0.594512939453125,4300,11940]},{"name":null,"type":0,"depth":375,"symbol":2,"clipDepth":0,"id":187,"matrix":[-0.2674560546875,-0.14886474609375,-0.330978393554688,0.594512939453125,3820,10160]},{"name":null,"type":0,"depth":377,"symbol":2,"clipDepth":0,"id":188,"matrix":[-0.2674560546875,-0.14886474609375,-0.330978393554688,0.594512939453125,37998,5697]},{"name":null,"type":0,"depth":379,"symbol":2,"clipDepth":0,"id":189,"matrix":[-0.2674560546875,-0.14886474609375,-0.330978393554688,0.594512939453125,48140,6100]},{"name":null,"type":0,"depth":381,"symbol":2,"clipDepth":0,"id":190,"matrix":[0.41851806640625,-0.232955932617188,0.330978393554688,0.594512939453125,36320,5940]},{"name":null,"type":0,"depth":383,"symbol":2,"clipDepth":0,"id":191,"matrix":[0.41851806640625,-0.232955932617188,0.330978393554688,0.594512939453125,18080,6800]},{"name":null,"type":0,"depth":385,"symbol":2,"clipDepth":0,"id":192,"matrix":[-0.241973876953125,-0.134689331054688,-0.243194580078125,0.43682861328125,26700,7100]},{"name":null,"type":0,"depth":387,"symbol":2,"clipDepth":0,"id":193,"matrix":[-0.00164794921875,-0.994171142578125,0.354522705078125,-0.000579833984375,3785,10232]},{"name":null,"type":0,"depth":389,"symbol":2,"clipDepth":0,"id":194,"matrix":[7.60369873046875,0.663909912109375,-0.0311279296875,0.3563232421875,16649,8542]},{"name":null,"type":0,"depth":391,"symbol":2,"clipDepth":0,"id":195,"matrix":[9.11383056640625,-0.88604736328125,0.034576416015625,0.355789184570312,27856,8434]},{"name":null,"type":0,"depth":393,"symbol":2,"clipDepth":0,"id":196,"matrix":[0.552230834960938,-0.0007171630859375,0.0035858154296875,2.52670288085938,48169,6615]},{"name":null,"type":0,"depth":395,"symbol":2,"clipDepth":0,"id":197,"matrix":[3.63847351074219,-0.121749877929688,0.0096893310546875,0.28961181640625,7455,6158]},{"name":null,"type":0,"depth":397,"symbol":2,"clipDepth":0,"id":198,"matrix":[3.59701538085938,-0.551895141601562,0.0439300537109375,0.28631591796875,8880,6060]}]}]},{"type":5,"className":"com.darkness.tdp4.maps.view.MapGFXBack","baseClassName":null,"id":10,"frames":[{"objects":[{"name":null,"type":0,"depth":1,"symbol":9,"clipDepth":0,"id":0,"matrix":[1,0,0,1,0,0]}]}]},{"type":4,"id":9,"commands":[3,5,1,255,0.698039215686274,8,42159,-1677,7,42062,-1677,7,29854,-1680,7,1192,-1686,7,267,-1680,7,263,7513,7,2112,7620,7,4130,7395,7,7149,7522,7,7128,8043,7,9741,8039,7,10555,8726,7,10600,9180,7,11229,9320,7,11918,9855,7,12420,9855,7,12280,10100,7,11680,10097,7,10649,9673,7,9320,8740,7,3020,8731,7,3022,10264,7,4000,10240,7,4016,10496,7,3442,10558,7,2176,12756,7,2172,14341,7,263,14371,7,263,18044,7,819,18025,7,819,18027,7,828,18023,7,983,18397,7,984,18397,7,984,18399,7,986,19560,7,8941,19579,7,12021,17865,7,12021,17857,7,12477,17857,7,12520,17332,7,13424,17404,7,13387,17856,7,14979,17855,7,14980,18688,7,16528,18686,7,16526,17865,7,21194,17859,7,23130,18006,7,23983,18810,7,25186,18809,7,25614,17872,7,26202,17872,7,26507,18815,7,27620,18817,7,27611,18026,7,29037,18024,7,29040,18820,7,30022,18822,7,30020,17620,7,31120,17618,7,31122,18824,7,31348,18824,7,31348,18192,7,32636,18190,7,32636,18827,7,32947,18827,7,33418,17825,7,33982,17832,7,34298,18830,7,37500,18834,7,37507,17693,7,39317,17691,7,39320,18840,7,39851,18841,7,40350,17779,7,40922,17772,7,41262,18844,7,41939,18845,7,41937,17878,7,43231,17876,7,43233,18847,7,44361,18849,7,44361,18202,7,45399,18200,7,45399,18851,7,47368,18855,7,47937,18259,7,47961,16652,7,46833,15435,7,46786,14365,7,32938,14402,7,32936,13596,7,33817,13594,7,33820,11790,7,30624,11791,7,30624,11411,7,41512,11407,7,39798,8565,7,35360,8580,7,34320,9400,7,32660,9587,7,32632,9341,7,34166,9150,7,35297,8291,7,42285,8282,7,39270,6827,7,40810,6818,7,41495,7021,7,42696,7000,7,44818,7380,7,45378,7133,7,46441,7306,7,47607,6594,7,47583,6369,7,47822,5741,7,48297,5749,7,48259,5851,7,48171,6089,7,48180,6080,7,48166,6102,7,48123,6218,7,48054,6778,7,48039,6898,7,48157,7093,7,50016,7526,7,50020,-1672,7,42256,-1675,7,42159,-1677,8,50400,-1672,7,50400,20005,7,50400,20365,7,50400,20860,7,50405,20860,7,50405,21715,7,42256,21712,7,86,21695,7,-184,21695,7,-215,21695,7,-464,21695,7,-485,21695,7,-765,21695,7,-765,21200,7,-770,21200,7,-770,20365,7,-770,20285,7,-770,20005,7,-770,-1960,7,-765,-1960,7,-765,-2527,7,50405,-2527,7,50405,-1672,7,50400,-1672,8,38100,5777,7,37910,6028,7,36490,6228,7,36420,6020,7,36267,5860,7,38073,5604,7,38100,5777,8,26336,7820,7,26608,8393,7,26549,9779,7,26314,9779,7,26160,8560,7,25950,8147,7,25865,7979,7,25429,7976,7,18979,7924,7,18666,7921,7,18634,8008,7,18596,8111,7,18460,8480,7,18391,9041,7,18342,9438,7,18333,9510,7,18292,9843,7,18050,9843,7,18014,9510,7,18006,9438,7,17963,9041,7,17920,8640,7,18159,8008,7,18253,7760,7,18261,7740,7,18522,7049,7,18046,6698,7,19152,7059,7,19604,7319,7,22349,7069,7,22353,7069,7,23214,7393,7,23746,7440,7,23745,7451,7,24404,7571,7,25743,7062,7,25749,7077,7,25950,7070,7,26740,7042,7,26067,7256,7,26336,7820,8,28420,12815,7,25875,12815,7,25875,13602,7,31593,13596,7,31593,14398,7,23875,14405,7,23862,15605,7,23300,16296,7,21360,16320,7,20617,15535,7,20631,14409,7,14833,14414,7,14833,13612,7,18563,13609,7,18563,12815,7,16260,12820,7,15960,12240,7,16180,11780,7,28420,11773,7,28620,12280,7,28420,12815,8,35060,15660,7,35239,15918,7,35164,15918,7,35239,16058,7,31707,16050,7,31797,15910,7,31707,15910,7,31840,15640,7,35060,15660,8,9585,5794,7,9585,6084,7,8200,6296,7,6775,6318,7,6775,6020,7,8182,5973,7,9583,5781,7,9585,5794,8,4007,14386,7,4231,11905,7,4231,11864,7,13281,11886,7,13279,12354,7,11820,12617,7,11815,13572,7,13380,13578,7,13376,14402,7,11079,14393,7,11061,15860,7,11060,15886,7,9972,17073,7,8866,17116,7,7617,15835,7,7634,14394,7,4007,14386,8,16360,15620,7,16499,15878,7,16410,15878,7,16486,16019,7,12954,16011,7,13045,15870,7,12967,15870,7,13140,15600,7,16360,15620,5]},{"type":5,"className":"com.darkness.tdp4.maps.view.MapTestPolygonContainer","baseClassName":null,"id":8,"frames":[{"objects":[{"name":null,"type":0,"depth":1,"symbol":2,"clipDepth":0,"id":0,"matrix":[-0.0868988037109375,-0.0004730224609375,0.0315704345703125,-5.71163940429688,19039,13017]},{"name":null,"type":0,"depth":3,"symbol":2,"clipDepth":0,"id":1,"matrix":[-0.0868988037109375,-0.0004730224609375,0.057159423828125,-10.3421630859375,22272,13969]},{"name":null,"type":0,"depth":5,"symbol":2,"clipDepth":0,"id":2,"matrix":[-6.103515625e-05,0.0868988037109375,-21.5379638671875,-0.0155181884765625,8662,12171]},{"name":null,"type":0,"depth":7,"symbol":2,"clipDepth":0,"id":3,"matrix":[-6.103515625e-05,0.0868988037109375,-18.9890594482422,-0.0136871337890625,22121,7618]},{"name":null,"type":0,"depth":9,"symbol":2,"clipDepth":0,"id":4,"matrix":[-6.103515625e-05,0.0868988037109375,-23.6549987792969,-0.0170440673828125,4990,8383]},{"name":null,"type":0,"depth":11,"symbol":2,"clipDepth":0,"id":5,"matrix":[-0.0868988037109375,-0.0004730224609375,0.0323944091796875,-5.8612060546875,21817,19223]},{"name":null,"type":0,"depth":13,"symbol":2,"clipDepth":0,"id":6,"matrix":[-0.0868988037109375,-0.0004730224609375,0.0301513671875,-5.45843505859375,25457,12982]},{"name":null,"type":0,"depth":15,"symbol":2,"clipDepth":0,"id":7,"matrix":[-6.103515625e-05,0.0868988037109375,-7.5732421875,-0.005462646484375,14619,15898]},{"name":null,"type":0,"depth":17,"symbol":2,"clipDepth":0,"id":8,"matrix":[-0.0868988037109375,-0.0004730224609375,0.03656005859375,-6.615966796875,12956,18816]},{"name":null,"type":0,"depth":19,"symbol":2,"clipDepth":0,"id":9,"matrix":[-6.103515625e-05,0.0868988037109375,-40.663818359375,-0.0293121337890625,23206,14063]},{"name":null,"type":0,"depth":21,"symbol":2,"clipDepth":0,"id":10,"matrix":[-0.0868988037109375,-0.0004730224609375,0.0323944091796875,-5.8612060546875,30618,18972]},{"name":null,"type":0,"depth":23,"symbol":2,"clipDepth":0,"id":11,"matrix":[-0.0868988037109375,-0.0004730224609375,0.0323944091796875,-5.8612060546875,25900,19200]},{"name":null,"type":0,"depth":25,"symbol":2,"clipDepth":0,"id":12,"matrix":[-0.0868988037109375,-0.0004730224609375,0.0323944091796875,-5.8612060546875,38340,18980]},{"name":null,"type":0,"depth":27,"symbol":2,"clipDepth":0,"id":13,"matrix":[-6.103515625e-05,0.0868988037109375,-40.663818359375,-0.0293121337890625,41420,14020]},{"name":null,"type":0,"depth":29,"symbol":2,"clipDepth":0,"id":14,"matrix":[-6.103515625e-05,0.0868988037109375,-7.66851806640625,-0.005523681640625,33290,15895]},{"name":null,"type":0,"depth":31,"symbol":2,"clipDepth":0,"id":15,"matrix":[-6.103515625e-05,0.0868988037109375,-40.663818359375,-0.0293121337890625,38943,11600]},{"name":null,"type":0,"depth":33,"symbol":2,"clipDepth":0,"id":16,"matrix":[-6.103515625e-05,0.0868988037109375,-36.0219879150391,-0.025970458984375,42585,8419]},{"name":null,"type":0,"depth":35,"symbol":2,"clipDepth":0,"id":17,"matrix":[-0.0868988037109375,-0.0004730224609375,0.0323944091796875,-5.8612060546875,47598,7992]},{"name":null,"type":0,"depth":37,"symbol":2,"clipDepth":0,"id":18,"matrix":[-6.103515625e-05,0.0868988037109375,-21.5379638671875,-0.0155181884765625,8680,14100]},{"name":null,"type":0,"depth":39,"symbol":2,"clipDepth":0,"id":19,"matrix":[-0.0868988037109375,-0.0004730224609375,0.03656005859375,-6.615966796875,9420,15660]}]}]},{"type":5,"className":"com.darkness.tdp4.maps.view.MapBGS","baseClassName":null,"id":7,"frames":[{"objects":[{"name":null,"type":0,"depth":1,"symbol":6,"clipDepth":0,"id":0,"matrix":[1,0,0,1,0,0]}]}]},{"type":5,"id":6,"frames":[{"objects":[{"type":0,"depth":0,"symbol":5,"clipDepth":0,"id":0,"visible":true,"matrix":[1,0,0,1,0,0]}]}]},{"type":5,"className":"com.darkness.tdp4.maps.view.GameMap","baseClassName":null,"id":33,"frames":[{"objects":[{"name":null,"type":0,"depth":1,"symbol":32,"clipDepth":0,"id":0,"matrix":[1,0,0,1,-5500,-4000]},{"name":null,"type":0,"depth":210,"symbol":14,"clipDepth":0,"id":1,"matrix":[1,0,0,1,-5500,-4000]},{"name":null,"type":0,"depth":212,"symbol":11,"clipDepth":0,"id":2,"matrix":[1,0,0,1,-5500,-4000]},{"name":null,"type":0,"depth":610,"symbol":10,"clipDepth":0,"id":3,"visible":false,"matrix":[1,0,0,1,-5500,-4000]},{"name":null,"type":0,"depth":612,"symbol":8,"clipDepth":0,"id":4,"visible":false,"matrix":[1,0,0,1,-5500,-4000]}]}]},{"path":"symbols/5.jpg","type":0,"id":5},{"type":5,"className":"com.darkness.tdp4.maps.view.Map","baseClassName":null,"id":32,"frames":[{"objects":[{"name":null,"type":0,"depth":1,"symbol":16,"clipDepth":0,"id":0,"matrix":[1,0,0,1,0,0]},{"name":"respawnCon","type":0,"depth":2,"symbol":18,"clipDepth":0,"id":1,"matrix":[1,0,0,1,0,0]},{"name":"singlePlayerRespawnCon","type":0,"depth":42,"symbol":19,"clipDepth":0,"id":2,"matrix":[1,0,0,1,0,0]},{"name":"dominationRespawn","type":0,"depth":82,"symbol":20,"clipDepth":0,"id":3,"matrix":[1,0,0,1,0,0]},{"name":"turretRespawn","type":0,"depth":94,"symbol":21,"clipDepth":0,"id":4,"matrix":[1,0,0,1,0,0]},{"name":"controllPointsCon","type":0,"depth":114,"symbol":22,"clipDepth":0,"id":5,"matrix":[1,0,0,1,0,0]},{"name":"botRespawn","type":0,"depth":134,"symbol":23,"clipDepth":0,"id":6,"matrix":[1,0,0,1,0,0]},{"name":"itemCon","type":0,"depth":174,"symbol":24,"clipDepth":0,"id":7,"matrix":[1,0,0,1,0,0]},{"name":"waypoint_0","type":0,"depth":194,"symbol":26,"clipDepth":0,"id":8,"matrix":[0.58050537109375,0,0,2.5625,23740,10140]},{"name":"waypoint_1","type":0,"depth":196,"symbol":26,"clipDepth":0,"id":9,"matrix":[0.58050537109375,0,0,2.5625,30100,10140]},{"name":"waypoint_2","type":0,"depth":198,"symbol":26,"clipDepth":0,"id":10,"matrix":[0.58050537109375,0,0,2.5625,7695,9180]},{"name":"waypoint_3","type":0,"depth":200,"symbol":26,"clipDepth":0,"id":11,"matrix":[0.58050537109375,0,0,2.5625,10174,14367]},{"name":"waypoint_4","type":0,"depth":202,"symbol":26,"clipDepth":0,"id":12,"matrix":[0.58050537109375,0,0,2.5625,21114,13007]},{"name":"waypoint_5","type":0,"depth":204,"symbol":26,"clipDepth":0,"id":13,"matrix":[0.58050537109375,0,0,2.5625,28114,14647]},{"name":"waypoint_6","type":0,"depth":206,"symbol":26,"clipDepth":0,"id":14,"matrix":[0.58050537109375,0,0,2.5625,37754,10827]},{"name":"flagBaseCon","type":0,"depth":208,"symbol":31,"clipDepth":0,"id":15,"matrix":[1,0,0,1,0,0]}]}]},{"type":5,"className":"com.darkness.tdp4.maps.view.MapTop","baseClassName":null,"id":4,"frames":[{}]},{"type":5,"id":31,"frames":[{"objects":[{"name":"base_2","type":0,"depth":1,"symbol":28,"clipDepth":0,"id":0,"filters":[[0,40,40,1]],"matrix":[1,0,0,1,36900,7200]},{"name":"base_1","type":0,"depth":3,"symbol":30,"clipDepth":0,"id":1,"filters":[[0,40,40,1]],"matrix":[1,0,0,1,7600,10900]}]}]},{"type":5,"className":"com.darkness.tdp4.maps.view.MapBulletProofPolygonContainer","baseClassName":null,"id":3,"frames":[{"objects":[{"name":null,"type":0,"depth":1,"symbol":2,"clipDepth":0,"id":0,"matrix":[1.20346069335938,0,0,57.7020263671875,20,9578]},{"name":null,"type":0,"depth":3,"symbol":2,"clipDepth":0,"id":1,"matrix":[125.279830932617,0,0,0.350006103515625,25095,21129]},{"name":null,"type":0,"depth":5,"symbol":2,"clipDepth":0,"id":2,"matrix":[125.385971069336,0,0,0.350006103515625,25217,-1890]},{"name":null,"type":0,"depth":7,"symbol":2,"clipDepth":0,"id":3,"matrix":[0.95660400390625,0,0,57.4026794433594,50209,9580]},{"name":null,"type":0,"depth":9,"symbol":2,"clipDepth":0,"id":4,"matrix":[20.9487762451172,-0.0064849853515625,0.0002899169921875,0.948043823242188,34825,11579]},{"name":null,"type":0,"depth":11,"symbol":2,"clipDepth":0,"id":5,"matrix":[35.5509185791016,-0.0941162109375,0.005340576171875,2.01425170898438,40135,13958]},{"name":null,"type":0,"depth":13,"symbol":2,"clipDepth":0,"id":6,"matrix":[11.5443725585938,0.0721588134765625,-0.0128021240234375,2.05912780761719,2488,8292]},{"name":null,"type":0,"depth":15,"symbol":2,"clipDepth":0,"id":7,"matrix":[5.2432861328125,-0.586868286132812,0.0927276611328125,0.828201293945312,3105,7659]},{"name":null,"type":0,"depth":17,"symbol":2,"clipDepth":0,"id":8,"matrix":[30.4564819335938,-0.0018157958984375,4.57763671875e-05,1.12567138671875,22300,12014]},{"name":null,"type":0,"depth":19,"symbol":2,"clipDepth":0,"id":9,"matrix":[-3.3651123046875,5.839599609375,-1.26206970214844,-0.72711181640625,2513,11558]},{"name":null,"type":0,"depth":21,"symbol":2,"clipDepth":0,"id":10,"matrix":[3.63847351074219,-0.121749877929688,0.0096893310546875,0.28961181640625,7452,6031]},{"name":null,"type":0,"depth":23,"symbol":2,"clipDepth":0,"id":11,"matrix":[41.6578979492188,-0.0402374267578125,0.00189208984375,2.00445556640625,23390,13975]},{"name":null,"type":0,"depth":25,"symbol":2,"clipDepth":0,"id":12,"matrix":[-2.53814697265625,0.0877685546875,-0.0163726806640625,-0.474212646484375,26229,7135]},{"name":null,"type":0,"depth":27,"symbol":2,"clipDepth":0,"id":13,"matrix":[7.5364990234375,0.320632934570312,-0.066497802734375,1.56376647949219,5626,7751]},{"name":null,"type":0,"depth":29,"symbol":2,"clipDepth":0,"id":14,"matrix":[-36.9346923828125,0.048858642578125,-0.0009307861328125,-0.700714111328125,42679,8410]},{"name":null,"type":0,"depth":31,"symbol":2,"clipDepth":0,"id":15,"matrix":[0.539352416992188,-0.651229858398438,2.13687133789062,1.76994323730469,10053,8493]},{"name":null,"type":0,"depth":33,"symbol":2,"clipDepth":0,"id":16,"matrix":[2.19218444824219,0.0145721435546875,-0.0039520263671875,0.599197387695312,3420,10368]},{"name":null,"type":0,"depth":35,"symbol":2,"clipDepth":0,"id":17,"matrix":[3.59701538085938,-0.551895141601562,0.0439300537109375,0.28631591796875,8877,5933]},{"name":null,"type":0,"depth":37,"symbol":2,"clipDepth":0,"id":18,"matrix":[-0.0074462890625,-4.46633911132812,0.5992431640625,-0.0010223388671875,2900,9597]},{"name":null,"type":0,"depth":39,"symbol":2,"clipDepth":0,"id":19,"matrix":[7.234375,-0.01220703125,0.001007080078125,0.59771728515625,8294,8138]},{"name":null,"type":0,"depth":41,"symbol":2,"clipDepth":0,"id":20,"matrix":[-2.75814819335938,-0.879669189453125,0.143966674804688,-0.45123291015625,18566,6953]},{"name":null,"type":0,"depth":43,"symbol":2,"clipDepth":0,"id":21,"matrix":[2.17318725585938,0.818069458007812,-0.281982421875,0.74884033203125,22731,7361]},{"name":null,"type":0,"depth":45,"symbol":2,"clipDepth":0,"id":22,"matrix":[-2.74383544921875,2.11892700195312,-0.380111694335938,-0.49224853515625,34790,8806]},{"name":null,"type":0,"depth":47,"symbol":2,"clipDepth":0,"id":23,"matrix":[1.59539794921875,-3.89398193359375,0.512802124023438,0.210128784179688,18243,7772]},{"name":null,"type":0,"depth":49,"symbol":2,"clipDepth":0,"id":24,"matrix":[6.0970458984375,0.0263824462890625,-0.008941650390625,2.05780029296875,12157,13969]},{"name":null,"type":0,"depth":51,"symbol":2,"clipDepth":0,"id":25,"matrix":[-4.80975341796875,-7.97586059570312,0.810531616210938,-0.488754272460938,40926,10029]},{"name":null,"type":0,"depth":53,"symbol":2,"clipDepth":0,"id":26,"matrix":[22.6242065429688,0.055145263671875,-0.00274658203125,1.1693115234375,8762,12087]},{"name":null,"type":0,"depth":55,"symbol":2,"clipDepth":0,"id":27,"matrix":[7.79232788085938,-4.33734130859375,0.56787109375,1.02001953125,10595,18888]},{"name":null,"type":0,"depth":57,"symbol":2,"clipDepth":0,"id":28,"matrix":[7.39480590820312,-0.0069732666015625,0.0020751953125,2.02520751953125,13499,18249]},{"name":null,"type":0,"depth":59,"symbol":2,"clipDepth":0,"id":29,"matrix":[11.6699371337891,-0.0156402587890625,0.002960205078125,2.0743408203125,18864,18257]},{"name":null,"type":0,"depth":61,"symbol":2,"clipDepth":0,"id":30,"matrix":[7.39483642578125,-0.010009765625,0.000885009765625,0.616836547851562,15785,18790]},{"name":null,"type":0,"depth":63,"symbol":2,"clipDepth":0,"id":31,"matrix":[22.7098846435547,0.0553436279296875,-0.00274658203125,1.1693115234375,4738,19786]},{"name":null,"type":0,"depth":65,"symbol":2,"clipDepth":0,"id":32,"matrix":[8.83232116699219,0.0215301513671875,-0.001556396484375,0.660049438476562,33475,15863]},{"name":null,"type":0,"depth":67,"symbol":2,"clipDepth":0,"id":33,"matrix":[8.83232116699219,0.0215301513671875,-0.001556396484375,0.660049438476562,14726,15840]},{"name":null,"type":0,"depth":69,"symbol":2,"clipDepth":0,"id":34,"matrix":[60.1104125976562,0.113525390625,-0.0027618408203125,1.53501892089844,35503,19115]},{"name":null,"type":0,"depth":71,"symbol":2,"clipDepth":0,"id":35,"matrix":[2.45790100097656,-1.67872619628906,0.72711181640625,1.06442260742188,47690,18750]},{"name":null,"type":0,"depth":73,"symbol":2,"clipDepth":0,"id":36,"matrix":[-0.13525390625,-5.47872924804688,1.286376953125,-0.0318603515625,48163,17489]},{"name":null,"type":0,"depth":75,"symbol":2,"clipDepth":0,"id":37,"matrix":[-3.025146484375,-3.26568603515625,0.94219970703125,-0.872940063476562,47626,15893]},{"name":null,"type":0,"depth":77,"symbol":2,"clipDepth":0,"id":38,"matrix":[-0.110275268554688,-4.44293212890625,1.28195190429688,-0.03192138671875,47045,14477]},{"name":null,"type":0,"depth":79,"symbol":2,"clipDepth":0,"id":39,"matrix":[-0.012664794921875,2.92778015136719,-2.70379638671875,-0.011749267578125,11281,12999]},{"name":null,"type":0,"depth":81,"symbol":2,"clipDepth":0,"id":40,"matrix":[-0.0199737548828125,4.61746215820312,-1.69595336914062,-0.0073699951171875,34161,12740]},{"name":null,"type":0,"depth":83,"symbol":2,"clipDepth":0,"id":41,"matrix":[-4.14476013183594,0.458633422851562,-0.0682830810546875,-0.61724853515625,33474,9351]},{"name":null,"type":0,"depth":85,"symbol":2,"clipDepth":0,"id":42,"matrix":[-4.51397705078125,0.63946533203125,-0.0953369140625,-0.67333984375,37188,5848]},{"name":null,"type":0,"depth":87,"symbol":2,"clipDepth":0,"id":43,"matrix":[-3.95977783203125,-0.038726806640625,0.006072998046875,-0.618240356445312,40056,6940]},{"name":null,"type":0,"depth":89,"symbol":2,"clipDepth":0,"id":44,"matrix":[-3.38798522949219,2.04193115234375,-0.945236206054688,-1.56866455078125,47299,7199]},{"name":null,"type":0,"depth":91,"symbol":2,"clipDepth":0,"id":45,"matrix":[-5.30206298828125,-1.23388671875,0.13958740234375,-0.599639892578125,48977,7387]},{"name":null,"type":0,"depth":93,"symbol":2,"clipDepth":0,"id":46,"matrix":[-9.05381774902344,-3.62860107421875,0.22979736328125,-0.573257446289062,41236,7695]},{"name":null,"type":0,"depth":95,"symbol":2,"clipDepth":0,"id":47,"matrix":[2.75016784667969,-0.0036773681640625,0.0043487548828125,3.04808044433594,30571,18210]},{"name":null,"type":0,"depth":97,"symbol":2,"clipDepth":0,"id":48,"matrix":[4.52452087402344,-0.0060577392578125,0.004058837890625,2.84617614746094,38415,18250]},{"name":null,"type":0,"depth":99,"symbol":2,"clipDepth":0,"id":49,"matrix":[3.23661804199219,-0.00433349609375,0.00396728515625,2.78131103515625,42593,18405]},{"name":null,"type":0,"depth":101,"symbol":2,"clipDepth":0,"id":50,"matrix":[2.59378051757812,-0.00347900390625,0.0023956298828125,1.68937683105469,44881,18517]},{"name":null,"type":0,"depth":103,"symbol":2,"clipDepth":0,"id":51,"matrix":[4.8486328125,-0.0064697265625,0.0012054443359375,0.843917846679688,22329,16108]},{"name":null,"type":0,"depth":105,"symbol":2,"clipDepth":0,"id":52,"matrix":[2.18264770507812,2.04264831542969,-1.084228515625,1.15875244140625,23349,18625]},{"name":null,"type":0,"depth":107,"symbol":2,"clipDepth":0,"id":53,"matrix":[0.729095458984375,0.62908935546875,-2.62893676757812,3.04736328125,10384,16341]},{"name":null,"type":0,"depth":109,"symbol":2,"clipDepth":0,"id":54,"matrix":[0.961349487304688,0.0113983154296875,-0.0678253173828125,5.75950622558594,10874,14693]},{"name":null,"type":0,"depth":111,"symbol":2,"clipDepth":0,"id":55,"matrix":[0.961349487304688,0.0113983154296875,-0.0655364990234375,5.56472778320312,7822,14704]},{"name":null,"type":0,"depth":113,"symbol":2,"clipDepth":0,"id":56,"matrix":[0.701995849609375,-0.658706665039062,2.98724365234375,3.18301391601562,8406,16327]},{"name":null,"type":0,"depth":115,"symbol":2,"clipDepth":0,"id":57,"matrix":[0.023284912109375,-0.960723876953125,2.83172607421875,0.068359375,9407,16899]},{"name":null,"type":0,"depth":117,"symbol":2,"clipDepth":0,"id":58,"matrix":[0.958663940429688,-0.0689697265625,0.329025268554688,4.56820678710938,20725,14609]},{"name":null,"type":0,"depth":119,"symbol":2,"clipDepth":0,"id":59,"matrix":[0.701995849609375,-0.658706665039062,1.76994323730469,1.88592529296875,21104,15746]},{"name":null,"type":0,"depth":121,"symbol":2,"clipDepth":0,"id":60,"matrix":[0.729095458984375,0.62908935546875,-1.35052490234375,1.56549072265625,23450,15774]},{"name":null,"type":0,"depth":123,"symbol":2,"clipDepth":0,"id":61,"matrix":[0.959762573242188,0.053985595703125,-0.2457275390625,4.37503051757812,23718,14730]},{"name":null,"type":0,"depth":125,"symbol":2,"clipDepth":0,"id":62,"matrix":[-1.49388122558594,-3.14117431640625,0.543228149414062,-0.258377075195312,26219,7842]},{"name":null,"type":0,"depth":127,"symbol":2,"clipDepth":0,"id":63,"matrix":[-0.715576171875,5.99301147460938,-1.45866394042969,-0.174041748046875,4385,13086]},{"name":null,"type":0,"depth":129,"symbol":2,"clipDepth":0,"id":64,"matrix":[-0.007598876953125,4.26119995117188,-1.47166442871094,-0.00250244140625,1883,13466]},{"name":null,"type":0,"depth":131,"symbol":2,"clipDepth":0,"id":65,"matrix":[9.13011169433594,0.022247314453125,-0.00274658203125,1.1693115234375,5825,14126]},{"name":null,"type":0,"depth":133,"symbol":2,"clipDepth":0,"id":66,"matrix":[3.49807739257812,0.0085296630859375,-0.00274658203125,1.1693115234375,941,14109]},{"name":null,"type":0,"depth":135,"symbol":2,"clipDepth":0,"id":67,"matrix":[0.611083984375,0.286712646484375,-1.2486572265625,2.66203308105469,40227,18342]},{"name":null,"type":0,"depth":137,"symbol":2,"clipDepth":0,"id":68,"matrix":[0.475723266601562,-0.155807495117188,0.8907470703125,2.71875,40996,18330]},{"name":null,"type":0,"depth":139,"symbol":2,"clipDepth":0,"id":69,"matrix":[1.40287780761719,-0.0018768310546875,0.000457763671875,0.31597900390625,40639,17817]},{"name":null,"type":0,"depth":141,"symbol":2,"clipDepth":0,"id":70,"matrix":[3.22222900390625,-0.004302978515625,0.0023040771484375,1.60784912109375,31984,18498]},{"name":null,"type":0,"depth":143,"symbol":2,"clipDepth":0,"id":71,"matrix":[3.56427001953125,-0.0047607421875,0.0028228759765625,1.97039794921875,28315,18407]},{"name":null,"type":0,"depth":145,"symbol":2,"clipDepth":0,"id":72,"matrix":[0.611083984375,0.286712646484375,-1.17837524414062,2.51214599609375,33304,18364]},{"name":null,"type":0,"depth":147,"symbol":2,"clipDepth":0,"id":73,"matrix":[0.475723266601562,-0.155807495117188,0.8907470703125,2.71875,34060,18380]},{"name":null,"type":0,"depth":149,"symbol":2,"clipDepth":0,"id":74,"matrix":[1.40287780761719,-0.0018768310546875,0.000457763671875,0.31597900390625,33703,17867]},{"name":null,"type":0,"depth":151,"symbol":2,"clipDepth":0,"id":75,"matrix":[0.611083984375,0.286712646484375,-1.09031677246094,2.32444763183594,25526,18381]},{"name":null,"type":0,"depth":153,"symbol":2,"clipDepth":0,"id":76,"matrix":[0.475723266601562,-0.155807495117188,0.773193359375,2.35995483398438,26262,18369]},{"name":null,"type":0,"depth":155,"symbol":2,"clipDepth":0,"id":77,"matrix":[1.46966552734375,-0.0019683837890625,0.000457763671875,0.31597900390625,25914,17924]},{"name":null,"type":0,"depth":157,"symbol":2,"clipDepth":0,"id":78,"matrix":[-9.1552734375e-05,0.69940185546875,-1.85246276855469,-0.0002593994140625,12050,9975]},{"name":null,"type":0,"depth":159,"symbol":2,"clipDepth":0,"id":79,"matrix":[5.09440612792969,0.29632568359375,-0.048370361328125,0.831756591796875,1255,7724]},{"name":null,"type":0,"depth":161,"symbol":2,"clipDepth":0,"id":80,"matrix":[-1.32977294921875,-0.766357421875,0.381072998046875,-0.661026000976562,19334,7319]},{"name":null,"type":0,"depth":163,"symbol":2,"clipDepth":0,"id":81,"matrix":[-7.20103454589844,0.6563720703125,-0.061614990234375,-0.676651000976562,20945,7314]},{"name":null,"type":0,"depth":165,"symbol":2,"clipDepth":0,"id":82,"matrix":[-5.62796020507812,-1.01168823242188,0.109237670898438,-0.607437133789062,43777,7296]},{"name":null,"type":0,"depth":167,"symbol":2,"clipDepth":0,"id":83,"matrix":[-1.49468994140625,0.676177978515625,-0.253890991210938,-0.561370849609375,45124,7356]},{"name":null,"type":0,"depth":169,"symbol":2,"clipDepth":0,"id":84,"matrix":[-1.72265625,-0.453811645507812,0.1573486328125,-0.59710693359375,41118,7016]},{"name":null,"type":0,"depth":171,"symbol":2,"clipDepth":0,"id":85,"matrix":[-3.24484252929688,0.085601806640625,-0.0162200927734375,-0.616744995117188,42045,7118]},{"name":null,"type":0,"depth":173,"symbol":2,"clipDepth":0,"id":86,"matrix":[-1.30595397949219,1.45693969726562,-0.314529418945312,-0.281967163085938,47970,6327]},{"name":null,"type":0,"depth":175,"symbol":2,"clipDepth":0,"id":87,"matrix":[-3.58299255371094,-0.5867919921875,0.099578857421875,-0.607650756835938,46075,7353]},{"name":null,"type":0,"depth":177,"symbol":2,"clipDepth":0,"id":88,"matrix":[2.26145935058594,0.18194580078125,-0.122848510742188,1.52813720703125,12938,17647]},{"name":null,"type":0,"depth":179,"symbol":2,"clipDepth":0,"id":89,"matrix":[0.006927490234375,2.91055297851562,-1.85350036621094,0.00457763671875,610,18961]},{"name":null,"type":0,"depth":181,"symbol":2,"clipDepth":0,"id":90,"matrix":[0.0252227783203125,0.742462158203125,-1.44552612304688,0.0492401123046875,536,18162]},{"name":null,"type":0,"depth":183,"symbol":2,"clipDepth":0,"id":91,"matrix":[0.412918090820312,1.00054931640625,-0.253158569335938,0.1044921875,863,18231]},{"name":null,"type":0,"depth":185,"symbol":2,"clipDepth":0,"id":92,"matrix":[4.826904296875,0.356781005859375,-0.152679443359375,2.0677490234375,22136,18331]},{"name":null,"type":0,"depth":187,"symbol":2,"clipDepth":0,"id":93,"matrix":[0.539352416992188,-0.651229858398438,1.73818969726562,1.43972778320312,11479,9693]},{"name":null,"type":0,"depth":189,"symbol":2,"clipDepth":0,"id":94,"matrix":[0.837432861328125,-0.106643676757812,0.229904174804688,1.80607604980469,10459,9086]},{"name":null,"type":0,"depth":191,"symbol":2,"clipDepth":0,"id":95,"matrix":[-0.0211181640625,-0.843643188476562,1.51922607421875,-0.0379638671875,10946,9471]},{"name":null,"type":0,"depth":193,"symbol":2,"clipDepth":0,"id":96,"matrix":[-3.49749755859375,1.33091735839844,-0.168563842773438,-0.443023681640625,25080,7403]},{"name":null,"type":0,"depth":195,"symbol":2,"clipDepth":0,"id":97,"matrix":[1.474853515625,0.130783081054688,-0.0535736083984375,0.603530883789062,23444,7519]},{"name":null,"type":0,"depth":197,"symbol":2,"clipDepth":0,"id":98,"matrix":[2.197021484375,0.401107788085938,-0.108840942382812,0.595855712890625,24152,7633]},{"name":null,"type":0,"depth":199,"symbol":2,"clipDepth":0,"id":99,"matrix":[7.46726989746094,-0.0023193359375,0.0002899169921875,0.948043823242188,40364,11581]},{"name":null,"type":0,"depth":201,"symbol":2,"clipDepth":0,"id":100,"matrix":[-1.54393005371094,-4.03727722167969,0.69610595703125,-0.26617431640625,16481,12795]},{"name":null,"type":0,"depth":203,"symbol":2,"clipDepth":0,"id":101,"matrix":[1.94479370117188,-4.17567443847656,0.53326416015625,0.248397827148438,28103,12794]},{"name":null,"type":0,"depth":205,"symbol":2,"clipDepth":0,"id":102,"matrix":[3.90855407714844,0.009521484375,-0.0093994140625,3.9881591796875,40040,7720]},{"name":null,"type":0,"depth":207,"symbol":2,"clipDepth":0,"id":103,"matrix":[124.711700439453,-0.167205810546875,0.003936767578125,2.75741577148438,25050,20465]},{"name":null,"type":0,"depth":209,"symbol":2,"clipDepth":0,"id":104,"matrix":[32.7283935546875,-0.0438690185546875,0.003936767578125,2.76077270507812,17110,19307]},{"name":null,"type":0,"depth":211,"symbol":2,"clipDepth":0,"id":105,"matrix":[65.9127807617188,-0.088348388671875,0.0022125244140625,1.55072021484375,36818,19646]},{"name":null,"type":0,"depth":213,"symbol":2,"clipDepth":0,"id":106,"matrix":[-0.0193939208984375,-27.1123962402344,4.38853454589844,-0.0035247802734375,49100,13915]},{"name":null,"type":0,"depth":215,"symbol":2,"clipDepth":0,"id":107,"matrix":[34.892822265625,-0.0467681884765625,0.0067291259765625,4.71258544921875,41300,12694]},{"name":null,"type":0,"depth":217,"symbol":2,"clipDepth":0,"id":108,"matrix":[0.0370635986328125,-4.96397399902344,1.8865966796875,0.0139312744140625,47779,14710]},{"name":null,"type":0,"depth":219,"symbol":2,"clipDepth":0,"id":109,"matrix":[15.5014343261719,-0.020782470703125,0.0112457275390625,7.8814697265625,45037,10116]},{"name":null,"type":0,"depth":221,"symbol":2,"clipDepth":0,"id":110,"matrix":[2.56486511230469,4.46311950683594,-1.79840087890625,1.03372192382812,41232,9514]},{"name":null,"type":0,"depth":223,"symbol":2,"clipDepth":0,"id":111,"matrix":[16.8467407226562,-0.0225830078125,0.002960205078125,2.0743408203125,46127,7919]},{"name":null,"type":0,"depth":225,"symbol":2,"clipDepth":0,"id":112,"matrix":[26.9666137695312,-0.0361480712890625,0.0048980712890625,3.43717956542969,22306,12844]},{"name":null,"type":0,"depth":227,"symbol":2,"clipDepth":0,"id":113,"matrix":[5.32693481445312,-0.00714111328125,0.00518798828125,3.6363525390625,22315,15069]},{"name":null,"type":0,"depth":229,"symbol":2,"clipDepth":0,"id":114,"matrix":[11.6699371337891,-0.0156402587890625,0.0052490234375,3.67770385742188,6940,13078]},{"name":null,"type":0,"depth":231,"symbol":2,"clipDepth":0,"id":115,"matrix":[0.015045166015625,7.77372741699219,-6.58958435058594,0.013336181640625,9382,14265]},{"name":null,"type":0,"depth":233,"symbol":2,"clipDepth":0,"id":116,"matrix":[-0.0178070068359375,-13.7515258789062,3.67535400390625,-0.0050811767578125,997,11212]},{"name":null,"type":0,"depth":235,"symbol":2,"clipDepth":0,"id":117,"matrix":[-0.0464324951171875,-7.26495361328125,2.05027770996094,-0.0132904052734375,2097,10116]},{"name":null,"type":0,"depth":237,"symbol":2,"clipDepth":0,"id":118,"matrix":[3.45989990234375,-0.004638671875,0.002960205078125,2.0743408203125,9380,16120]},{"name":null,"type":0,"depth":239,"symbol":2,"clipDepth":0,"id":119,"matrix":[10.0868530273438,0,0,71.4192504882812,-1857,9839]},{"name":null,"type":0,"depth":241,"symbol":2,"clipDepth":0,"id":120,"matrix":[146.724105834961,0,0,6.74832153320312,25608,-3055]},{"name":null,"type":0,"depth":243,"symbol":2,"clipDepth":0,"id":121,"matrix":[11.8909149169922,0,0,72.7576904296875,52540,10078]},{"name":null,"type":0,"depth":245,"symbol":2,"clipDepth":0,"id":122,"matrix":[146.513320922852,0,0,12.1722869873047,25554,22146]},{"name":null,"type":0,"depth":247,"symbol":2,"clipDepth":0,"id":123,"matrix":[0.41851806640625,-0.232955932617188,0.330978393554688,0.594512939453125,32620,9460]},{"name":null,"type":0,"depth":249,"symbol":2,"clipDepth":0,"id":124,"matrix":[-0.70404052734375,-0.217453002929688,-0.170822143554688,0.552963256835938,28486,11918]},{"name":null,"type":0,"depth":251,"symbol":2,"clipDepth":0,"id":125,"matrix":[0.79351806640625,-0.3388671875,0.22137451171875,0.51824951171875,16129,11914]},{"name":null,"type":0,"depth":253,"symbol":2,"clipDepth":0,"id":126,"matrix":[-0.011688232421875,2.70355224609375,-1.18994140625,-0.005157470703125,18240,7423]},{"name":null,"type":0,"depth":255,"symbol":2,"clipDepth":0,"id":127,"matrix":[-0.01409912109375,3.26364135742188,-1.18994140625,-0.005157470703125,26459,7772]},{"name":null,"type":0,"depth":257,"symbol":2,"clipDepth":0,"id":128,"matrix":[0.41851806640625,-0.232955932617188,0.330978393554688,0.594512939453125,30654,11502]},{"name":null,"type":0,"depth":259,"symbol":2,"clipDepth":0,"id":129,"matrix":[-0.0199737548828125,4.61746215820312,-6.6004638671875,-0.0286712646484375,41778,10503]},{"name":null,"type":0,"depth":261,"symbol":2,"clipDepth":0,"id":130,"matrix":[0.269699096679688,-0.150115966796875,0.330978393554688,0.594512939453125,33069,13677]},{"name":null,"type":0,"depth":263,"symbol":2,"clipDepth":0,"id":131,"matrix":[-0.241973876953125,-0.134689331054688,-0.243194580078125,0.43682861328125,31480,13660]},{"name":null,"type":0,"depth":265,"symbol":2,"clipDepth":0,"id":132,"matrix":[0.41851806640625,-0.232955932617188,0.330978393554688,0.594512939453125,31720,15860]},{"name":null,"type":0,"depth":267,"symbol":2,"clipDepth":0,"id":133,"matrix":[-0.241973876953125,-0.134689331054688,-0.243194580078125,0.43682861328125,35220,15820]},{"name":null,"type":0,"depth":269,"symbol":2,"clipDepth":0,"id":134,"matrix":[-0.241973876953125,-0.134689331054688,-0.243194580078125,0.43682861328125,39300,17760]},{"name":null,"type":0,"depth":271,"symbol":2,"clipDepth":0,"id":135,"matrix":[0.500244140625,-0.017425537109375,0.099945068359375,2.85917663574219,39308,18305]},{"name":null,"type":0,"depth":273,"symbol":2,"clipDepth":0,"id":136,"matrix":[0.499664306640625,-0.0299530029296875,0.171493530273438,2.85577392578125,43227,18462]},{"name":null,"type":0,"depth":275,"symbol":2,"clipDepth":0,"id":137,"matrix":[0.49969482421875,-0.0288543701171875,0.1654052734375,2.85612487792969,45389,18778]},{"name":null,"type":0,"depth":277,"symbol":2,"clipDepth":0,"id":138,"matrix":[0.499755859375,-0.028045654296875,0.160629272460938,2.85638427734375,29006,18597]},{"name":null,"type":0,"depth":279,"symbol":2,"clipDepth":0,"id":139,"matrix":[0.49151611328125,-0.094757080078125,0.5418701171875,2.80914306640625,15043,18479]},{"name":null,"type":0,"depth":281,"symbol":2,"clipDepth":0,"id":140,"matrix":[0.49151611328125,-0.094757080078125,0.5418701171875,2.80914306640625,13420,18000]},{"name":null,"type":0,"depth":283,"symbol":2,"clipDepth":0,"id":141,"matrix":[0.49151611328125,-0.094757080078125,0.68536376953125,3.55316162109375,1018,19111]},{"name":null,"type":0,"depth":285,"symbol":2,"clipDepth":0,"id":142,"matrix":[-0.49981689453125,-0.026641845703125,-0.152587890625,2.85682678222656,41964,18439]},{"name":null,"type":0,"depth":287,"symbol":2,"clipDepth":0,"id":143,"matrix":[-0.499755859375,-0.0281829833984375,-0.161422729492188,2.85633850097656,44349,18797]},{"name":null,"type":0,"depth":289,"symbol":2,"clipDepth":0,"id":144,"matrix":[-0.50018310546875,-0.0189666748046875,-0.108734130859375,2.85885620117188,37494,18304]},{"name":null,"type":0,"depth":291,"symbol":2,"clipDepth":0,"id":145,"matrix":[-0.5,-0.0233612060546875,-0.13385009765625,2.8577880859375,27613,18619]},{"name":null,"type":0,"depth":293,"symbol":2,"clipDepth":0,"id":146,"matrix":[-0.49151611328125,-0.094757080078125,-0.5418701171875,2.80914306640625,16500,18440]},{"name":null,"type":0,"depth":295,"symbol":2,"clipDepth":0,"id":147,"matrix":[-0.49151611328125,-0.094757080078125,-0.5418701171875,2.80914306640625,12480,17900]},{"name":null,"type":0,"depth":297,"symbol":2,"clipDepth":0,"id":148,"matrix":[0.49151611328125,-0.094757080078125,0.254669189453125,1.32025146484375,7108,7800]},{"name":null,"type":0,"depth":299,"symbol":2,"clipDepth":0,"id":149,"matrix":[-0.241973876953125,-0.134689331054688,-0.243194580078125,0.43682861328125,40880,17840]},{"name":null,"type":0,"depth":301,"symbol":2,"clipDepth":0,"id":150,"matrix":[-0.241973876953125,-0.134689331054688,-0.243194580078125,0.43682861328125,43200,17940]},{"name":null,"type":0,"depth":303,"symbol":2,"clipDepth":0,"id":151,"matrix":[-0.241973876953125,-0.134689331054688,-0.243194580078125,0.43682861328125,45360,18260]},{"name":null,"type":0,"depth":305,"symbol":2,"clipDepth":0,"id":152,"matrix":[-0.241973876953125,-0.134689331054688,-0.243194580078125,0.43682861328125,32560,18240]},{"name":null,"type":0,"depth":307,"symbol":2,"clipDepth":0,"id":153,"matrix":[0.475723266601562,-0.155807495117188,0.8907470703125,2.71875,32728,18768]},{"name":null,"type":0,"depth":309,"symbol":2,"clipDepth":0,"id":154,"matrix":[-0.0093994140625,1.18133544921875,-0.839645385742188,-0.0066070556640625,31200,18420]},{"name":null,"type":0,"depth":311,"symbol":2,"clipDepth":0,"id":155,"matrix":[0.41851806640625,-0.232955932617188,0.330978393554688,0.594512939453125,30040,17740]},{"name":null,"type":0,"depth":313,"symbol":2,"clipDepth":0,"id":156,"matrix":[0.706695556640625,0.074493408203125,-0.192535400390625,2.97221374511719,30006,18304]},{"name":null,"type":0,"depth":315,"symbol":2,"clipDepth":0,"id":157,"matrix":[0.41851806640625,-0.232955932617188,0.330978393554688,0.594512939453125,27674,18122]},{"name":null,"type":0,"depth":317,"symbol":2,"clipDepth":0,"id":158,"matrix":[0.41851806640625,-0.232955932617188,0.330978393554688,0.594512939453125,37560,17800]},{"name":null,"type":0,"depth":319,"symbol":2,"clipDepth":0,"id":159,"matrix":[-0.241973876953125,-0.134689331054688,-0.243194580078125,0.43682861328125,31080,17680]},{"name":null,"type":0,"depth":321,"symbol":2,"clipDepth":0,"id":160,"matrix":[0.498764038085938,-0.042633056640625,0.2440185546875,2.85050964355469,31100,18240]},{"name":null,"type":0,"depth":323,"symbol":2,"clipDepth":0,"id":161,"matrix":[-0.241973876953125,-0.134689331054688,-0.243194580078125,0.43682861328125,28980,18080]},{"name":null,"type":0,"depth":325,"symbol":2,"clipDepth":0,"id":162,"matrix":[0.44964599609375,-0.1650390625,0.2344970703125,0.63873291015625,44411,18300]},{"name":null,"type":0,"depth":327,"symbol":2,"clipDepth":0,"id":163,"matrix":[0.21502685546875,-0.11968994140625,0.330978393554688,0.594512939453125,41995,17962]},{"name":null,"type":0,"depth":329,"symbol":2,"clipDepth":0,"id":164,"matrix":[0.41851806640625,-0.232955932617188,0.330978393554688,0.594512939453125,40420,17860]},{"name":null,"type":0,"depth":331,"symbol":2,"clipDepth":0,"id":165,"matrix":[-0.49957275390625,0.0312347412109375,0.12066650390625,1.93310546875,33089,13993]},{"name":null,"type":0,"depth":333,"symbol":2,"clipDepth":0,"id":166,"matrix":[0.4998779296875,0.025909423828125,-0.14385986328125,1.87481689453125,31442,13987]},{"name":null,"type":0,"depth":335,"symbol":2,"clipDepth":0,"id":167,"matrix":[0.41851806640625,-0.232955932617188,0.330978393554688,0.594512939453125,16580,17960]},{"name":null,"type":0,"depth":337,"symbol":2,"clipDepth":0,"id":168,"matrix":[0.2674560546875,-0.14886474609375,0.330978393554688,0.594512939453125,13000,15816]},{"name":null,"type":0,"depth":339,"symbol":2,"clipDepth":0,"id":169,"matrix":[-0.2674560546875,-0.14886474609375,-0.330978393554688,0.594512939453125,16436,15820]},{"name":null,"type":0,"depth":341,"symbol":2,"clipDepth":0,"id":170,"matrix":[0.2674560546875,-0.14886474609375,0.330978393554688,0.594512939453125,12560,17420]},{"name":null,"type":0,"depth":343,"symbol":2,"clipDepth":0,"id":171,"matrix":[-0.2674560546875,-0.14886474609375,-0.330978393554688,0.594512939453125,13360,17480]},{"name":null,"type":0,"depth":345,"symbol":2,"clipDepth":0,"id":172,"matrix":[-0.2674560546875,-0.14886474609375,-0.330978393554688,0.594512939453125,14940,17960]},{"name":null,"type":0,"depth":347,"symbol":2,"clipDepth":0,"id":173,"matrix":[-0.2674560546875,-0.14886474609375,-0.330978393554688,0.594512939453125,13320,13660]},{"name":null,"type":0,"depth":349,"symbol":2,"clipDepth":0,"id":174,"matrix":[-0.2674560546875,-0.14886474609375,-0.330978393554688,0.594512939453125,13240,11980]},{"name":null,"type":0,"depth":351,"symbol":2,"clipDepth":0,"id":175,"matrix":[0.2674560546875,-0.14886474609375,0.330978393554688,0.594512939453125,15100,13700]},{"name":null,"type":0,"depth":353,"symbol":2,"clipDepth":0,"id":176,"matrix":[-0.2674560546875,-0.14886474609375,-0.330978393554688,0.594512939453125,12380,9960]},{"name":null,"type":0,"depth":355,"symbol":2,"clipDepth":0,"id":177,"matrix":[-0.2674560546875,-0.14886474609375,-0.330978393554688,0.594512939453125,7100,7620]},{"name":null,"type":0,"depth":357,"symbol":2,"clipDepth":0,"id":178,"matrix":[-0.2674560546875,-0.14886474609375,-0.330978393554688,0.594512939453125,9540,5880]},{"name":null,"type":0,"depth":359,"symbol":2,"clipDepth":0,"id":179,"matrix":[0.2674560546875,-0.14886474609375,0.330978393554688,0.594512939453125,6780,6100]},{"name":null,"type":0,"depth":361,"symbol":2,"clipDepth":0,"id":180,"matrix":[0.2674560546875,-0.14886474609375,0.330978393554688,0.594512939453125,4300,11940]},{"name":null,"type":0,"depth":363,"symbol":2,"clipDepth":0,"id":181,"matrix":[-0.2674560546875,-0.14886474609375,-0.330978393554688,0.594512939453125,37998,5697]},{"name":null,"type":0,"depth":365,"symbol":2,"clipDepth":0,"id":182,"matrix":[-0.2674560546875,-0.14886474609375,-0.330978393554688,0.594512939453125,48140,6100]},{"name":null,"type":0,"depth":367,"symbol":2,"clipDepth":0,"id":183,"matrix":[0.41851806640625,-0.232955932617188,0.330978393554688,0.594512939453125,36320,5940]},{"name":null,"type":0,"depth":369,"symbol":2,"clipDepth":0,"id":184,"matrix":[0.41851806640625,-0.232955932617188,0.330978393554688,0.594512939453125,18080,6800]},{"name":null,"type":0,"depth":371,"symbol":2,"clipDepth":0,"id":185,"matrix":[-0.241973876953125,-0.134689331054688,-0.243194580078125,0.43682861328125,26700,7100]},{"name":null,"type":0,"depth":373,"symbol":2,"clipDepth":0,"id":186,"matrix":[-0.020782470703125,-3.22299194335938,0.6025390625,-0.0038909912109375,17939,9144]},{"name":null,"type":0,"depth":375,"symbol":2,"clipDepth":0,"id":187,"matrix":[-0.0232086181640625,-3.59564208984375,0.6025390625,-0.0038909912109375,26579,9063]}]}]},{"type":5,"id":30,"frames":[{"objects":[{"name":null,"type":0,"depth":1,"symbol":29,"clipDepth":0,"id":0,"matrix":[1,0,0,1,0,0]}]}]},{"type":5,"id":2,"frames":[{"objects":[{"name":null,"type":0,"depth":1,"symbol":1,"clipDepth":0,"id":0,"matrix":[1,0,0,1,0,0]}]}]},{"type":4,"id":29,"commands":[3,5,1,16711680,0.250980392156863,8,692,-493,4,980,-206,980,200,4,980,606,692,892,4,405,1180,0,1180,4,-406,1180,-694,892,4,-980,606,-980,200,4,-980,-206,-694,-493,4,-406,-780,0,-780,4,405,-780,692,-493,5]},{"type":4,"id":1,"commands":[3,5,1,10092288,0.498039215686275,8,200,200,7,-200,200,7,-200,-200,7,200,-200,7,200,200,5]},{"type":5,"id":28,"frames":[{"objects":[{"name":null,"type":0,"depth":1,"symbol":27,"clipDepth":0,"id":0,"matrix":[1,0,0,1,0,0]}]}]}],"frameRate":12}