{"root":0,"uuid":"znVCSKS4WdYE18NHbqVR","version":0.1,"symbols":[{"type":5,"frames":[{}]},{"type":5,"id":27,"frames":[{"objects":[{"name":null,"type":0,"depth":1,"symbol":26,"clipDepth":0,"id":0,"matrix":[1,0,0,1,0,0]}]}]},{"type":4,"id":26,"commands":[3,5,1,16711680,0.250980392156863,8,692,-493,4,980,-206,980,200,4,980,606,692,892,4,405,1180,0,1180,4,-406,1180,-694,892,4,-980,606,-980,200,4,-980,-206,-694,-493,4,-406,-780,0,-780,4,405,-780,692,-493,5]},{"type":5,"id":25,"frames":[{"objects":[{"name":null,"type":0,"depth":1,"symbol":24,"clipDepth":0,"id":0,"matrix":[1,0,0,1,0,0]}]}]},{"type":4,"id":24,"commands":[3,5,1,255,0.250980392156863,8,692,-493,4,980,-206,980,200,4,980,606,692,892,4,405,1180,0,1180,4,-406,1180,-694,892,4,-980,606,-980,200,4,-980,-206,-694,-493,4,-406,-780,0,-780,4,405,-780,692,-493,5]},{"type":5,"id":23,"frames":[{"objects":[{"name":null,"type":0,"depth":1,"symbol":14,"clipDepth":0,"id":0,"matrix":[1,0,0,1,69270,9771]},{"name":null,"type":0,"depth":3,"symbol":14,"clipDepth":0,"id":1,"matrix":[1,0,0,1,25311,7730]},{"name":null,"type":0,"depth":5,"symbol":14,"clipDepth":0,"id":2,"matrix":[1,0,0,1,61280,6210]},{"name":null,"type":0,"depth":7,"symbol":14,"clipDepth":0,"id":3,"matrix":[1,0,0,1,33171,6590]},{"name":null,"type":0,"depth":9,"symbol":14,"clipDepth":0,"id":4,"matrix":[1,0,0,1,41130,6590]},{"name":null,"type":0,"depth":11,"symbol":14,"clipDepth":0,"id":5,"matrix":[1,0,0,1,30190,10851]},{"name":null,"type":0,"depth":13,"symbol":14,"clipDepth":0,"id":6,"matrix":[1,0,0,1,13291,6210]},{"name":null,"type":0,"depth":15,"symbol":14,"clipDepth":0,"id":7,"matrix":[1,0,0,1,49008,7730]},{"name":null,"type":0,"depth":17,"symbol":14,"clipDepth":0,"id":8,"matrix":[1,0,0,1,43929,10851]},{"name":null,"type":0,"depth":19,"symbol":14,"clipDepth":0,"id":9,"matrix":[1,0,0,1,5610,9951]}]}]},{"type":5,"id":22,"frames":[{"objects":[{"name":null,"type":0,"depth":1,"symbol":14,"clipDepth":0,"id":0,"matrix":[1,0,0,1,68642,12171]},{"name":null,"type":0,"depth":3,"symbol":14,"clipDepth":0,"id":1,"matrix":[1,0,0,1,37155,11931]},{"name":null,"type":0,"depth":5,"symbol":14,"clipDepth":0,"id":2,"matrix":[1,0,0,1,35154,12171]},{"name":null,"type":0,"depth":7,"symbol":14,"clipDepth":0,"id":3,"matrix":[1,0,0,1,2320,12171]},{"name":null,"type":0,"depth":9,"symbol":14,"clipDepth":0,"id":4,"matrix":[1,0,0,1,52348,12171]},{"name":null,"type":0,"depth":11,"symbol":14,"clipDepth":0,"id":5,"matrix":[1,0,0,1,71443,12171]},{"name":null,"type":0,"depth":13,"symbol":14,"clipDepth":0,"id":6,"matrix":[1,0,0,1,39276,12171]},{"name":null,"type":0,"depth":15,"symbol":14,"clipDepth":0,"id":7,"matrix":[1,0,0,1,21321,12171]},{"name":null,"type":0,"depth":17,"symbol":14,"clipDepth":0,"id":8,"matrix":[1,0,0,1,3958,12171]},{"name":null,"type":0,"depth":19,"symbol":14,"clipDepth":0,"id":9,"matrix":[1,0,0,1,5570,12171]},{"name":null,"type":0,"depth":21,"symbol":14,"clipDepth":0,"id":10,"matrix":[1,0,0,1,36748,10338]},{"name":null,"type":0,"depth":23,"symbol":14,"clipDepth":0,"id":11,"matrix":[1,0,0,1,37568,10338]},{"name":null,"type":0,"depth":25,"symbol":14,"clipDepth":0,"id":12,"matrix":[1,0,0,1,36748,11118]},{"name":null,"type":0,"depth":27,"symbol":14,"clipDepth":0,"id":13,"matrix":[1,0,0,1,37568,11118]},{"name":null,"type":0,"depth":29,"symbol":14,"clipDepth":0,"id":14,"matrix":[1,0,0,1,35838,7459]},{"name":null,"type":0,"depth":31,"symbol":14,"clipDepth":0,"id":15,"matrix":[1,0,0,1,38558,7459]},{"name":null,"type":0,"depth":33,"symbol":14,"clipDepth":0,"id":16,"matrix":[1,0,0,1,37155,7459]},{"name":null,"type":0,"depth":35,"symbol":14,"clipDepth":0,"id":17,"matrix":[1,0,0,1,33368,3799]},{"name":null,"type":0,"depth":37,"symbol":14,"clipDepth":0,"id":18,"matrix":[1,0,0,1,34988,3799]},{"name":null,"type":0,"depth":39,"symbol":14,"clipDepth":0,"id":19,"matrix":[1,0,0,1,34205,4139]},{"name":null,"type":0,"depth":41,"symbol":14,"clipDepth":0,"id":20,"matrix":[1,0,0,1,36258,3699]},{"name":null,"type":0,"depth":43,"symbol":14,"clipDepth":0,"id":21,"matrix":[1,0,0,1,37458,3799]},{"name":null,"type":0,"depth":45,"symbol":14,"clipDepth":0,"id":22,"matrix":[1,0,0,1,36675,4139]},{"name":null,"type":0,"depth":47,"symbol":14,"clipDepth":0,"id":23,"matrix":[1,0,0,1,38318,3799]},{"name":null,"type":0,"depth":49,"symbol":14,"clipDepth":0,"id":24,"matrix":[1,0,0,1,39938,3799]},{"name":null,"type":0,"depth":51,"symbol":14,"clipDepth":0,"id":25,"matrix":[1,0,0,1,39155,4139]},{"name":null,"type":0,"depth":53,"symbol":14,"clipDepth":0,"id":26,"matrix":[1,0,0,1,39938,4139]},{"name":null,"type":0,"depth":55,"symbol":14,"clipDepth":0,"id":27,"matrix":[1,0,0,1,41658,3799]},{"name":null,"type":0,"depth":57,"symbol":14,"clipDepth":0,"id":28,"matrix":[1,0,0,1,40875,4139]},{"name":null,"type":0,"depth":59,"symbol":14,"clipDepth":0,"id":29,"matrix":[1,0,0,1,35838,4139]},{"name":null,"type":0,"depth":61,"symbol":14,"clipDepth":0,"id":30,"matrix":[1,0,0,1,38558,4139]},{"name":null,"type":0,"depth":63,"symbol":14,"clipDepth":0,"id":31,"matrix":[1,0,0,1,37155,4139]},{"name":null,"type":0,"depth":65,"symbol":14,"clipDepth":0,"id":32,"matrix":[1,0,0,1,33755,2959]},{"name":null,"type":0,"depth":67,"symbol":14,"clipDepth":0,"id":33,"matrix":[1,0,0,1,35375,2959]},{"name":null,"type":0,"depth":69,"symbol":14,"clipDepth":0,"id":34,"matrix":[1,0,0,1,34592,3299]},{"name":null,"type":0,"depth":71,"symbol":14,"clipDepth":0,"id":35,"matrix":[1,0,0,1,36645,2859]},{"name":null,"type":0,"depth":73,"symbol":14,"clipDepth":0,"id":36,"matrix":[1,0,0,1,37845,2959]},{"name":null,"type":0,"depth":75,"symbol":14,"clipDepth":0,"id":37,"matrix":[1,0,0,1,37062,3299]},{"name":null,"type":0,"depth":77,"symbol":14,"clipDepth":0,"id":38,"matrix":[1,0,0,1,38705,2959]},{"name":null,"type":0,"depth":79,"symbol":14,"clipDepth":0,"id":39,"matrix":[1,0,0,1,40325,2959]},{"name":null,"type":0,"depth":81,"symbol":14,"clipDepth":0,"id":40,"matrix":[1,0,0,1,39542,3299]},{"name":null,"type":0,"depth":83,"symbol":14,"clipDepth":0,"id":41,"matrix":[1,0,0,1,40325,3299]},{"name":null,"type":0,"depth":85,"symbol":14,"clipDepth":0,"id":42,"matrix":[1,0,0,1,41262,3299]},{"name":null,"type":0,"depth":87,"symbol":14,"clipDepth":0,"id":43,"matrix":[1,0,0,1,36225,3299]},{"name":null,"type":0,"depth":89,"symbol":14,"clipDepth":0,"id":44,"matrix":[1,0,0,1,38945,3299]},{"name":null,"type":0,"depth":91,"symbol":14,"clipDepth":0,"id":45,"matrix":[1,0,0,1,37542,3299]},{"name":null,"type":0,"depth":93,"symbol":14,"clipDepth":0,"id":46,"matrix":[1,0,0,1,53367,12171]},{"name":null,"type":0,"depth":95,"symbol":14,"clipDepth":0,"id":47,"matrix":[1,0,0,1,42308,3219]},{"name":null,"type":0,"depth":97,"symbol":14,"clipDepth":0,"id":48,"matrix":[1,0,0,1,43288,2859]},{"name":null,"type":0,"depth":99,"symbol":14,"clipDepth":0,"id":49,"matrix":[1,0,0,1,43438,3219]},{"name":null,"type":0,"depth":101,"symbol":14,"clipDepth":0,"id":50,"matrix":[1,0,0,1,44418,2859]},{"name":null,"type":0,"depth":103,"symbol":14,"clipDepth":0,"id":51,"matrix":[1,0,0,1,44258,3219]},{"name":null,"type":0,"depth":105,"symbol":14,"clipDepth":0,"id":52,"matrix":[1,0,0,1,45238,2859]},{"name":null,"type":0,"depth":107,"symbol":14,"clipDepth":0,"id":53,"matrix":[1,0,0,1,44902,3219]},{"name":null,"type":0,"depth":109,"symbol":14,"clipDepth":0,"id":54,"matrix":[1,0,0,1,45882,2859]},{"name":null,"type":0,"depth":111,"symbol":14,"clipDepth":0,"id":55,"matrix":[1,0,0,1,46032,3219]},{"name":null,"type":0,"depth":113,"symbol":14,"clipDepth":0,"id":56,"matrix":[1,0,0,1,47012,2859]},{"name":null,"type":0,"depth":115,"symbol":14,"clipDepth":0,"id":57,"matrix":[1,0,0,1,46852,3219]},{"name":null,"type":0,"depth":117,"symbol":14,"clipDepth":0,"id":58,"matrix":[1,0,0,1,47832,2859]},{"name":null,"type":0,"depth":119,"symbol":14,"clipDepth":0,"id":59,"matrix":[1,0,0,1,47565,3219]},{"name":null,"type":0,"depth":121,"symbol":14,"clipDepth":0,"id":60,"matrix":[1,0,0,1,48545,2859]},{"name":null,"type":0,"depth":123,"symbol":14,"clipDepth":0,"id":61,"matrix":[1,0,0,1,48695,3219]},{"name":null,"type":0,"depth":125,"symbol":14,"clipDepth":0,"id":62,"matrix":[1,0,0,1,49675,2859]},{"name":null,"type":0,"depth":127,"symbol":14,"clipDepth":0,"id":63,"matrix":[1,0,0,1,49515,3219]},{"name":null,"type":0,"depth":129,"symbol":14,"clipDepth":0,"id":64,"matrix":[1,0,0,1,50495,2859]},{"name":null,"type":0,"depth":131,"symbol":14,"clipDepth":0,"id":65,"matrix":[1,0,0,1,50159,3219]},{"name":null,"type":0,"depth":133,"symbol":14,"clipDepth":0,"id":66,"matrix":[1,0,0,1,51139,2859]},{"name":null,"type":0,"depth":135,"symbol":14,"clipDepth":0,"id":67,"matrix":[1,0,0,1,51289,3219]},{"name":null,"type":0,"depth":137,"symbol":14,"clipDepth":0,"id":68,"matrix":[1,0,0,1,52269,2859]},{"name":null,"type":0,"depth":139,"symbol":14,"clipDepth":0,"id":69,"matrix":[1,0,0,1,52109,3219]},{"name":null,"type":0,"depth":141,"symbol":14,"clipDepth":0,"id":70,"matrix":[1,0,0,1,53089,2859]},{"name":null,"type":0,"depth":143,"symbol":14,"clipDepth":0,"id":71,"matrix":[1,0,0,1,52627,2859]},{"name":null,"type":0,"depth":145,"symbol":14,"clipDepth":0,"id":72,"matrix":[1,0,0,1,52777,3219]},{"name":null,"type":0,"depth":147,"symbol":14,"clipDepth":0,"id":73,"matrix":[1,0,0,1,53757,2859]},{"name":null,"type":0,"depth":149,"symbol":14,"clipDepth":0,"id":74,"matrix":[1,0,0,1,53597,3219]},{"name":null,"type":0,"depth":151,"symbol":14,"clipDepth":0,"id":75,"matrix":[1,0,0,1,54577,2859]},{"name":null,"type":0,"depth":153,"symbol":14,"clipDepth":0,"id":76,"matrix":[1,0,0,1,54241,3219]},{"name":null,"type":0,"depth":155,"symbol":14,"clipDepth":0,"id":77,"matrix":[1,0,0,1,55221,2859]},{"name":null,"type":0,"depth":157,"symbol":14,"clipDepth":0,"id":78,"matrix":[1,0,0,1,55371,3219]},{"name":null,"type":0,"depth":159,"symbol":14,"clipDepth":0,"id":79,"matrix":[1,0,0,1,56351,2859]},{"name":null,"type":0,"depth":161,"symbol":14,"clipDepth":0,"id":80,"matrix":[1,0,0,1,56191,3219]},{"name":null,"type":0,"depth":163,"symbol":14,"clipDepth":0,"id":81,"matrix":[1,0,0,1,57171,2859]},{"name":null,"type":0,"depth":165,"symbol":14,"clipDepth":0,"id":82,"matrix":[1,0,0,1,56904,3219]},{"name":null,"type":0,"depth":167,"symbol":14,"clipDepth":0,"id":83,"matrix":[1,0,0,1,57884,2859]},{"name":null,"type":0,"depth":169,"symbol":14,"clipDepth":0,"id":84,"matrix":[1,0,0,1,58034,3219]},{"name":null,"type":0,"depth":171,"symbol":14,"clipDepth":0,"id":85,"matrix":[1,0,0,1,59014,2859]},{"name":null,"type":0,"depth":173,"symbol":14,"clipDepth":0,"id":86,"matrix":[1,0,0,1,58854,3219]},{"name":null,"type":0,"depth":175,"symbol":14,"clipDepth":0,"id":87,"matrix":[1,0,0,1,59834,2859]},{"name":null,"type":0,"depth":177,"symbol":14,"clipDepth":0,"id":88,"matrix":[1,0,0,1,59498,3219]},{"name":null,"type":0,"depth":179,"symbol":14,"clipDepth":0,"id":89,"matrix":[1,0,0,1,60478,2859]},{"name":null,"type":0,"depth":181,"symbol":14,"clipDepth":0,"id":90,"matrix":[1,0,0,1,60648,3099]},{"name":null,"type":0,"depth":183,"symbol":14,"clipDepth":0,"id":91,"matrix":[1,0,0,1,61608,2859]},{"name":null,"type":0,"depth":185,"symbol":14,"clipDepth":0,"id":92,"matrix":[1,0,0,1,61468,3099]},{"name":null,"type":0,"depth":187,"symbol":14,"clipDepth":0,"id":93,"matrix":[1,0,0,1,62428,2859]},{"name":null,"type":0,"depth":189,"symbol":14,"clipDepth":0,"id":94,"matrix":[1,0,0,1,63146,2739]},{"name":null,"type":0,"depth":191,"symbol":14,"clipDepth":0,"id":95,"matrix":[1,0,0,1,62986,3099]},{"name":null,"type":0,"depth":193,"symbol":14,"clipDepth":0,"id":96,"matrix":[1,0,0,1,63966,2739]},{"name":null,"type":0,"depth":195,"symbol":14,"clipDepth":0,"id":97,"matrix":[1,0,0,1,63504,2739]},{"name":null,"type":0,"depth":197,"symbol":14,"clipDepth":0,"id":98,"matrix":[1,0,0,1,63654,3099]},{"name":null,"type":0,"depth":199,"symbol":14,"clipDepth":0,"id":99,"matrix":[1,0,0,1,64634,2739]},{"name":null,"type":0,"depth":201,"symbol":14,"clipDepth":0,"id":100,"matrix":[1,0,0,1,64474,3099]},{"name":null,"type":0,"depth":203,"symbol":14,"clipDepth":0,"id":101,"matrix":[1,0,0,1,65454,2739]},{"name":null,"type":0,"depth":205,"symbol":14,"clipDepth":0,"id":102,"matrix":[1,0,0,1,65118,3099]},{"name":null,"type":0,"depth":207,"symbol":14,"clipDepth":0,"id":103,"matrix":[1,0,0,1,66098,2739]},{"name":null,"type":0,"depth":209,"symbol":14,"clipDepth":0,"id":104,"matrix":[1,0,0,1,66248,3099]},{"name":null,"type":0,"depth":211,"symbol":14,"clipDepth":0,"id":105,"matrix":[1,0,0,1,67228,2739]},{"name":null,"type":0,"depth":213,"symbol":14,"clipDepth":0,"id":106,"matrix":[1,0,0,1,67068,3099]},{"name":null,"type":0,"depth":215,"symbol":14,"clipDepth":0,"id":107,"matrix":[1,0,0,1,68048,2739]},{"name":null,"type":0,"depth":217,"symbol":14,"clipDepth":0,"id":108,"matrix":[1,0,0,1,67781,3099]},{"name":null,"type":0,"depth":219,"symbol":14,"clipDepth":0,"id":109,"matrix":[1,0,0,1,68761,2739]},{"name":null,"type":0,"depth":221,"symbol":14,"clipDepth":0,"id":110,"matrix":[1,0,0,1,68911,3099]},{"name":null,"type":0,"depth":223,"symbol":14,"clipDepth":0,"id":111,"matrix":[1,0,0,1,69891,2739]},{"name":null,"type":0,"depth":225,"symbol":14,"clipDepth":0,"id":112,"matrix":[1,0,0,1,69731,3099]},{"name":null,"type":0,"depth":227,"symbol":14,"clipDepth":0,"id":113,"matrix":[1,0,0,1,70711,2739]},{"name":null,"type":0,"depth":229,"symbol":14,"clipDepth":0,"id":114,"matrix":[1,0,0,1,70375,3099]},{"name":null,"type":0,"depth":231,"symbol":14,"clipDepth":0,"id":115,"matrix":[1,0,0,1,71355,2739]},{"name":null,"type":0,"depth":233,"symbol":14,"clipDepth":0,"id":116,"matrix":[1,0,0,1,71525,2979]},{"name":null,"type":0,"depth":235,"symbol":14,"clipDepth":0,"id":117,"matrix":[1,0,0,1,72485,2739]},{"name":null,"type":0,"depth":237,"symbol":14,"clipDepth":0,"id":118,"matrix":[1,0,0,1,72345,2979]},{"name":null,"type":0,"depth":239,"symbol":14,"clipDepth":0,"id":119,"matrix":[1,0,0,1,73305,2739]},{"name":null,"type":0,"depth":241,"symbol":14,"clipDepth":0,"id":120,"matrix":[1,0,0,1,7087,2859]},{"name":null,"type":0,"depth":243,"symbol":14,"clipDepth":0,"id":121,"matrix":[1,0,0,1,6751,3219]},{"name":null,"type":0,"depth":245,"symbol":14,"clipDepth":0,"id":122,"matrix":[1,0,0,1,7731,2859]},{"name":null,"type":0,"depth":247,"symbol":14,"clipDepth":0,"id":123,"matrix":[1,0,0,1,7881,3219]},{"name":null,"type":0,"depth":249,"symbol":14,"clipDepth":0,"id":124,"matrix":[1,0,0,1,8861,2859]},{"name":null,"type":0,"depth":251,"symbol":14,"clipDepth":0,"id":125,"matrix":[1,0,0,1,8701,3219]},{"name":null,"type":0,"depth":253,"symbol":14,"clipDepth":0,"id":126,"matrix":[1,0,0,1,9681,2859]},{"name":null,"type":0,"depth":255,"symbol":14,"clipDepth":0,"id":127,"matrix":[1,0,0,1,9414,3219]},{"name":null,"type":0,"depth":257,"symbol":14,"clipDepth":0,"id":128,"matrix":[1,0,0,1,10394,2859]},{"name":null,"type":0,"depth":259,"symbol":14,"clipDepth":0,"id":129,"matrix":[1,0,0,1,10544,3219]},{"name":null,"type":0,"depth":261,"symbol":14,"clipDepth":0,"id":130,"matrix":[1,0,0,1,11524,2859]},{"name":null,"type":0,"depth":263,"symbol":14,"clipDepth":0,"id":131,"matrix":[1,0,0,1,11364,3219]},{"name":null,"type":0,"depth":265,"symbol":14,"clipDepth":0,"id":132,"matrix":[1,0,0,1,12344,2859]},{"name":null,"type":0,"depth":267,"symbol":14,"clipDepth":0,"id":133,"matrix":[1,0,0,1,12008,3219]},{"name":null,"type":0,"depth":269,"symbol":14,"clipDepth":0,"id":134,"matrix":[1,0,0,1,12988,2859]},{"name":null,"type":0,"depth":271,"symbol":14,"clipDepth":0,"id":135,"matrix":[1,0,0,1,5118,2039]},{"name":null,"type":0,"depth":273,"symbol":14,"clipDepth":0,"id":136,"matrix":[1,0,0,1,6098,1679]},{"name":null,"type":0,"depth":275,"symbol":14,"clipDepth":0,"id":137,"matrix":[1,0,0,1,5938,2039]},{"name":null,"type":0,"depth":277,"symbol":14,"clipDepth":0,"id":138,"matrix":[1,0,0,1,6918,1679]},{"name":null,"type":0,"depth":279,"symbol":14,"clipDepth":0,"id":139,"matrix":[1,0,0,1,6456,1679]},{"name":null,"type":0,"depth":281,"symbol":14,"clipDepth":0,"id":140,"matrix":[1,0,0,1,6606,2039]},{"name":null,"type":0,"depth":283,"symbol":14,"clipDepth":0,"id":141,"matrix":[1,0,0,1,7586,1679]},{"name":null,"type":0,"depth":285,"symbol":14,"clipDepth":0,"id":142,"matrix":[1,0,0,1,7426,2039]},{"name":null,"type":0,"depth":287,"symbol":14,"clipDepth":0,"id":143,"matrix":[1,0,0,1,8406,1679]},{"name":null,"type":0,"depth":289,"symbol":14,"clipDepth":0,"id":144,"matrix":[1,0,0,1,8070,2039]},{"name":null,"type":0,"depth":291,"symbol":14,"clipDepth":0,"id":145,"matrix":[1,0,0,1,9050,1679]},{"name":null,"type":0,"depth":293,"symbol":14,"clipDepth":0,"id":146,"matrix":[1,0,0,1,9200,2039]},{"name":null,"type":0,"depth":295,"symbol":14,"clipDepth":0,"id":147,"matrix":[1,0,0,1,18200,2859]},{"name":null,"type":0,"depth":297,"symbol":14,"clipDepth":0,"id":148,"matrix":[1,0,0,1,18040,3219]},{"name":null,"type":0,"depth":299,"symbol":14,"clipDepth":0,"id":149,"matrix":[1,0,0,1,19020,2859]},{"name":null,"type":0,"depth":301,"symbol":14,"clipDepth":0,"id":150,"matrix":[1,0,0,1,18753,3219]},{"name":null,"type":0,"depth":303,"symbol":14,"clipDepth":0,"id":151,"matrix":[1,0,0,1,19733,2859]},{"name":null,"type":0,"depth":305,"symbol":14,"clipDepth":0,"id":152,"matrix":[1,0,0,1,19883,3219]},{"name":null,"type":0,"depth":307,"symbol":14,"clipDepth":0,"id":153,"matrix":[1,0,0,1,20863,2859]},{"name":null,"type":0,"depth":309,"symbol":14,"clipDepth":0,"id":154,"matrix":[1,0,0,1,20703,3219]},{"name":null,"type":0,"depth":311,"symbol":14,"clipDepth":0,"id":155,"matrix":[1,0,0,1,21683,2859]},{"name":null,"type":0,"depth":313,"symbol":14,"clipDepth":0,"id":156,"matrix":[1,0,0,1,21347,3219]},{"name":null,"type":0,"depth":315,"symbol":14,"clipDepth":0,"id":157,"matrix":[1,0,0,1,22327,2859]},{"name":null,"type":0,"depth":317,"symbol":14,"clipDepth":0,"id":158,"matrix":[1,0,0,1,22497,3099]},{"name":null,"type":0,"depth":319,"symbol":14,"clipDepth":0,"id":159,"matrix":[1,0,0,1,23457,2859]},{"name":null,"type":0,"depth":321,"symbol":14,"clipDepth":0,"id":160,"matrix":[1,0,0,1,23317,3099]},{"name":null,"type":0,"depth":323,"symbol":14,"clipDepth":0,"id":161,"matrix":[1,0,0,1,24277,2859]},{"name":null,"type":0,"depth":325,"symbol":14,"clipDepth":0,"id":162,"matrix":[1,0,0,1,24995,2739]},{"name":null,"type":0,"depth":327,"symbol":14,"clipDepth":0,"id":163,"matrix":[1,0,0,1,24835,3099]},{"name":null,"type":0,"depth":329,"symbol":14,"clipDepth":0,"id":164,"matrix":[1,0,0,1,25815,2739]},{"name":null,"type":0,"depth":331,"symbol":14,"clipDepth":0,"id":165,"matrix":[1,0,0,1,25353,2739]},{"name":null,"type":0,"depth":333,"symbol":14,"clipDepth":0,"id":166,"matrix":[1,0,0,1,25503,3099]},{"name":null,"type":0,"depth":335,"symbol":14,"clipDepth":0,"id":167,"matrix":[1,0,0,1,26483,2739]},{"name":null,"type":0,"depth":337,"symbol":14,"clipDepth":0,"id":168,"matrix":[1,0,0,1,26323,3099]},{"name":null,"type":0,"depth":339,"symbol":14,"clipDepth":0,"id":169,"matrix":[1,0,0,1,27303,2739]},{"name":null,"type":0,"depth":341,"symbol":14,"clipDepth":0,"id":170,"matrix":[1,0,0,1,26967,3099]},{"name":null,"type":0,"depth":343,"symbol":14,"clipDepth":0,"id":171,"matrix":[1,0,0,1,27947,2739]},{"name":null,"type":0,"depth":345,"symbol":14,"clipDepth":0,"id":172,"matrix":[1,0,0,1,28097,3099]},{"name":null,"type":0,"depth":347,"symbol":14,"clipDepth":0,"id":173,"matrix":[1,0,0,1,29077,2739]},{"name":null,"type":0,"depth":349,"symbol":14,"clipDepth":0,"id":174,"matrix":[1,0,0,1,28917,3099]},{"name":null,"type":0,"depth":351,"symbol":14,"clipDepth":0,"id":175,"matrix":[1,0,0,1,29897,2739]},{"name":null,"type":0,"depth":353,"symbol":14,"clipDepth":0,"id":176,"matrix":[1,0,0,1,29630,3099]},{"name":null,"type":0,"depth":355,"symbol":14,"clipDepth":0,"id":177,"matrix":[1,0,0,1,30610,2739]},{"name":null,"type":0,"depth":357,"symbol":14,"clipDepth":0,"id":178,"matrix":[1,0,0,1,30760,3099]},{"name":null,"type":0,"depth":359,"symbol":14,"clipDepth":0,"id":179,"matrix":[1,0,0,1,31740,2739]},{"name":null,"type":0,"depth":361,"symbol":14,"clipDepth":0,"id":180,"matrix":[1,0,0,1,31580,3099]},{"name":null,"type":0,"depth":363,"symbol":14,"clipDepth":0,"id":181,"matrix":[1,0,0,1,32560,2739]},{"name":null,"type":0,"depth":365,"symbol":14,"clipDepth":0,"id":182,"matrix":[1,0,0,1,32224,3099]},{"name":null,"type":0,"depth":367,"symbol":14,"clipDepth":0,"id":183,"matrix":[1,0,0,1,33204,2739]},{"name":null,"type":0,"depth":369,"symbol":14,"clipDepth":0,"id":184,"matrix":[1,0,0,1,33374,2979]},{"name":null,"type":0,"depth":371,"symbol":14,"clipDepth":0,"id":185,"matrix":[1,0,0,1,34334,2739]},{"name":null,"type":0,"depth":373,"symbol":14,"clipDepth":0,"id":186,"matrix":[1,0,0,1,34194,2979]},{"name":null,"type":0,"depth":375,"symbol":14,"clipDepth":0,"id":187,"matrix":[1,0,0,1,35154,2739]},{"name":null,"type":0,"depth":377,"symbol":14,"clipDepth":0,"id":188,"matrix":[1,0,0,1,2029,2739]},{"name":null,"type":0,"depth":379,"symbol":14,"clipDepth":0,"id":189,"matrix":[1,0,0,1,1693,3099]},{"name":null,"type":0,"depth":381,"symbol":14,"clipDepth":0,"id":190,"matrix":[1,0,0,1,2673,2739]},{"name":null,"type":0,"depth":383,"symbol":14,"clipDepth":0,"id":191,"matrix":[1,0,0,1,2823,3099]},{"name":null,"type":0,"depth":385,"symbol":14,"clipDepth":0,"id":192,"matrix":[1,0,0,1,3803,2739]},{"name":null,"type":0,"depth":387,"symbol":14,"clipDepth":0,"id":193,"matrix":[1,0,0,1,3643,3099]},{"name":null,"type":0,"depth":389,"symbol":14,"clipDepth":0,"id":194,"matrix":[1,0,0,1,4623,2739]},{"name":null,"type":0,"depth":391,"symbol":14,"clipDepth":0,"id":195,"matrix":[1,0,0,1,4356,3099]},{"name":null,"type":0,"depth":393,"symbol":14,"clipDepth":0,"id":196,"matrix":[1,0,0,1,5336,2739]},{"name":null,"type":0,"depth":395,"symbol":14,"clipDepth":0,"id":197,"matrix":[1,0,0,1,5486,3099]},{"name":null,"type":0,"depth":397,"symbol":14,"clipDepth":0,"id":198,"matrix":[1,0,0,1,6466,2739]},{"name":null,"type":0,"depth":399,"symbol":14,"clipDepth":0,"id":199,"matrix":[1,0,0,1,6306,3099]},{"name":null,"type":0,"depth":401,"symbol":14,"clipDepth":0,"id":200,"matrix":[1,0,0,1,7286,2739]},{"name":null,"type":0,"depth":403,"symbol":14,"clipDepth":0,"id":201,"matrix":[1,0,0,1,6950,3099]},{"name":null,"type":0,"depth":405,"symbol":14,"clipDepth":0,"id":202,"matrix":[1,0,0,1,13187,3099]},{"name":null,"type":0,"depth":407,"symbol":14,"clipDepth":0,"id":203,"matrix":[1,0,0,1,14167,2739]},{"name":null,"type":0,"depth":409,"symbol":14,"clipDepth":0,"id":204,"matrix":[1,0,0,1,14007,3099]},{"name":null,"type":0,"depth":411,"symbol":14,"clipDepth":0,"id":205,"matrix":[1,0,0,1,14987,2739]},{"name":null,"type":0,"depth":413,"symbol":14,"clipDepth":0,"id":206,"matrix":[1,0,0,1,14525,2739]},{"name":null,"type":0,"depth":415,"symbol":14,"clipDepth":0,"id":207,"matrix":[1,0,0,1,14675,3099]},{"name":null,"type":0,"depth":417,"symbol":14,"clipDepth":0,"id":208,"matrix":[1,0,0,1,15655,2739]},{"name":null,"type":0,"depth":419,"symbol":14,"clipDepth":0,"id":209,"matrix":[1,0,0,1,15495,3099]},{"name":null,"type":0,"depth":421,"symbol":14,"clipDepth":0,"id":210,"matrix":[1,0,0,1,16475,2739]},{"name":null,"type":0,"depth":423,"symbol":14,"clipDepth":0,"id":211,"matrix":[1,0,0,1,16139,3099]},{"name":null,"type":0,"depth":425,"symbol":14,"clipDepth":0,"id":212,"matrix":[1,0,0,1,17119,2739]},{"name":null,"type":0,"depth":427,"symbol":14,"clipDepth":0,"id":213,"matrix":[1,0,0,1,17269,3099]},{"name":null,"type":0,"depth":429,"symbol":14,"clipDepth":0,"id":214,"matrix":[1,0,0,1,10085,2039]},{"name":null,"type":0,"depth":431,"symbol":14,"clipDepth":0,"id":215,"matrix":[1,0,0,1,11065,1679]},{"name":null,"type":0,"depth":433,"symbol":14,"clipDepth":0,"id":216,"matrix":[1,0,0,1,10905,2039]},{"name":null,"type":0,"depth":435,"symbol":14,"clipDepth":0,"id":217,"matrix":[1,0,0,1,11885,1679]},{"name":null,"type":0,"depth":437,"symbol":14,"clipDepth":0,"id":218,"matrix":[1,0,0,1,11423,1679]},{"name":null,"type":0,"depth":439,"symbol":14,"clipDepth":0,"id":219,"matrix":[1,0,0,1,11573,2039]},{"name":null,"type":0,"depth":441,"symbol":14,"clipDepth":0,"id":220,"matrix":[1,0,0,1,12553,1679]},{"name":null,"type":0,"depth":443,"symbol":14,"clipDepth":0,"id":221,"matrix":[1,0,0,1,12393,2039]},{"name":null,"type":0,"depth":445,"symbol":14,"clipDepth":0,"id":222,"matrix":[1,0,0,1,13373,1679]},{"name":null,"type":0,"depth":447,"symbol":14,"clipDepth":0,"id":223,"matrix":[1,0,0,1,13037,2039]},{"name":null,"type":0,"depth":449,"symbol":14,"clipDepth":0,"id":224,"matrix":[1,0,0,1,14017,1679]},{"name":null,"type":0,"depth":451,"symbol":14,"clipDepth":0,"id":225,"matrix":[1,0,0,1,14167,2039]},{"name":null,"type":0,"depth":453,"symbol":14,"clipDepth":0,"id":226,"matrix":[1,0,0,1,9200,1019]},{"name":null,"type":0,"depth":455,"symbol":14,"clipDepth":0,"id":227,"matrix":[1,0,0,1,10180,659]},{"name":null,"type":0,"depth":457,"symbol":14,"clipDepth":0,"id":228,"matrix":[1,0,0,1,10020,1019]},{"name":null,"type":0,"depth":459,"symbol":14,"clipDepth":0,"id":229,"matrix":[1,0,0,1,11000,659]},{"name":null,"type":0,"depth":461,"symbol":14,"clipDepth":0,"id":230,"matrix":[1,0,0,1,10538,659]},{"name":null,"type":0,"depth":463,"symbol":14,"clipDepth":0,"id":231,"matrix":[1,0,0,1,10688,1019]},{"name":null,"type":0,"depth":465,"symbol":14,"clipDepth":0,"id":232,"matrix":[1,0,0,1,11668,659]},{"name":null,"type":0,"depth":467,"symbol":14,"clipDepth":0,"id":233,"matrix":[1,0,0,1,11508,1019]},{"name":null,"type":0,"depth":469,"symbol":14,"clipDepth":0,"id":234,"matrix":[1,0,0,1,12488,659]},{"name":null,"type":0,"depth":471,"symbol":14,"clipDepth":0,"id":235,"matrix":[1,0,0,1,12152,1019]},{"name":null,"type":0,"depth":473,"symbol":14,"clipDepth":0,"id":236,"matrix":[1,0,0,1,13132,659]},{"name":null,"type":0,"depth":475,"symbol":14,"clipDepth":0,"id":237,"matrix":[1,0,0,1,13282,1019]},{"name":null,"type":0,"depth":477,"symbol":14,"clipDepth":0,"id":238,"matrix":[1,0,0,1,14788,2139]},{"name":null,"type":0,"depth":479,"symbol":14,"clipDepth":0,"id":239,"matrix":[1,0,0,1,15768,1779]},{"name":null,"type":0,"depth":481,"symbol":14,"clipDepth":0,"id":240,"matrix":[1,0,0,1,15608,2139]},{"name":null,"type":0,"depth":483,"symbol":14,"clipDepth":0,"id":241,"matrix":[1,0,0,1,16588,1779]},{"name":null,"type":0,"depth":485,"symbol":14,"clipDepth":0,"id":242,"matrix":[1,0,0,1,16126,1779]},{"name":null,"type":0,"depth":487,"symbol":14,"clipDepth":0,"id":243,"matrix":[1,0,0,1,16276,2139]},{"name":null,"type":0,"depth":489,"symbol":14,"clipDepth":0,"id":244,"matrix":[1,0,0,1,17256,1779]},{"name":null,"type":0,"depth":491,"symbol":14,"clipDepth":0,"id":245,"matrix":[1,0,0,1,17096,2139]},{"name":null,"type":0,"depth":493,"symbol":14,"clipDepth":0,"id":246,"matrix":[1,0,0,1,18076,1779]},{"name":null,"type":0,"depth":495,"symbol":14,"clipDepth":0,"id":247,"matrix":[1,0,0,1,17740,2139]},{"name":null,"type":0,"depth":497,"symbol":14,"clipDepth":0,"id":248,"matrix":[1,0,0,1,18720,1779]},{"name":null,"type":0,"depth":499,"symbol":14,"clipDepth":0,"id":249,"matrix":[1,0,0,1,18870,2139]}]}]},{"type":5,"id":21,"frames":[{"objects":[{"name":null,"type":0,"depth":1,"symbol":20,"clipDepth":0,"id":0,"matrix":[1,0,0,1,0,0]}]}]},{"type":4,"id":20,"commands":[3,5,1,13311,0,8,1860,640,7,0,640,7,0,0,7,1860,0,7,1860,640,5]},{"type":5,"id":19,"frames":[{"objects":[{"name":null,"type":0,"depth":1,"symbol":14,"clipDepth":0,"id":0,"matrix":[0.77056884765625,0,0,0.77056884765625,5817,10202]},{"name":null,"type":0,"depth":3,"symbol":14,"clipDepth":0,"id":1,"matrix":[0.77056884765625,0,0,0.77056884765625,11087,7473]},{"name":null,"type":0,"depth":5,"symbol":14,"clipDepth":0,"id":2,"matrix":[0.77056884765625,0,0,0.77056884765625,63240,7473]},{"name":null,"type":0,"depth":7,"symbol":14,"clipDepth":0,"id":3,"matrix":[0.77056884765625,0,0,0.77056884765625,4213,6204]},{"name":null,"type":0,"depth":9,"symbol":14,"clipDepth":0,"id":4,"matrix":[0.77056884765625,0,0,0.77056884765625,68200,10202]},{"name":null,"type":0,"depth":11,"symbol":14,"clipDepth":0,"id":5,"matrix":[0.77056884765625,0,0,0.77056884765625,69451,6204]}]}]},{"type":5,"id":18,"frames":[{"objects":[{"name":null,"type":0,"depth":1,"symbol":14,"clipDepth":0,"id":0,"matrix":[1,0,0,1,5920,10120]},{"name":null,"type":0,"depth":3,"symbol":14,"clipDepth":0,"id":1,"matrix":[1,0,0,1,5920,10120]},{"name":null,"type":0,"depth":5,"symbol":14,"clipDepth":0,"id":2,"matrix":[1,0,0,1,5920,10120]},{"name":null,"type":0,"depth":7,"symbol":14,"clipDepth":0,"id":3,"matrix":[1,0,0,1,5920,10120]},{"name":null,"type":0,"depth":9,"symbol":14,"clipDepth":0,"id":4,"matrix":[1,0,0,1,5920,10120]},{"name":null,"type":0,"depth":11,"symbol":14,"clipDepth":0,"id":5,"matrix":[1,0,0,1,5920,10120]},{"name":null,"type":0,"depth":13,"symbol":14,"clipDepth":0,"id":6,"matrix":[1,0,0,1,5920,10120]},{"name":null,"type":0,"depth":15,"symbol":14,"clipDepth":0,"id":7,"matrix":[1,0,0,1,5920,10120]},{"name":null,"type":0,"depth":17,"symbol":14,"clipDepth":0,"id":8,"matrix":[1,0,0,1,5920,10120]},{"name":null,"type":0,"depth":19,"symbol":14,"clipDepth":0,"id":9,"matrix":[1,0,0,1,5920,10120]},{"name":null,"type":0,"depth":21,"symbol":14,"clipDepth":0,"id":10,"matrix":[1,0,0,1,5920,10120]},{"name":null,"type":0,"depth":23,"symbol":14,"clipDepth":0,"id":11,"matrix":[1,0,0,1,5920,10120]},{"name":null,"type":0,"depth":25,"symbol":14,"clipDepth":0,"id":12,"matrix":[1,0,0,1,5920,10120]},{"name":null,"type":0,"depth":27,"symbol":14,"clipDepth":0,"id":13,"matrix":[1,0,0,1,5920,10120]},{"name":null,"type":0,"depth":29,"symbol":14,"clipDepth":0,"id":14,"matrix":[1,0,0,1,5920,10120]},{"name":null,"type":0,"depth":31,"symbol":14,"clipDepth":0,"id":15,"matrix":[1,0,0,1,5920,10120]},{"name":null,"type":0,"depth":33,"symbol":14,"clipDepth":0,"id":16,"matrix":[1,0,0,1,5920,10120]},{"name":null,"type":0,"depth":35,"symbol":14,"clipDepth":0,"id":17,"matrix":[1,0,0,1,5920,10120]},{"name":null,"type":0,"depth":37,"symbol":14,"clipDepth":0,"id":18,"matrix":[1,0,0,1,5920,10120]},{"name":null,"type":0,"depth":39,"symbol":14,"clipDepth":0,"id":19,"matrix":[1,0,0,1,5920,10120]}]}]},{"type":5,"id":17,"frames":[{"objects":[{"name":null,"type":0,"depth":1,"symbol":14,"clipDepth":0,"id":0,"matrix":[1,0,0,1,56512,10651]},{"name":null,"type":0,"depth":3,"symbol":14,"clipDepth":0,"id":1,"matrix":[1,0,0,1,6390,9771]},{"name":null,"type":0,"depth":5,"symbol":14,"clipDepth":0,"id":2,"matrix":[1,0,0,1,12451,10851]},{"name":null,"type":0,"depth":7,"symbol":14,"clipDepth":0,"id":3,"matrix":[1,0,0,1,34991,9991]},{"name":null,"type":0,"depth":9,"symbol":14,"clipDepth":0,"id":4,"matrix":[1,0,0,1,39170,9991]},{"name":null,"type":0,"depth":11,"symbol":14,"clipDepth":0,"id":5,"matrix":[1,0,0,1,21909,9431]},{"name":null,"type":0,"depth":13,"symbol":14,"clipDepth":0,"id":6,"matrix":[1,0,0,1,70249,5569]},{"name":null,"type":0,"depth":15,"symbol":14,"clipDepth":0,"id":7,"matrix":[1,0,0,1,9273,7530]},{"name":null,"type":0,"depth":17,"symbol":14,"clipDepth":0,"id":8,"matrix":[1,0,0,1,61108,6611]},{"name":null,"type":0,"depth":19,"symbol":14,"clipDepth":0,"id":9,"matrix":[1,0,0,1,47131,10851]},{"name":null,"type":0,"depth":21,"symbol":14,"clipDepth":0,"id":10,"matrix":[1,0,0,1,52130,9640]},{"name":null,"type":0,"depth":23,"symbol":14,"clipDepth":0,"id":11,"matrix":[1,0,0,1,17805,10851]},{"name":null,"type":0,"depth":25,"symbol":14,"clipDepth":0,"id":12,"matrix":[1,0,0,1,67811,9771]},{"name":null,"type":0,"depth":27,"symbol":14,"clipDepth":0,"id":13,"matrix":[1,0,0,1,48691,7530]},{"name":null,"type":0,"depth":29,"symbol":14,"clipDepth":0,"id":14,"matrix":[1,0,0,1,13070,6470]},{"name":null,"type":0,"depth":31,"symbol":14,"clipDepth":0,"id":15,"matrix":[1,0,0,1,61770,10851]},{"name":null,"type":0,"depth":33,"symbol":14,"clipDepth":0,"id":16,"matrix":[1,0,0,1,29551,11012]},{"name":null,"type":0,"depth":35,"symbol":14,"clipDepth":0,"id":17,"matrix":[1,0,0,1,64569,7070]},{"name":null,"type":0,"depth":37,"symbol":14,"clipDepth":0,"id":18,"matrix":[1,0,0,1,26248,7171]},{"name":null,"type":0,"depth":39,"symbol":14,"clipDepth":0,"id":19,"matrix":[1,0,0,1,3571,5689]}]}]},{"type":5,"id":16,"frames":[{"objects":[{"name":null,"type":0,"depth":1,"symbol":14,"clipDepth":0,"id":0,"matrix":[1,0,0,1,56880,10832]},{"name":null,"type":0,"depth":3,"symbol":14,"clipDepth":0,"id":1,"matrix":[1,0,0,1,25828,11696]},{"name":null,"type":0,"depth":5,"symbol":14,"clipDepth":0,"id":2,"matrix":[1,0,0,1,67749,10312]},{"name":null,"type":0,"depth":7,"symbol":14,"clipDepth":0,"id":3,"matrix":[1,0,0,1,43078,11419]},{"name":null,"type":0,"depth":9,"symbol":14,"clipDepth":0,"id":4,"matrix":[1,0,0,1,34971,10312]},{"name":null,"type":0,"depth":11,"symbol":14,"clipDepth":0,"id":5,"matrix":[1,0,0,1,28721,6482]},{"name":null,"type":0,"depth":13,"symbol":14,"clipDepth":0,"id":6,"matrix":[1,0,0,1,45431,6482]},{"name":null,"type":0,"depth":15,"symbol":14,"clipDepth":0,"id":7,"matrix":[1,0,0,1,62196,10832]},{"name":null,"type":0,"depth":17,"symbol":14,"clipDepth":0,"id":8,"matrix":[1,0,0,1,69414,5800]},{"name":null,"type":0,"depth":19,"symbol":14,"clipDepth":0,"id":9,"matrix":[1,0,0,1,41853,6482]},{"name":null,"type":0,"depth":21,"symbol":14,"clipDepth":0,"id":10,"matrix":[1,0,0,1,39884,10312]},{"name":null,"type":0,"depth":23,"symbol":14,"clipDepth":0,"id":11,"matrix":[1,0,0,1,49041,11419]},{"name":null,"type":0,"depth":25,"symbol":14,"clipDepth":0,"id":12,"matrix":[1,0,0,1,28408,11696]},{"name":null,"type":0,"depth":27,"symbol":14,"clipDepth":0,"id":13,"matrix":[1,0,0,1,30691,11696]},{"name":null,"type":0,"depth":29,"symbol":14,"clipDepth":0,"id":14,"matrix":[1,0,0,1,32476,6482]},{"name":null,"type":0,"depth":31,"symbol":14,"clipDepth":0,"id":15,"matrix":[1,0,0,1,46267,11419]},{"name":null,"type":0,"depth":33,"symbol":14,"clipDepth":0,"id":16,"matrix":[1,0,0,1,61362,6482]},{"name":null,"type":0,"depth":35,"symbol":14,"clipDepth":0,"id":17,"matrix":[1,0,0,1,37240,5800]},{"name":null,"type":0,"depth":37,"symbol":14,"clipDepth":0,"id":18,"matrix":[1,0,0,1,52208,10312]},{"name":null,"type":0,"depth":39,"symbol":14,"clipDepth":0,"id":19,"matrix":[1,0,0,1,59288,10508]}]}]},{"type":5,"id":15,"frames":[{"objects":[{"name":null,"type":0,"depth":1,"symbol":14,"clipDepth":0,"id":0,"matrix":[1,0,0,1,37286,5628]},{"name":null,"type":0,"depth":3,"symbol":14,"clipDepth":0,"id":1,"matrix":[1,0,0,1,21818,10157]},{"name":null,"type":0,"depth":5,"symbol":14,"clipDepth":0,"id":2,"matrix":[1,0,0,1,31338,11536]},{"name":null,"type":0,"depth":7,"symbol":14,"clipDepth":0,"id":3,"matrix":[1,0,0,1,32069,6736]},{"name":null,"type":0,"depth":9,"symbol":14,"clipDepth":0,"id":4,"matrix":[1,0,0,1,42147,6736]},{"name":null,"type":0,"depth":11,"symbol":14,"clipDepth":0,"id":5,"matrix":[1,0,0,1,27763,11536]},{"name":null,"type":0,"depth":13,"symbol":14,"clipDepth":0,"id":6,"matrix":[1,0,0,1,52360,10157]},{"name":null,"type":0,"depth":15,"symbol":14,"clipDepth":0,"id":7,"matrix":[1,0,0,1,42947,11536]},{"name":null,"type":0,"depth":17,"symbol":14,"clipDepth":0,"id":8,"matrix":[1,0,0,1,61324,6736]},{"name":null,"type":0,"depth":19,"symbol":14,"clipDepth":0,"id":9,"matrix":[1,0,0,1,63089,11536]}]}]},{"type":5,"id":14,"frames":[{}]},{"type":4,"id":13,"commands":[3,5,0,12,[1,0,0,1,0,0],false,true,8,0,0,7,37080,0,7,74160,0,7,74160,15260,7,37080,15260,7,0,15260,7,0,0,5]},{"path":"symbols/12.jpg","type":0,"id":12,"alpha":"symbols/12a.png"},{"type":5,"className":"com.darkness.tdp4.maps.view.MapGFX","baseClassName":null,"id":11,"frames":[{"objects":[{"name":null,"type":0,"depth":1,"symbol":10,"clipDepth":0,"id":0,"matrix":[1,0,0,1,0,0]}]}]},{"type":4,"id":10,"commands":[3,5,0,9,[1,0,0,1,0,0],false,true,8,0,0,7,37080,0,7,74160,0,7,74160,15260,7,37080,15260,7,0,15260,7,0,0,5]},{"path":"symbols/9.jpg","type":0,"id":9,"alpha":"symbols/9a.png"},{"type":5,"className":"com.darkness.tdp4.maps.view.MapPolygonContainer","baseClassName":null,"id":8,"frames":[{"objects":[{"name":null,"type":0,"depth":1,"symbol":2,"clipDepth":0,"id":0,"matrix":[20.1814575195312,0,0,60.0013122558594,-1271,7388]},{"name":null,"type":0,"depth":3,"symbol":2,"clipDepth":0,"id":1,"matrix":[186.655548095703,-0.0009613037109375,0.0495758056640625,17.7151031494141,36428,15611]},{"name":null,"type":0,"depth":5,"symbol":2,"clipDepth":0,"id":2,"matrix":[20.7849731445312,0,0,59.9984283447266,75970,10325]},{"name":null,"type":0,"depth":7,"symbol":2,"clipDepth":0,"id":3,"matrix":[193.362060546875,0,0,17.0662536621094,41315,-48]},{"name":null,"type":0,"depth":9,"symbol":2,"clipDepth":0,"id":4,"matrix":[0.0130615234375,4.17755126953125,-6.17887878417969,0.0192413330078125,21818,12090]},{"name":null,"type":0,"depth":11,"symbol":2,"clipDepth":0,"id":5,"matrix":[4.0616455078125,-0.0470428466796875,0.02191162109375,1.89378356933594,20180,12153]},{"name":null,"type":0,"depth":13,"symbol":2,"clipDepth":0,"id":6,"matrix":[0.0130615234375,4.17755126953125,-14.3378601074219,0.0446929931640625,37167,12225]},{"name":null,"type":0,"depth":15,"symbol":2,"clipDepth":0,"id":7,"matrix":[2.3414306640625,-3.45970153808594,4.70512390136719,3.18438720703125,40464,12674]},{"name":null,"type":0,"depth":17,"symbol":2,"clipDepth":0,"id":8,"matrix":[2.2882080078125,3.4951171875,-4.706298828125,3.0810546875,33825,12688]},{"name":null,"type":0,"depth":19,"symbol":2,"clipDepth":0,"id":9,"matrix":[4.73031616210938,-0.0147247314453125,0.0260009765625,8.4033203125,37152,11152]},{"name":null,"type":0,"depth":21,"symbol":2,"clipDepth":0,"id":10,"matrix":[0.0130615234375,4.17755126953125,-11.7026062011719,0.036468505859375,4976,11944]},{"name":null,"type":0,"depth":23,"symbol":2,"clipDepth":0,"id":11,"matrix":[1.21295166015625,-3.99754333496094,13.8569946289062,4.20458984375,9801,12738]},{"name":null,"type":0,"depth":25,"symbol":2,"clipDepth":0,"id":12,"matrix":[-1.21295166015625,-3.99754333496094,-8.77374267578125,2.66217041015625,65450,12431]},{"name":null,"type":0,"depth":27,"symbol":2,"clipDepth":0,"id":13,"matrix":[0.0051727294921875,-2.26358032226562,10.6796264648438,0.0244598388671875,4571,7637]},{"name":null,"type":0,"depth":29,"symbol":2,"clipDepth":0,"id":14,"matrix":[0.0042572021484375,-2.26115417480469,15.8186645507812,0.04400634765625,70653,7640]},{"name":null,"type":0,"depth":31,"symbol":2,"clipDepth":0,"id":15,"matrix":[0.0350341796875,3.48204040527344,-4.37625122070312,0.04400634765625,13347,8138]},{"name":null,"type":0,"depth":33,"symbol":2,"clipDepth":0,"id":16,"matrix":[-0.347488403320312,-1.376953125,2.05987548828125,-0.519805908203125,9896,8684]},{"name":null,"type":0,"depth":35,"symbol":2,"clipDepth":0,"id":17,"matrix":[-1.52587890625e-05,0.912109375,-5.6527099609375,-7.62939453125e-05,11353,8488]},{"name":null,"type":0,"depth":37,"symbol":2,"clipDepth":0,"id":18,"matrix":[-0.350967407226562,-1.07208251953125,2.37619018554688,-0.777877807617188,13678,8772]},{"name":null,"type":0,"depth":39,"symbol":2,"clipDepth":0,"id":19,"matrix":[0.003692626953125,-1.61367797851562,9.72088623046875,0.0222625732421875,11346,8815]},{"name":null,"type":0,"depth":41,"symbol":2,"clipDepth":0,"id":20,"matrix":[0.769119262695312,1.25506591796875,-3.605712890625,2.08685302734375,8853,9156]},{"name":null,"type":0,"depth":43,"symbol":2,"clipDepth":0,"id":21,"matrix":[0.0001678466796875,-0.07489013671875,2.8255615234375,0.0064697265625,7720,9770]},{"name":null,"type":0,"depth":45,"symbol":2,"clipDepth":0,"id":22,"matrix":[-0.017578125,-5.2821044921875,19.8560028076172,-0.065673828125,37129,3574]},{"name":null,"type":0,"depth":47,"symbol":2,"clipDepth":0,"id":23,"matrix":[1.8861083984375,-3.72750854492188,6.36846923828125,3.22256469726562,32273,3254]},{"name":null,"type":0,"depth":49,"symbol":2,"clipDepth":0,"id":24,"matrix":[-1.77197265625,-3.78302001953125,7.07733154296875,-3.31486511230469,42140,3198]},{"name":null,"type":0,"depth":51,"symbol":2,"clipDepth":0,"id":25,"matrix":[0.160491943359375,-4.28033447265625,0.53204345703125,0.0199432373046875,35284,7530]},{"name":null,"type":0,"depth":53,"symbol":2,"clipDepth":0,"id":26,"matrix":[0.032745361328125,0.05853271484375,-2.7872314453125,1.55902099609375,7708,9472]},{"name":null,"type":0,"depth":55,"symbol":2,"clipDepth":0,"id":27,"matrix":[0.416412353515625,0.74237060546875,-0.735794067382812,0.412750244140625,7945,9542]},{"name":null,"type":0,"depth":57,"symbol":2,"clipDepth":0,"id":28,"matrix":[0.352508544921875,0.628433227539062,-0.296157836914062,0.1661376953125,7747,9617]},{"name":null,"type":0,"depth":59,"symbol":2,"clipDepth":0,"id":29,"matrix":[0.240158081054688,0.428146362304688,-0.368820190429688,0.206893920898438,7605,9640]},{"name":null,"type":0,"depth":61,"symbol":2,"clipDepth":0,"id":30,"matrix":[0.1025390625,0.182815551757812,-0.581268310546875,0.326065063476562,7453,9670]},{"name":null,"type":0,"depth":63,"symbol":2,"clipDepth":0,"id":31,"matrix":[-0.000701904296875,-0.127670288085938,2.49736022949219,-0.013824462890625,7786,9730]},{"name":null,"type":0,"depth":65,"symbol":2,"clipDepth":0,"id":32,"matrix":[-0.0605316162109375,0.579803466796875,-0.911941528320312,-0.095184326171875,8091,9593]},{"name":null,"type":0,"depth":67,"symbol":2,"clipDepth":0,"id":33,"matrix":[-0.00830078125,2.67303466796875,-2.14288330078125,-0.0065460205078125,30637,7318]},{"name":null,"type":0,"depth":69,"symbol":2,"clipDepth":0,"id":34,"matrix":[-0.6181640625,1.51473999023438,9.71990966796875,3.69212341308594,47512,8684]},{"name":null,"type":0,"depth":71,"symbol":2,"clipDepth":0,"id":35,"matrix":[-0.089111328125,0.173324584960938,2.8369140625,1.46127319335938,50109,9446]},{"name":null,"type":0,"depth":73,"symbol":2,"clipDepth":0,"id":36,"matrix":[-0.399871826171875,0.9180908203125,0.772674560546875,0.337173461914062,49683,9490]},{"name":null,"type":0,"depth":75,"symbol":2,"clipDepth":0,"id":37,"matrix":[2.51158142089844,0.0667266845703125,0.00897216796875,-0.339462280273438,49921,9665]},{"name":null,"type":0,"depth":77,"symbol":2,"clipDepth":0,"id":38,"matrix":[-0.116195678710938,0.210311889648438,1.13279724121094,0.438064575195312,50304,9601]},{"name":null,"type":0,"depth":79,"symbol":2,"clipDepth":0,"id":39,"matrix":[0.0005645751953125,-0.106674194335938,-3.27471923828125,-0.0181427001953125,50024,9730]},{"name":null,"type":0,"depth":81,"symbol":2,"clipDepth":0,"id":40,"matrix":[-0.140777587890625,0.565673828125,0.94415283203125,0.235382080078125,50010,9568]},{"name":null,"type":0,"depth":83,"symbol":2,"clipDepth":0,"id":41,"matrix":[0.006500244140625,4.17747497558594,15.6096343994141,-0.024322509765625,70071,11930]},{"name":null,"type":0,"depth":85,"symbol":2,"clipDepth":0,"id":42,"matrix":[0.0079498291015625,-3.48220825195312,2.40814208984375,0.0055084228515625,14979,12162]},{"name":null,"type":0,"depth":87,"symbol":2,"clipDepth":0,"id":43,"matrix":[0.0079498291015625,-3.48220825195312,2.40814208984375,0.0055084228515625,15844,12373]},{"name":null,"type":0,"depth":89,"symbol":2,"clipDepth":0,"id":44,"matrix":[-0.0079498291015625,-3.48220825195312,-2.40814208984375,0.0055084228515625,59312,12162]},{"name":null,"type":0,"depth":91,"symbol":2,"clipDepth":0,"id":45,"matrix":[-0.0079498291015625,-3.48220825195312,-2.40814208984375,0.0055084228515625,58444,12373]},{"name":null,"type":0,"depth":93,"symbol":2,"clipDepth":0,"id":46,"matrix":[-0.0130462646484375,4.17755126953125,6.03286743164062,0.018798828125,52556,12090]},{"name":null,"type":0,"depth":95,"symbol":2,"clipDepth":0,"id":47,"matrix":[-4.06158447265625,-0.0470428466796875,-0.0219268798828125,1.89378356933594,54195,12153]},{"name":null,"type":0,"depth":97,"symbol":2,"clipDepth":0,"id":48,"matrix":[-0.53497314453125,-0.319122314453125,0.18408203125,-0.30859375,38961,6729]},{"name":null,"type":0,"depth":99,"symbol":2,"clipDepth":0,"id":49,"matrix":[-0.15496826171875,-0.3408203125,0.57574462890625,-0.205322265625,35336,6686]},{"name":null,"type":0,"depth":101,"symbol":2,"clipDepth":0,"id":50,"matrix":[0.844482421875,-0.0034027099609375,0.016326904296875,6.64852905273438,29904,9337]},{"name":null,"type":0,"depth":103,"symbol":2,"clipDepth":0,"id":51,"matrix":[0.666244506835938,1.494140625,-9.8465576171875,4.105224609375,26784,8720]},{"name":null,"type":0,"depth":105,"symbol":2,"clipDepth":0,"id":52,"matrix":[0.091094970703125,0.1722412109375,-2.81964111328125,1.49423217773438,24170,9555]},{"name":null,"type":0,"depth":107,"symbol":2,"clipDepth":0,"id":53,"matrix":[0.395660400390625,0.919891357421875,-0.774169921875,0.3336181640625,24640,9585]},{"name":null,"type":0,"depth":109,"symbol":2,"clipDepth":0,"id":54,"matrix":[-2.5118408203125,0.05523681640625,-0.0074005126953125,-0.3394775390625,24422,9781]},{"name":null,"type":0,"depth":111,"symbol":2,"clipDepth":0,"id":55,"matrix":[0.115219116210938,0.2108154296875,-1.134765625,0.432861328125,24020,9693]},{"name":null,"type":0,"depth":113,"symbol":2,"clipDepth":0,"id":56,"matrix":[-7.62939453125e-05,-0.106658935546875,3.27474975585938,-0.0031890869140625,24319,9846]},{"name":null,"type":0,"depth":115,"symbol":2,"clipDepth":0,"id":57,"matrix":[0.138168334960938,0.5662841796875,-0.9451904296875,0.231048583984375,24313,9661]},{"name":null,"type":0,"depth":117,"symbol":2,"clipDepth":0,"id":58,"matrix":[-0.091583251953125,-4.13148498535156,0.532272338867188,-0.0117950439453125,39008,7555]},{"name":null,"type":0,"depth":119,"symbol":2,"clipDepth":0,"id":59,"matrix":[-0.769134521484375,1.25506591796875,0.502960205078125,0.29107666015625,59677,11729]},{"name":null,"type":0,"depth":121,"symbol":2,"clipDepth":0,"id":60,"matrix":[-0.769134521484375,1.25506591796875,0.360595703125,0.20867919921875,22909,11492]},{"name":null,"type":0,"depth":123,"symbol":2,"clipDepth":0,"id":61,"matrix":[-0.769134521484375,1.25506591796875,0.360595703125,0.20867919921875,16226,11944]},{"name":null,"type":0,"depth":125,"symbol":2,"clipDepth":0,"id":62,"matrix":[-0.769134521484375,1.25506591796875,0.360595703125,0.20867919921875,15361,11731]},{"name":null,"type":0,"depth":127,"symbol":2,"clipDepth":0,"id":63,"matrix":[-0.769134521484375,1.25506591796875,0.360595703125,0.20867919921875,14115,7713]},{"name":null,"type":0,"depth":129,"symbol":2,"clipDepth":0,"id":64,"matrix":[-0.769134521484375,1.25506591796875,0.360595703125,0.20867919921875,6615,7472]},{"name":null,"type":0,"depth":131,"symbol":2,"clipDepth":0,"id":65,"matrix":[-0.769134521484375,1.25506591796875,0.218170166015625,0.126251220703125,30913,7023]},{"name":null,"type":0,"depth":133,"symbol":2,"clipDepth":0,"id":66,"matrix":[-0.769134521484375,1.25506591796875,0.360595703125,0.20867919921875,54919,12058]},{"name":null,"type":0,"depth":135,"symbol":2,"clipDepth":0,"id":67,"matrix":[-0.769134521484375,1.25506591796875,0.360595703125,0.20867919921875,53677,11543]},{"name":null,"type":0,"depth":137,"symbol":2,"clipDepth":0,"id":68,"matrix":[-0.769134521484375,1.25506591796875,0.267745971679688,0.154937744140625,37955,9724]},{"name":null,"type":0,"depth":139,"symbol":2,"clipDepth":0,"id":69,"matrix":[0.637847900390625,1.50657653808594,-0.232208251953125,0.0916595458984375,30332,7076]},{"name":null,"type":0,"depth":141,"symbol":2,"clipDepth":0,"id":70,"matrix":[0.637847900390625,1.50657653808594,-0.37359619140625,0.147491455078125,12524,7775]},{"name":null,"type":0,"depth":143,"symbol":2,"clipDepth":0,"id":71,"matrix":[0.637847900390625,1.50657653808594,-0.37359619140625,0.147491455078125,14565,11784]},{"name":null,"type":0,"depth":145,"symbol":2,"clipDepth":0,"id":72,"matrix":[0.637847900390625,1.50657653808594,-0.33123779296875,0.130767822265625,36317,9773]},{"name":null,"type":0,"depth":147,"symbol":2,"clipDepth":0,"id":73,"matrix":[0.637847900390625,1.50657653808594,-0.37359619140625,0.147491455078125,51428,11567]},{"name":null,"type":0,"depth":149,"symbol":2,"clipDepth":0,"id":74,"matrix":[0.637847900390625,1.50657653808594,-0.37359619140625,0.147491455078125,58026,11999]},{"name":null,"type":0,"depth":151,"symbol":2,"clipDepth":0,"id":75,"matrix":[0.637847900390625,1.50657653808594,-0.37359619140625,0.147491455078125,58887,11788]},{"name":null,"type":0,"depth":153,"symbol":2,"clipDepth":0,"id":76,"matrix":[0.637847900390625,1.50657653808594,-0.37359619140625,0.147491455078125,67555,7501]},{"name":null,"type":0,"depth":155,"symbol":2,"clipDepth":0,"id":77,"matrix":[0.637847900390625,1.50657653808594,-0.37359619140625,0.147491455078125,20648,11580]},{"name":null,"type":0,"depth":157,"symbol":2,"clipDepth":0,"id":78,"matrix":[0.637847900390625,1.50657653808594,-0.37359619140625,0.147491455078125,19430,12103]},{"name":null,"type":0,"depth":159,"symbol":2,"clipDepth":0,"id":79,"matrix":[-0.78753662109375,1.28509521484375,0.360595703125,0.20867919921875,49477,9370]},{"name":null,"type":0,"depth":161,"symbol":2,"clipDepth":0,"id":80,"matrix":[0.648971557617188,1.53285217285156,-0.37359619140625,0.147491455078125,24792,9521]},{"name":null,"type":0,"depth":163,"symbol":2,"clipDepth":0,"id":81,"matrix":[-0.007720947265625,4.45489501953125,-8.81964111328125,-0.015380859375,37137,7490]},{"name":null,"type":0,"depth":165,"symbol":2,"clipDepth":0,"id":82,"matrix":[-0.295333862304688,-4.88121032714844,0.531417846679688,-0.032135009765625,38090,10482]},{"name":null,"type":0,"depth":167,"symbol":2,"clipDepth":0,"id":83,"matrix":[0.299606323242188,-4.9517822265625,-0.531417846679688,-0.032135009765625,36198,10509]},{"name":null,"type":0,"depth":169,"symbol":2,"clipDepth":0,"id":84,"matrix":[-0.0029144287109375,1.68603515625,-16.6348114013672,-0.028961181640625,31897,7987]},{"name":null,"type":0,"depth":171,"symbol":2,"clipDepth":0,"id":85,"matrix":[-0.0026092529296875,1.50927734375,-16.5983276367188,-0.0289154052734375,42375,7953]},{"name":null,"type":0,"depth":173,"symbol":2,"clipDepth":0,"id":86,"matrix":[-0.147567749023438,-4.88787841796875,0.532135009765625,-0.0160369873046875,23043,12263]},{"name":null,"type":0,"depth":175,"symbol":2,"clipDepth":0,"id":87,"matrix":[0.152206420898438,-4.95849609375,-0.532135009765625,-0.0163116455078125,51328,12316]},{"name":null,"type":0,"depth":177,"symbol":2,"clipDepth":0,"id":88,"matrix":[0.844482421875,-0.0034027099609375,0.016326904296875,6.64852905273438,44282,9285]},{"name":null,"type":0,"depth":179,"symbol":2,"clipDepth":0,"id":89,"matrix":[0.844482421875,-0.0034027099609375,0.016326904296875,6.64852905273438,40878,5207]},{"name":null,"type":0,"depth":181,"symbol":2,"clipDepth":0,"id":90,"matrix":[0.762619018554688,-0.0030670166015625,0.016326904296875,6.64852905273438,33350,5207]},{"name":null,"type":0,"depth":183,"symbol":2,"clipDepth":0,"id":91,"matrix":[-0.00830078125,2.67303466796875,-2.14288330078125,-0.0065460205078125,43668,7267]},{"name":null,"type":0,"depth":185,"symbol":2,"clipDepth":0,"id":92,"matrix":[-0.769134521484375,1.25506591796875,0.218170166015625,0.126251220703125,43944,6972]},{"name":null,"type":0,"depth":187,"symbol":2,"clipDepth":0,"id":93,"matrix":[0.637847900390625,1.50657653808594,-0.232208251953125,0.0916595458984375,43363,7025]},{"name":null,"type":0,"depth":189,"symbol":2,"clipDepth":0,"id":94,"matrix":[0.137542724609375,-2.27340698242188,-0.531417846679688,-0.032135009765625,30244,7259]},{"name":null,"type":0,"depth":191,"symbol":2,"clipDepth":0,"id":95,"matrix":[0.186309814453125,-3.07943725585938,-0.531417846679688,-0.032135009765625,43275,7369]},{"name":null,"type":0,"depth":193,"symbol":2,"clipDepth":0,"id":96,"matrix":[-0.25799560546875,-2.98130798339844,0.5303955078125,-0.0458831787109375,44066,7351]},{"name":null,"type":0,"depth":195,"symbol":2,"clipDepth":0,"id":97,"matrix":[-0.215087890625,-2.95066833496094,0.530975341796875,-0.0386810302734375,31037,7396]},{"name":null,"type":0,"depth":197,"symbol":2,"clipDepth":0,"id":98,"matrix":[-0.0350341796875,3.48204040527344,4.37623596191406,0.04400634765625,60972,8123]},{"name":null,"type":0,"depth":199,"symbol":2,"clipDepth":0,"id":99,"matrix":[0.34747314453125,-1.376953125,-2.05987548828125,-0.519805908203125,64423,8669]},{"name":null,"type":0,"depth":201,"symbol":2,"clipDepth":0,"id":100,"matrix":[1.52587890625e-05,0.912109375,5.6527099609375,-7.62939453125e-05,62966,8473]},{"name":null,"type":0,"depth":203,"symbol":2,"clipDepth":0,"id":101,"matrix":[0.3509521484375,-1.07208251953125,-2.37619018554688,-0.777877807617188,60641,8757]},{"name":null,"type":0,"depth":205,"symbol":2,"clipDepth":0,"id":102,"matrix":[-0.003692626953125,-1.61367797851562,-9.72088623046875,0.0222625732421875,62973,8800]},{"name":null,"type":0,"depth":207,"symbol":2,"clipDepth":0,"id":103,"matrix":[-0.76910400390625,1.25506591796875,3.605712890625,2.08685302734375,65466,9141]},{"name":null,"type":0,"depth":209,"symbol":2,"clipDepth":0,"id":104,"matrix":[-0.0001678466796875,-0.07489013671875,-2.8255615234375,0.0064697265625,66599,9755]},{"name":null,"type":0,"depth":211,"symbol":2,"clipDepth":0,"id":105,"matrix":[-0.032745361328125,0.05853271484375,2.7872314453125,1.55902099609375,66611,9457]},{"name":null,"type":0,"depth":213,"symbol":2,"clipDepth":0,"id":106,"matrix":[-0.416412353515625,0.74237060546875,0.735794067382812,0.412750244140625,66374,9527]},{"name":null,"type":0,"depth":215,"symbol":2,"clipDepth":0,"id":107,"matrix":[-0.352508544921875,0.628433227539062,0.296142578125,0.1661376953125,66572,9602]},{"name":null,"type":0,"depth":217,"symbol":2,"clipDepth":0,"id":108,"matrix":[-0.240158081054688,0.428146362304688,0.368820190429688,0.206893920898438,66714,9625]},{"name":null,"type":0,"depth":219,"symbol":2,"clipDepth":0,"id":109,"matrix":[-0.1025390625,0.182815551757812,0.581268310546875,0.326065063476562,66866,9655]},{"name":null,"type":0,"depth":221,"symbol":2,"clipDepth":0,"id":110,"matrix":[0.000701904296875,-0.127670288085938,-2.49736022949219,-0.013824462890625,66533,9715]},{"name":null,"type":0,"depth":223,"symbol":2,"clipDepth":0,"id":111,"matrix":[0.0605316162109375,0.579803466796875,0.91192626953125,-0.095184326171875,66228,9578]},{"name":null,"type":0,"depth":225,"symbol":2,"clipDepth":0,"id":112,"matrix":[0.769134521484375,1.25506591796875,-0.360595703125,0.20867919921875,60204,7698]},{"name":null,"type":0,"depth":227,"symbol":2,"clipDepth":0,"id":113,"matrix":[-0.637847900390625,1.50657653808594,0.37359619140625,0.147491455078125,61795,7760]},{"name":null,"type":0,"depth":229,"symbol":2,"clipDepth":0,"id":114,"matrix":[0.345809936523438,0.004638671875,-0.0997314453125,6.64779663085938,30029,9335]},{"name":null,"type":0,"depth":231,"symbol":2,"clipDepth":0,"id":115,"matrix":[0.345733642578125,-0.007415771484375,0.132369995117188,6.64720153808594,29782,9338]},{"name":null,"type":0,"depth":233,"symbol":2,"clipDepth":0,"id":116,"matrix":[0.345809936523438,0.004638671875,-0.0997314453125,6.64779663085938,44411,9287]},{"name":null,"type":0,"depth":235,"symbol":2,"clipDepth":0,"id":117,"matrix":[0.345733642578125,-0.007415771484375,0.132369995117188,6.64720153808594,44155,9286]},{"name":null,"type":0,"depth":237,"symbol":2,"clipDepth":0,"id":118,"matrix":[0.300216674804688,0.0040130615234375,-0.086578369140625,5.77146911621094,33468,5387]},{"name":null,"type":0,"depth":239,"symbol":2,"clipDepth":0,"id":119,"matrix":[0.300155639648438,-0.0064239501953125,0.114913940429688,5.77095031738281,33233,5387]},{"name":null,"type":0,"depth":241,"symbol":2,"clipDepth":0,"id":120,"matrix":[0.300216674804688,0.0040130615234375,-0.086578369140625,5.77146911621094,41015,5387]},{"name":null,"type":0,"depth":243,"symbol":2,"clipDepth":0,"id":121,"matrix":[0.300155639648438,-0.0064239501953125,0.114913940429688,5.77093505859375,40744,5387]}]}]},{"type":5,"className":"com.darkness.tdp4.maps.view.MapGFXBack","baseClassName":null,"id":7,"frames":[{"objects":[{"name":null,"type":0,"depth":1,"symbol":6,"clipDepth":0,"id":0,"matrix":[1,0,0,1,0,0]}]}]},{"type":4,"id":6,"commands":[3,5,1,255,1,8,73133,798,7,73934,798,7,73934,14561,7,10397,14561,7,10397,15320,7,1995,15320,7,1995,14561,7,876,14561,7,875,798,7,64731,798,7,64730,358,7,73132,358,7,73133,798,8,66307,9695,7,66317,9695,7,66315,9694,7,66307,9695,8,66081,9745,7,66079,9748,7,66410,9748,7,66410,9747,7,66081,9745,8,67167,9788,7,67146,9776,7,66061,9778,7,66037,9816,7,64844,9126,7,61034,9134,7,61034,9128,7,60102,8822,7,60104,8817,7,60096,8817,7,60110,7425,7,61860,7443,7,61851,8298,7,64086,8298,7,64086,8297,7,64090,8298,7,64104,8298,7,64104,8302,7,64812,8480,7,64920,8480,7,64920,8490,7,66061,9150,7,66067,9140,7,67149,9746,7,67169,9746,7,67169,9758,7,67181,9764,7,67167,9788,8,67039,9746,7,67092,9746,7,67039,9717,7,67039,9746,8,67008,9699,7,67004,9697,7,67003,9699,7,67008,9699,8,66794,9668,7,66778,9698,7,66849,9698,7,66794,9668,8,66605,9697,7,66631,9697,7,66611,9686,7,66605,9697,8,71808,7190,7,71808,3363,7,43749,3363,7,41173,4570,7,41178,6497,7,41181,6497,7,41181,6565,7,40585,6567,7,40585,6548,7,40582,6548,7,40577,4617,7,33748,4639,7,33753,6481,7,33759,6481,7,33759,6549,7,33160,6551,7,33160,6548,7,33157,6548,7,33152,4637,7,30637,3363,7,2760,3363,7,2760,7178,7,6703,7187,7,6701,8093,7,2760,8084,7,2760,11113,7,7267,11099,7,7268,11095,7,7281,11099,7,7309,11099,7,7309,11108,7,10467,12066,7,14492,12066,7,14494,11463,7,15458,11465,7,15458,11674,7,16323,11676,7,16322,12066,7,19362,12066,7,19359,11781,7,20616,11767,7,20614,11209,7,23028,11201,7,23031,12066,7,33242,12066,7,34079,11518,7,36097,11518,7,36097,10858,7,36091,10858,7,36086,9476,7,36083,9476,7,36083,9449,7,36265,9447,7,36090,9445,7,36090,9433,7,36087,9433,7,36087,9413,7,36086,9413,7,36086,9403,7,36083,9403,7,36083,9376,7,38195,9370,7,38195,9393,7,38198,9393,7,38198,9400,7,38199,9400,7,38199,9423,7,38202,9423,7,38202,9445,7,38195,9445,7,38195,9466,7,38198,9466,7,38204,11384,7,38237,11384,7,38237,11458,7,40106,11458,7,41004,12066,7,51344,12066,7,51347,11248,7,53761,11256,7,53759,11767,7,55006,11781,7,55003,12066,7,57956,12066,7,57955,11676,7,58824,11674,7,58823,11465,7,59787,11463,7,59789,12066,7,63761,12066,7,66943,11101,7,66943,11098,7,66954,11098,7,66957,11097,7,66958,11098,7,71808,11091,7,71808,8094,7,67483,8081,7,67485,7177,7,71808,7190,8,45891,7677,7,49643,9179,7,49640,9187,7,50690,9694,7,50674,9727,7,50674,9753,7,50662,9753,7,50656,9764,7,50633,9753,7,49401,9745,7,49385,9781,7,45910,8390,7,45910,8471,7,44562,8471,7,44568,10617,7,43972,10617,7,43966,8471,7,39077,8471,7,39077,8039,7,39031,8039,7,39072,8113,7,39073,8113,7,39071,8462,7,35237,8462,7,35239,8087,7,35249,8087,7,35273,8039,7,35217,8039,7,35217,8471,7,30199,8471,7,30205,10649,7,29609,10649,7,29603,8471,7,28462,8471,7,28462,8381,7,24959,9782,7,24944,9746,7,23712,9754,7,23688,9765,7,23683,9754,7,23669,9754,7,23669,9726,7,23654,9695,7,24704,9188,7,24701,9180,7,28457,7678,7,28462,7690,7,28462,7685,7,30205,7685,7,30207,7007,7,30206,7007,7,30206,6890,7,30207,6890,7,30207,6865,7,31065,6865,7,31065,6893,7,31064,6893,7,31064,6982,7,31065,6982,7,31063,7685,7,35227,7685,7,35234,6671,7,35244,6671,7,35303,6551,7,35315,6558,7,38980,6584,7,38998,6574,7,39004,6584,7,39015,6584,7,39015,6604,7,39067,6697,7,39068,6697,7,39061,7685,7,43249,7685,7,43251,7028,7,43250,7028,7,43250,6911,7,43253,6911,7,43253,6884,7,44111,6884,7,44111,6912,7,44108,6912,7,44108,6990,7,44109,6990,7,44107,7685,7,45888,7685,7,45891,7677,8,49991,9443,7,49901,9399,7,49893,9418,7,49991,9443,8,50545,9710,7,50520,9698,7,50514,9710,7,50545,9710,8,50417,9710,7,50453,9710,7,50418,9696,7,50417,9710,8,14218,8828,7,13284,9135,7,13284,9140,7,9474,9132,7,8281,9822,7,8258,9784,7,7175,9782,7,7153,9794,7,7139,9770,7,7150,9764,7,7150,9752,7,7171,9752,7,8253,9146,7,8259,9155,7,9398,8496,7,9398,8486,7,9508,8486,7,10217,8308,7,10217,8304,7,10230,8304,7,10234,8303,7,10235,8304,7,12469,8304,7,12460,7449,7,14210,7431,7,14224,8823,7,14217,8823,7,14218,8828,8,24356,9442,7,24451,9419,7,24443,9400,7,24356,9442,8,23800,9711,7,23831,9711,7,23824,9700,7,23800,9711,8,23891,9711,7,23925,9711,7,23925,9698,7,23891,9711,8,8238,9752,7,8145,9753,7,8239,9754,7,8238,9752,8,7282,9752,7,7282,9722,7,7228,9752,7,7282,9752,8,7312,9705,7,7316,9705,7,7315,9703,7,7312,9705,8,7540,9704,7,7524,9675,7,7471,9704,7,7540,9704,8,7708,9691,7,7687,9703,7,7714,9703,7,7708,9691,8,8016,9701,7,8003,9700,7,8001,9701,7,8016,9701,5]},{"type":5,"className":"com.darkness.tdp4.maps.view.MapTestPolygonContainer","baseClassName":null,"id":5,"frames":[{"objects":[{"name":null,"type":0,"depth":1,"symbol":2,"clipDepth":0,"id":0,"matrix":[-0.0868988037109375,-0.0004730224609375,0.0185394287109375,-3.35540771484375,13142,8300]},{"name":null,"type":0,"depth":3,"symbol":2,"clipDepth":0,"id":1,"matrix":[-6.103515625e-05,0.0868988037109375,-45.2755279541016,-0.0326995849609375,37122,8141]},{"name":null,"type":0,"depth":5,"symbol":2,"clipDepth":0,"id":2,"matrix":[-6.103515625e-05,0.0868988037109375,-10.7406921386719,-0.00775146484375,10978,8953]},{"name":null,"type":0,"depth":7,"symbol":2,"clipDepth":0,"id":3,"matrix":[-0.0868988037109375,-0.0004730224609375,0.0192413330078125,-3.48062133789062,30684,7629]},{"name":null,"type":0,"depth":9,"symbol":2,"clipDepth":0,"id":4,"matrix":[-6.103515625e-05,0.0868988037109375,-12.3749389648438,-0.0089263916015625,3998,7649]},{"name":null,"type":0,"depth":11,"symbol":2,"clipDepth":0,"id":5,"matrix":[-0.0868988037109375,-0.0004730224609375,0.0368804931640625,-6.67568969726562,29894,9206]},{"name":null,"type":0,"depth":13,"symbol":2,"clipDepth":0,"id":6,"matrix":[-6.103515625e-05,0.0868988037109375,-12.425537109375,-0.0089569091796875,5391,11630]},{"name":null,"type":0,"depth":15,"symbol":2,"clipDepth":0,"id":7,"matrix":[-0.0868988037109375,-0.0004730224609375,0.026947021484375,-4.87530517578125,21808,12288]},{"name":null,"type":0,"depth":17,"symbol":2,"clipDepth":0,"id":8,"matrix":[-0.0868988037109375,-0.0004730224609375,0.018707275390625,-3.38360595703125,15162,12266]},{"name":null,"type":0,"depth":19,"symbol":2,"clipDepth":0,"id":9,"matrix":[-0.0868988037109375,-6.103515625e-05,0.0027313232421875,-3.79141235351562,35708,7407]},{"name":null,"type":0,"depth":21,"symbol":2,"clipDepth":0,"id":10,"matrix":[-0.0868988037109375,-0.0004730224609375,0.0625152587890625,-11.3098297119141,37208,11882]},{"name":null,"type":0,"depth":23,"symbol":2,"clipDepth":0,"id":11,"matrix":[-6.103515625e-05,0.0868988037109375,-16.2902221679688,-0.0117645263671875,36991,12005]},{"name":null,"type":0,"depth":25,"symbol":2,"clipDepth":0,"id":12,"matrix":[-0.0868988037109375,-0.0004730224609375,0.0192413330078125,-3.48062133789062,43677,7669]},{"name":null,"type":0,"depth":27,"symbol":2,"clipDepth":0,"id":13,"matrix":[-0.0868988037109375,-0.0004730224609375,0.0368804931640625,-6.67568969726562,44257,9329]},{"name":null,"type":0,"depth":29,"symbol":2,"clipDepth":0,"id":14,"matrix":[-0.0868988037109375,-6.103515625e-05,0.0027313232421875,-3.79141235351562,38637,7487]},{"name":null,"type":0,"depth":31,"symbol":2,"clipDepth":0,"id":15,"matrix":[-0.0868988037109375,-6.103515625e-05,0.0073089599609375,-10.1511840820312,33437,4226]},{"name":null,"type":0,"depth":33,"symbol":2,"clipDepth":0,"id":16,"matrix":[-0.0868988037109375,-6.103515625e-05,0.0073089599609375,-10.1511840820312,40877,4226]},{"name":null,"type":0,"depth":35,"symbol":2,"clipDepth":0,"id":17,"matrix":[-6.103515625e-05,0.0868988037109375,-45.2755279541016,-0.0326995849609375,36888,2860]},{"name":null,"type":0,"depth":37,"symbol":2,"clipDepth":0,"id":18,"matrix":[-0.0868988037109375,-0.0004730224609375,0.0368804931640625,-6.67568969726562,52493,12769]},{"name":null,"type":0,"depth":39,"symbol":2,"clipDepth":0,"id":19,"matrix":[-0.0868988037109375,-0.0004730224609375,0.0368804931640625,-6.67568969726562,59335,12984]},{"name":null,"type":0,"depth":41,"symbol":2,"clipDepth":0,"id":20,"matrix":[-0.0868988037109375,-0.0004730224609375,0.0174713134765625,-3.16305541992188,60564,8150]},{"name":null,"type":0,"depth":43,"symbol":2,"clipDepth":0,"id":21,"matrix":[-6.103515625e-05,0.0868988037109375,-10.2268676757812,-0.00738525390625,62589,8801]},{"name":null,"type":0,"depth":45,"symbol":2,"clipDepth":0,"id":22,"matrix":[-6.103515625e-05,0.0868988037109375,-10.2268676757812,-0.00738525390625,69897,7650]},{"name":null,"type":0,"depth":47,"symbol":2,"clipDepth":0,"id":23,"matrix":[-0.0868988037109375,-0.0004730224609375,0.0368804931640625,-6.67568969726562,67828,12648]}]}]},{"type":5,"className":"com.darkness.tdp4.maps.view.GameMap","baseClassName":null,"id":33,"frames":[{"objects":[{"name":null,"type":0,"depth":1,"symbol":32,"clipDepth":0,"id":0,"matrix":[1,0,0,1,-20000,-5000]},{"name":null,"type":0,"depth":3,"symbol":29,"clipDepth":0,"id":1,"matrix":[1,0,0,1,-20000,-5000]},{"name":null,"type":0,"depth":692,"symbol":11,"clipDepth":0,"id":2,"matrix":[1,0,0,1,-20000,-5000]},{"name":null,"type":0,"depth":694,"symbol":8,"clipDepth":0,"id":3,"matrix":[1,0,0,1,-20000,-5000]},{"name":null,"type":0,"depth":938,"symbol":7,"clipDepth":0,"id":4,"visible":false,"matrix":[1,0,0,1,-20000,-5000]},{"name":null,"type":0,"depth":940,"symbol":5,"clipDepth":0,"id":5,"matrix":[1,0,0,1,-20000,-5000]}]}]},{"type":5,"className":"com.darkness.tdp4.maps.view.MapBGS","baseClassName":null,"id":32,"frames":[{"objects":[{"name":null,"type":0,"depth":1,"symbol":31,"clipDepth":0,"id":0,"matrix":[1,0,0,1,0,0]}]}]},{"type":5,"className":"com.darkness.tdp4.maps.view.MapTop","baseClassName":null,"id":4,"frames":[{}]},{"type":5,"id":31,"frames":[{"objects":[{"type":0,"depth":0,"symbol":30,"clipDepth":0,"id":0,"visible":true,"matrix":[1,0,0,1,0,0]}]}]},{"type":5,"className":"com.darkness.tdp4.maps.view.MapBulletProofPolygonContainer","baseClassName":null,"id":3,"frames":[{"objects":[{"name":null,"type":0,"depth":1,"symbol":2,"clipDepth":0,"id":0,"matrix":[20.1814575195312,0,0,56.5423736572266,-1393,7818]},{"name":null,"type":0,"depth":3,"symbol":2,"clipDepth":0,"id":1,"matrix":[186.655548095703,-0.0009613037109375,0.0495758056640625,17.7151031494141,36428,15611]},{"name":null,"type":0,"depth":5,"symbol":2,"clipDepth":0,"id":2,"matrix":[20.7849731445312,0,0,56.5314178466797,75830,7790]},{"name":null,"type":0,"depth":7,"symbol":2,"clipDepth":0,"id":3,"matrix":[193.362060546875,0,0,17.0662536621094,41315,-48]},{"name":null,"type":0,"depth":9,"symbol":2,"clipDepth":0,"id":4,"matrix":[0.0130615234375,4.17755126953125,-6.17887878417969,0.0192413330078125,21818,12090]},{"name":null,"type":0,"depth":11,"symbol":2,"clipDepth":0,"id":5,"matrix":[4.0616455078125,-0.0470428466796875,0.02191162109375,1.89378356933594,20180,12153]},{"name":null,"type":0,"depth":13,"symbol":2,"clipDepth":0,"id":6,"matrix":[0.0130615234375,4.17755126953125,-14.3378601074219,0.0446929931640625,37167,12225]},{"name":null,"type":0,"depth":15,"symbol":2,"clipDepth":0,"id":7,"matrix":[2.3414306640625,-3.45970153808594,4.70512390136719,3.18438720703125,40464,12674]},{"name":null,"type":0,"depth":17,"symbol":2,"clipDepth":0,"id":8,"matrix":[2.2882080078125,3.4951171875,-4.706298828125,3.0810546875,33825,12688]},{"name":null,"type":0,"depth":19,"symbol":2,"clipDepth":0,"id":9,"matrix":[4.73031616210938,-0.0147247314453125,0.0260009765625,8.4033203125,37152,11050]},{"name":null,"type":0,"depth":21,"symbol":2,"clipDepth":0,"id":10,"matrix":[0.0130615234375,4.17755126953125,-11.7026062011719,0.036468505859375,4976,11944]},{"name":null,"type":0,"depth":23,"symbol":2,"clipDepth":0,"id":11,"matrix":[1.21295166015625,-3.99754333496094,13.8569946289062,4.20458984375,9801,12738]},{"name":null,"type":0,"depth":25,"symbol":2,"clipDepth":0,"id":12,"matrix":[-1.21295166015625,-3.99754333496094,-8.77374267578125,2.66217041015625,65450,12431]},{"name":null,"type":0,"depth":27,"symbol":2,"clipDepth":0,"id":13,"matrix":[0.0051727294921875,-2.26358032226562,10.6796264648438,0.0244598388671875,4571,7637]},{"name":null,"type":0,"depth":29,"symbol":2,"clipDepth":0,"id":14,"matrix":[0.0042572021484375,-2.26115417480469,15.8186645507812,0.04400634765625,70653,7640]},{"name":null,"type":0,"depth":31,"symbol":2,"clipDepth":0,"id":15,"matrix":[0.0350341796875,3.48204040527344,-4.37625122070312,0.04400634765625,13347,8138]},{"name":null,"type":0,"depth":33,"symbol":2,"clipDepth":0,"id":16,"matrix":[-0.347488403320312,-1.376953125,2.05987548828125,-0.519805908203125,9896,8684]},{"name":null,"type":0,"depth":35,"symbol":2,"clipDepth":0,"id":17,"matrix":[-1.52587890625e-05,0.912109375,-5.6527099609375,-7.62939453125e-05,11353,8488]},{"name":null,"type":0,"depth":37,"symbol":2,"clipDepth":0,"id":18,"matrix":[-0.350967407226562,-1.07208251953125,2.37619018554688,-0.777877807617188,13678,8772]},{"name":null,"type":0,"depth":39,"symbol":2,"clipDepth":0,"id":19,"matrix":[0.003692626953125,-1.61367797851562,9.72088623046875,0.0222625732421875,11346,8815]},{"name":null,"type":0,"depth":41,"symbol":2,"clipDepth":0,"id":20,"matrix":[0.769119262695312,1.25506591796875,-3.605712890625,2.08685302734375,8853,9156]},{"name":null,"type":0,"depth":43,"symbol":2,"clipDepth":0,"id":21,"matrix":[0.0001678466796875,-0.07489013671875,2.8255615234375,0.0064697265625,7720,9770]},{"name":null,"type":0,"depth":45,"symbol":2,"clipDepth":0,"id":22,"matrix":[-0.017578125,-5.2821044921875,19.8560028076172,-0.065673828125,37129,3574]},{"name":null,"type":0,"depth":47,"symbol":2,"clipDepth":0,"id":23,"matrix":[1.8861083984375,-3.72750854492188,6.36846923828125,3.22256469726562,32273,3254]},{"name":null,"type":0,"depth":49,"symbol":2,"clipDepth":0,"id":24,"matrix":[-1.77197265625,-3.78302001953125,7.07733154296875,-3.31486511230469,42140,3198]},{"name":null,"type":0,"depth":51,"symbol":2,"clipDepth":0,"id":25,"matrix":[0.154541015625,-4.12211608886719,0.53204345703125,0.0199432373046875,35285,7502]},{"name":null,"type":0,"depth":53,"symbol":2,"clipDepth":0,"id":26,"matrix":[0.032745361328125,0.05853271484375,-2.7872314453125,1.55902099609375,7708,9472]},{"name":null,"type":0,"depth":55,"symbol":2,"clipDepth":0,"id":27,"matrix":[0.416412353515625,0.74237060546875,-0.735794067382812,0.412750244140625,7945,9542]},{"name":null,"type":0,"depth":57,"symbol":2,"clipDepth":0,"id":28,"matrix":[0.352508544921875,0.628433227539062,-0.296157836914062,0.1661376953125,7747,9617]},{"name":null,"type":0,"depth":59,"symbol":2,"clipDepth":0,"id":29,"matrix":[0.240158081054688,0.428146362304688,-0.368820190429688,0.206893920898438,7605,9640]},{"name":null,"type":0,"depth":61,"symbol":2,"clipDepth":0,"id":30,"matrix":[0.1025390625,0.182815551757812,-0.581268310546875,0.326065063476562,7453,9670]},{"name":null,"type":0,"depth":63,"symbol":2,"clipDepth":0,"id":31,"matrix":[-0.000701904296875,-0.127670288085938,2.49736022949219,-0.013824462890625,7786,9730]},{"name":null,"type":0,"depth":65,"symbol":2,"clipDepth":0,"id":32,"matrix":[-0.0605316162109375,0.579803466796875,-0.911941528320312,-0.095184326171875,8091,9593]},{"name":null,"type":0,"depth":67,"symbol":2,"clipDepth":0,"id":33,"matrix":[-0.00830078125,2.67303466796875,-2.14288330078125,-0.0065460205078125,30637,7439]},{"name":null,"type":0,"depth":69,"symbol":2,"clipDepth":0,"id":34,"matrix":[-0.6181640625,1.51473999023438,9.71990966796875,3.69212341308594,47512,8684]},{"name":null,"type":0,"depth":71,"symbol":2,"clipDepth":0,"id":35,"matrix":[-0.089111328125,0.173324584960938,2.8369140625,1.46127319335938,50109,9446]},{"name":null,"type":0,"depth":73,"symbol":2,"clipDepth":0,"id":36,"matrix":[-0.399871826171875,0.9180908203125,0.772674560546875,0.337173461914062,49683,9490]},{"name":null,"type":0,"depth":75,"symbol":2,"clipDepth":0,"id":37,"matrix":[2.51158142089844,0.0667266845703125,0.00897216796875,-0.339462280273438,49921,9665]},{"name":null,"type":0,"depth":77,"symbol":2,"clipDepth":0,"id":38,"matrix":[-0.116195678710938,0.210311889648438,1.13279724121094,0.438064575195312,50304,9601]},{"name":null,"type":0,"depth":79,"symbol":2,"clipDepth":0,"id":39,"matrix":[0.0005645751953125,-0.106674194335938,-3.27471923828125,-0.0181427001953125,50024,9730]},{"name":null,"type":0,"depth":81,"symbol":2,"clipDepth":0,"id":40,"matrix":[-0.140777587890625,0.565673828125,0.94415283203125,0.235382080078125,50010,9568]},{"name":null,"type":0,"depth":83,"symbol":2,"clipDepth":0,"id":41,"matrix":[0.006500244140625,4.17747497558594,15.6096343994141,-0.024322509765625,70071,11930]},{"name":null,"type":0,"depth":85,"symbol":2,"clipDepth":0,"id":42,"matrix":[0.0079498291015625,-3.48220825195312,2.40814208984375,0.0055084228515625,14979,12162]},{"name":null,"type":0,"depth":87,"symbol":2,"clipDepth":0,"id":43,"matrix":[0.0079498291015625,-3.48220825195312,2.40814208984375,0.0055084228515625,15844,12373]},{"name":null,"type":0,"depth":89,"symbol":2,"clipDepth":0,"id":44,"matrix":[-0.0079498291015625,-3.48220825195312,-2.40814208984375,0.0055084228515625,59312,12162]},{"name":null,"type":0,"depth":91,"symbol":2,"clipDepth":0,"id":45,"matrix":[-0.0079498291015625,-3.48220825195312,-2.40814208984375,0.0055084228515625,58444,12373]},{"name":null,"type":0,"depth":93,"symbol":2,"clipDepth":0,"id":46,"matrix":[-0.0130462646484375,4.17755126953125,6.03286743164062,0.018798828125,52556,12090]},{"name":null,"type":0,"depth":95,"symbol":2,"clipDepth":0,"id":47,"matrix":[-4.06158447265625,-0.0470428466796875,-0.0219268798828125,1.89378356933594,54195,12153]},{"name":null,"type":0,"depth":97,"symbol":2,"clipDepth":0,"id":48,"matrix":[-0.53497314453125,-0.319122314453125,0.18408203125,-0.30859375,38961,6731]},{"name":null,"type":0,"depth":99,"symbol":2,"clipDepth":0,"id":49,"matrix":[-0.15496826171875,-0.3408203125,0.57574462890625,-0.205322265625,35336,6688]},{"name":null,"type":0,"depth":101,"symbol":2,"clipDepth":0,"id":50,"matrix":[0.844482421875,-0.0034027099609375,0.0166473388671875,6.78080749511719,29904,9363]},{"name":null,"type":0,"depth":103,"symbol":2,"clipDepth":0,"id":51,"matrix":[0.666244506835938,1.494140625,-9.8465576171875,4.105224609375,26784,8720]},{"name":null,"type":0,"depth":105,"symbol":2,"clipDepth":0,"id":52,"matrix":[0.091094970703125,0.1722412109375,-2.81964111328125,1.49423217773438,24170,9555]},{"name":null,"type":0,"depth":107,"symbol":2,"clipDepth":0,"id":53,"matrix":[0.395660400390625,0.919891357421875,-0.774169921875,0.3336181640625,24640,9585]},{"name":null,"type":0,"depth":109,"symbol":2,"clipDepth":0,"id":54,"matrix":[-2.5118408203125,0.05523681640625,-0.0074005126953125,-0.3394775390625,24422,9781]},{"name":null,"type":0,"depth":111,"symbol":2,"clipDepth":0,"id":55,"matrix":[0.115219116210938,0.2108154296875,-1.134765625,0.432861328125,24020,9693]},{"name":null,"type":0,"depth":113,"symbol":2,"clipDepth":0,"id":56,"matrix":[-7.62939453125e-05,-0.106658935546875,3.27474975585938,-0.0031890869140625,24319,9846]},{"name":null,"type":0,"depth":115,"symbol":2,"clipDepth":0,"id":57,"matrix":[0.138168334960938,0.5662841796875,-0.9451904296875,0.231048583984375,24313,9661]},{"name":null,"type":0,"depth":117,"symbol":2,"clipDepth":0,"id":58,"matrix":[-0.0878143310546875,-3.9610595703125,0.532272338867188,-0.0117950439453125,39008,7530]},{"name":null,"type":0,"depth":119,"symbol":2,"clipDepth":0,"id":59,"matrix":[-0.769134521484375,1.25506591796875,0.502960205078125,0.29107666015625,59677,11729]},{"name":null,"type":0,"depth":121,"symbol":2,"clipDepth":0,"id":60,"matrix":[-0.769134521484375,1.25506591796875,0.360595703125,0.20867919921875,22909,11492]},{"name":null,"type":0,"depth":123,"symbol":2,"clipDepth":0,"id":61,"matrix":[-0.769134521484375,1.25506591796875,0.360595703125,0.20867919921875,16226,11944]},{"name":null,"type":0,"depth":125,"symbol":2,"clipDepth":0,"id":62,"matrix":[-0.769134521484375,1.25506591796875,0.360595703125,0.20867919921875,15361,11731]},{"name":null,"type":0,"depth":127,"symbol":2,"clipDepth":0,"id":63,"matrix":[-0.769134521484375,1.25506591796875,0.360595703125,0.20867919921875,14115,7713]},{"name":null,"type":0,"depth":129,"symbol":2,"clipDepth":0,"id":64,"matrix":[-0.769134521484375,1.25506591796875,0.360595703125,0.20867919921875,6615,7472]},{"name":null,"type":0,"depth":131,"symbol":2,"clipDepth":0,"id":65,"matrix":[-0.769134521484375,1.25506591796875,0.218170166015625,0.126251220703125,30913,7144]},{"name":null,"type":0,"depth":133,"symbol":2,"clipDepth":0,"id":66,"matrix":[-0.769134521484375,1.25506591796875,0.360595703125,0.20867919921875,54919,12058]},{"name":null,"type":0,"depth":135,"symbol":2,"clipDepth":0,"id":67,"matrix":[-0.769134521484375,1.25506591796875,0.360595703125,0.20867919921875,53677,11543]},{"name":null,"type":0,"depth":137,"symbol":2,"clipDepth":0,"id":68,"matrix":[-0.769134521484375,1.25506591796875,0.267745971679688,0.154937744140625,37955,9622]},{"name":null,"type":0,"depth":139,"symbol":2,"clipDepth":0,"id":69,"matrix":[0.637847900390625,1.50657653808594,-0.232208251953125,0.0916595458984375,30332,7197]},{"name":null,"type":0,"depth":141,"symbol":2,"clipDepth":0,"id":70,"matrix":[0.637847900390625,1.50657653808594,-0.37359619140625,0.147491455078125,12524,7775]},{"name":null,"type":0,"depth":143,"symbol":2,"clipDepth":0,"id":71,"matrix":[0.637847900390625,1.50657653808594,-0.37359619140625,0.147491455078125,14565,11784]},{"name":null,"type":0,"depth":145,"symbol":2,"clipDepth":0,"id":72,"matrix":[0.637847900390625,1.50657653808594,-0.33123779296875,0.130767822265625,36317,9671]},{"name":null,"type":0,"depth":147,"symbol":2,"clipDepth":0,"id":73,"matrix":[0.637847900390625,1.50657653808594,-0.37359619140625,0.147491455078125,51428,11567]},{"name":null,"type":0,"depth":149,"symbol":2,"clipDepth":0,"id":74,"matrix":[0.637847900390625,1.50657653808594,-0.37359619140625,0.147491455078125,58026,11999]},{"name":null,"type":0,"depth":151,"symbol":2,"clipDepth":0,"id":75,"matrix":[0.637847900390625,1.50657653808594,-0.37359619140625,0.147491455078125,58887,11788]},{"name":null,"type":0,"depth":153,"symbol":2,"clipDepth":0,"id":76,"matrix":[0.637847900390625,1.50657653808594,-0.37359619140625,0.147491455078125,67555,7501]},{"name":null,"type":0,"depth":155,"symbol":2,"clipDepth":0,"id":77,"matrix":[0.637847900390625,1.50657653808594,-0.37359619140625,0.147491455078125,20648,11580]},{"name":null,"type":0,"depth":157,"symbol":2,"clipDepth":0,"id":78,"matrix":[0.637847900390625,1.50657653808594,-0.37359619140625,0.147491455078125,19430,12103]},{"name":null,"type":0,"depth":159,"symbol":2,"clipDepth":0,"id":79,"matrix":[-0.78753662109375,1.28509521484375,0.360595703125,0.20867919921875,49477,9370]},{"name":null,"type":0,"depth":161,"symbol":2,"clipDepth":0,"id":80,"matrix":[0.648971557617188,1.53285217285156,-0.37359619140625,0.147491455078125,24792,9521]},{"name":null,"type":0,"depth":163,"symbol":2,"clipDepth":0,"id":81,"matrix":[-0.0074310302734375,4.2935791015625,-8.81964111328125,-0.015380859375,37137,7462]},{"name":null,"type":0,"depth":165,"symbol":2,"clipDepth":0,"id":82,"matrix":[-0.295333862304688,-4.88121032714844,0.531417846679688,-0.032135009765625,38090,10380]},{"name":null,"type":0,"depth":167,"symbol":2,"clipDepth":0,"id":83,"matrix":[0.299606323242188,-4.9517822265625,-0.531417846679688,-0.032135009765625,36198,10407]},{"name":null,"type":0,"depth":169,"symbol":2,"clipDepth":0,"id":84,"matrix":[-0.0029144287109375,1.68603515625,-16.6348114013672,-0.028961181640625,31897,7987]},{"name":null,"type":0,"depth":171,"symbol":2,"clipDepth":0,"id":85,"matrix":[-0.0026092529296875,1.50927734375,-16.5983276367188,-0.0289154052734375,42375,7953]},{"name":null,"type":0,"depth":173,"symbol":2,"clipDepth":0,"id":86,"matrix":[-0.147567749023438,-4.88787841796875,0.532135009765625,-0.0160369873046875,23043,12263]},{"name":null,"type":0,"depth":175,"symbol":2,"clipDepth":0,"id":87,"matrix":[0.152206420898438,-4.95849609375,-0.532135009765625,-0.0163116455078125,51328,12316]},{"name":null,"type":0,"depth":177,"symbol":2,"clipDepth":0,"id":88,"matrix":[0.844482421875,-0.0034027099609375,0.0166015625,6.76518249511719,44282,9304]},{"name":null,"type":0,"depth":179,"symbol":2,"clipDepth":0,"id":89,"matrix":[0.844482421875,-0.0034027099609375,0.016326904296875,6.64852905273438,40878,5207]},{"name":null,"type":0,"depth":181,"symbol":2,"clipDepth":0,"id":90,"matrix":[0.762619018554688,-0.0030670166015625,0.016326904296875,6.64852905273438,33376,5204]},{"name":null,"type":0,"depth":183,"symbol":2,"clipDepth":0,"id":91,"matrix":[-0.00830078125,2.67303466796875,-2.14288330078125,-0.0065460205078125,43668,7474]},{"name":null,"type":0,"depth":185,"symbol":2,"clipDepth":0,"id":92,"matrix":[-0.769134521484375,1.25506591796875,0.218170166015625,0.126251220703125,43944,7179]},{"name":null,"type":0,"depth":187,"symbol":2,"clipDepth":0,"id":93,"matrix":[0.637847900390625,1.50657653808594,-0.232208251953125,0.0916595458984375,43363,7232]},{"name":null,"type":0,"depth":189,"symbol":2,"clipDepth":0,"id":94,"matrix":[0.137542724609375,-2.27340698242188,-0.531417846679688,-0.032135009765625,30244,7380]},{"name":null,"type":0,"depth":191,"symbol":2,"clipDepth":0,"id":95,"matrix":[0.186309814453125,-3.07943725585938,-0.531417846679688,-0.032135009765625,43275,7576]},{"name":null,"type":0,"depth":193,"symbol":2,"clipDepth":0,"id":96,"matrix":[-0.25799560546875,-2.98130798339844,0.5303955078125,-0.0458831787109375,44066,7558]},{"name":null,"type":0,"depth":195,"symbol":2,"clipDepth":0,"id":97,"matrix":[-0.215087890625,-2.95066833496094,0.530975341796875,-0.0386810302734375,31037,7517]},{"name":null,"type":0,"depth":197,"symbol":2,"clipDepth":0,"id":98,"matrix":[-0.0350341796875,3.48204040527344,4.37623596191406,0.04400634765625,60972,8123]},{"name":null,"type":0,"depth":199,"symbol":2,"clipDepth":0,"id":99,"matrix":[0.34747314453125,-1.376953125,-2.05987548828125,-0.519805908203125,64423,8669]},{"name":null,"type":0,"depth":201,"symbol":2,"clipDepth":0,"id":100,"matrix":[1.52587890625e-05,0.912109375,5.6527099609375,-7.62939453125e-05,62966,8473]},{"name":null,"type":0,"depth":203,"symbol":2,"clipDepth":0,"id":101,"matrix":[0.3509521484375,-1.07208251953125,-2.37619018554688,-0.777877807617188,60641,8757]},{"name":null,"type":0,"depth":205,"symbol":2,"clipDepth":0,"id":102,"matrix":[-0.003692626953125,-1.61367797851562,-9.72088623046875,0.0222625732421875,62973,8800]},{"name":null,"type":0,"depth":207,"symbol":2,"clipDepth":0,"id":103,"matrix":[-0.76910400390625,1.25506591796875,3.605712890625,2.08685302734375,65466,9141]},{"name":null,"type":0,"depth":209,"symbol":2,"clipDepth":0,"id":104,"matrix":[-0.0001678466796875,-0.07489013671875,-2.8255615234375,0.0064697265625,66599,9755]},{"name":null,"type":0,"depth":211,"symbol":2,"clipDepth":0,"id":105,"matrix":[-0.032745361328125,0.05853271484375,2.7872314453125,1.55902099609375,66611,9457]},{"name":null,"type":0,"depth":213,"symbol":2,"clipDepth":0,"id":106,"matrix":[-0.416412353515625,0.74237060546875,0.735794067382812,0.412750244140625,66374,9527]},{"name":null,"type":0,"depth":215,"symbol":2,"clipDepth":0,"id":107,"matrix":[-0.352508544921875,0.628433227539062,0.296142578125,0.1661376953125,66572,9602]},{"name":null,"type":0,"depth":217,"symbol":2,"clipDepth":0,"id":108,"matrix":[-0.240158081054688,0.428146362304688,0.368820190429688,0.206893920898438,66714,9625]},{"name":null,"type":0,"depth":219,"symbol":2,"clipDepth":0,"id":109,"matrix":[-0.1025390625,0.182815551757812,0.581268310546875,0.326065063476562,66866,9655]},{"name":null,"type":0,"depth":221,"symbol":2,"clipDepth":0,"id":110,"matrix":[0.000701904296875,-0.127670288085938,-2.49736022949219,-0.013824462890625,66533,9715]},{"name":null,"type":0,"depth":223,"symbol":2,"clipDepth":0,"id":111,"matrix":[0.0605316162109375,0.579803466796875,0.91192626953125,-0.095184326171875,66228,9578]},{"name":null,"type":0,"depth":225,"symbol":2,"clipDepth":0,"id":112,"matrix":[0.769134521484375,1.25506591796875,-0.360595703125,0.20867919921875,60204,7698]},{"name":null,"type":0,"depth":227,"symbol":2,"clipDepth":0,"id":113,"matrix":[-0.637847900390625,1.50657653808594,0.37359619140625,0.147491455078125,61795,7760]}]}]},{"path":"symbols/30.jpg","type":0,"id":30},{"type":5,"id":2,"frames":[{"objects":[{"name":null,"type":0,"depth":1,"symbol":1,"clipDepth":0,"id":0,"matrix":[1,0,0,1,0,0]}]}]},{"type":5,"className":"com.darkness.tdp4.maps.view.Map","baseClassName":null,"id":29,"frames":[{"objects":[{"name":null,"type":0,"depth":1,"symbol":13,"clipDepth":0,"id":0,"matrix":[1,0,0,1,0,0]},{"name":"turretRespawn","type":0,"depth":2,"symbol":15,"clipDepth":0,"id":1,"matrix":[1,0,0,1,0,0]},{"name":"botRespawn","type":0,"depth":22,"symbol":16,"clipDepth":0,"id":2,"matrix":[1,0,0,1,0,0]},{"name":"respawnCon","type":0,"depth":62,"symbol":17,"clipDepth":0,"id":3,"matrix":[1,0,0,1,0,0]},{"name":"singlePlayerRespawnCon","type":0,"depth":102,"symbol":18,"clipDepth":0,"id":4,"matrix":[1,0,0,1,0,0]},{"name":"dominationRespawn","type":0,"depth":142,"symbol":19,"clipDepth":0,"id":5,"matrix":[1,0,0,1,0,0]},{"name":"waypoint_0","type":0,"depth":154,"symbol":21,"clipDepth":0,"id":6,"matrix":[0.58050537109375,0,0,2.5625,49416,4596]},{"name":"waypoint_1","type":0,"depth":156,"symbol":21,"clipDepth":0,"id":7,"matrix":[0.58050537109375,0,0,2.5625,55776,4596]},{"name":"waypoint_2","type":0,"depth":158,"symbol":21,"clipDepth":0,"id":8,"matrix":[0.58050537109375,0,0,2.5625,10642,4589]},{"name":"waypoint_3","type":0,"depth":160,"symbol":21,"clipDepth":0,"id":9,"matrix":[0.58050537109375,0,0,2.5625,13121,9776]},{"name":"waypoint_4","type":0,"depth":162,"symbol":21,"clipDepth":0,"id":10,"matrix":[0.58050537109375,0,0,2.5625,24061,8416]},{"name":"waypoint_5","type":0,"depth":164,"symbol":21,"clipDepth":0,"id":11,"matrix":[0.58050537109375,0,0,2.5625,31061,10056]},{"name":"waypoint_6","type":0,"depth":166,"symbol":21,"clipDepth":0,"id":12,"matrix":[0.58050537109375,0,0,2.5625,40701,6236]},{"name":"controllPointsCon","type":0,"depth":168,"symbol":22,"clipDepth":0,"id":13,"matrix":[1,0,0,1,0,0]},{"name":"itemCon","type":0,"depth":668,"symbol":23,"clipDepth":0,"id":14,"matrix":[1,0,0,1,0,0]},{"name":"flagBaseCon","type":0,"depth":688,"symbol":28,"clipDepth":0,"id":15,"matrix":[1,0,0,1,0,0]}]}]},{"type":4,"id":1,"commands":[3,5,1,10092288,0.498039215686275,8,200,200,7,-200,200,7,-200,-200,7,200,-200,7,200,200,5]},{"type":5,"id":28,"frames":[{"objects":[{"name":"base_2","type":0,"depth":1,"symbol":25,"clipDepth":0,"id":0,"filters":[[0,40,40,1]],"matrix":[1,0,0,1,69700,9840]},{"name":"base_1","type":0,"depth":3,"symbol":27,"clipDepth":0,"id":1,"filters":[[0,40,40,1]],"matrix":[1,0,0,1,4700,9840]}]}]}],"frameRate":12}