{"root":0,"uuid":"ORUdnioNSwHsdYaYsUt9","version":0.1,"symbols":[{"type":5,"frames":[{}]},{"type":5,"id":27,"frames":[{"objects":[{"type":0,"depth":0,"symbol":26,"clipDepth":0,"id":0,"visible":true,"matrix":[1,0,0,1,0,0]}]}]},{"type":5,"className":"com.darkness.tdp4.maps.view.GameMap","baseClassName":null,"id":55,"frames":[{"objects":[{"name":null,"type":0,"depth":1,"symbol":54,"clipDepth":0,"id":0,"matrix":[1,0,0,1,-5500,-4000]},{"name":null,"type":0,"depth":210,"symbol":36,"clipDepth":0,"id":1,"matrix":[1,0,0,1,-5500,-4000]},{"name":null,"type":0,"depth":215,"symbol":11,"clipDepth":0,"id":2,"matrix":[1,0,0,1,-5500,-4000]},{"name":null,"type":0,"depth":495,"symbol":10,"clipDepth":0,"id":3,"visible":false,"matrix":[1,0,0,1,-5500,-4000]},{"name":null,"type":0,"depth":497,"symbol":8,"clipDepth":0,"id":4,"visible":false,"matrix":[1,0,0,1,-5500,-4000]}]}]},{"type":5,"className":"com.darkness.tdp4.maps.view.Map","baseClassName":null,"id":54,"frames":[{"objects":[{"name":null,"type":0,"depth":1,"symbol":38,"clipDepth":0,"id":0,"matrix":[1,0,0,1,0,0]},{"name":"respawnCon","type":0,"depth":2,"symbol":40,"clipDepth":0,"id":1,"matrix":[1,0,0,1,0,0]},{"name":"singlePlayerRespawnCon","type":0,"depth":42,"symbol":41,"clipDepth":0,"id":2,"matrix":[1,0,0,1,0,0]},{"name":"dominationRespawn","type":0,"depth":82,"symbol":42,"clipDepth":0,"id":3,"matrix":[1,0,0,1,0,0]},{"name":"turretRespawn","type":0,"depth":94,"symbol":43,"clipDepth":0,"id":4,"matrix":[1,0,0,1,0,0]},{"name":"controllPointsCon","type":0,"depth":114,"symbol":44,"clipDepth":0,"id":5,"matrix":[1,0,0,1,0,0]},{"name":"botRespawn","type":0,"depth":134,"symbol":45,"clipDepth":0,"id":6,"matrix":[1,0,0,1,0,0]},{"name":"itemCon","type":0,"depth":174,"symbol":46,"clipDepth":0,"id":7,"matrix":[1,0,0,1,0,0]},{"name":"waypoint_0","type":0,"depth":194,"symbol":48,"clipDepth":0,"id":8,"matrix":[0.58050537109375,0,0,2.5625,23740,10140]},{"name":"waypoint_1","type":0,"depth":196,"symbol":48,"clipDepth":0,"id":9,"matrix":[0.58050537109375,0,0,2.5625,5180,3420]},{"name":"waypoint_2","type":0,"depth":198,"symbol":48,"clipDepth":0,"id":10,"matrix":[0.58050537109375,0,0,2.5625,3795,21033]},{"name":"waypoint_3","type":0,"depth":200,"symbol":48,"clipDepth":0,"id":11,"matrix":[0.58050537109375,0,0,2.5625,6254,15680]},{"name":"waypoint_4","type":0,"depth":202,"symbol":48,"clipDepth":0,"id":12,"matrix":[0.58050537109375,0,0,2.5625,17194,14320]},{"name":"waypoint_5","type":0,"depth":204,"symbol":48,"clipDepth":0,"id":13,"matrix":[0.58050537109375,0,0,2.5625,24194,15960]},{"name":"waypoint_6","type":0,"depth":206,"symbol":48,"clipDepth":0,"id":14,"matrix":[0.58050537109375,0,0,2.5625,8934,15960]},{"name":"flagBaseCon","type":0,"depth":208,"symbol":53,"clipDepth":0,"id":15,"matrix":[1,0,0,1,0,0]}]}]},{"path":"symbols/26.jpg","type":0,"id":26,"alpha":"symbols/26a.png"},{"type":5,"id":53,"frames":[{"objects":[{"name":"base_2","type":0,"depth":1,"symbol":50,"clipDepth":0,"id":0,"filters":[[0,40,40,1]],"matrix":[1,0,0,1,15300,20600]},{"name":"base_1","type":0,"depth":3,"symbol":52,"clipDepth":0,"id":1,"filters":[[0,40,40,1]],"matrix":[1,0,0,1,5280,4900]}]}]},{"type":5,"id":25,"frames":[{"objects":[{"type":0,"depth":0,"symbol":24,"clipDepth":0,"id":0,"visible":true,"matrix":[1,0,0,1,0,0]}]}]},{"type":5,"id":52,"frames":[{"objects":[{"name":null,"type":0,"depth":1,"symbol":51,"clipDepth":0,"id":0,"matrix":[1,0,0,1,0,0]}]}]},{"path":"symbols/24.jpg","type":0,"id":24,"alpha":"symbols/24a.png"},{"type":4,"id":51,"commands":[3,5,1,16711680,0.250980392156863,8,692,-493,4,980,-206,980,200,4,980,606,692,892,4,405,1180,0,1180,4,-406,1180,-694,892,4,-980,606,-980,200,4,-980,-206,-694,-493,4,-406,-780,0,-780,4,405,-780,692,-493,5]},{"type":5,"id":23,"frames":[{"objects":[{"type":0,"depth":0,"symbol":22,"clipDepth":0,"id":0,"visible":true,"matrix":[1,0,0,1,0,0]}]}]},{"type":5,"id":50,"frames":[{"objects":[{"name":null,"type":0,"depth":1,"symbol":49,"clipDepth":0,"id":0,"matrix":[1,0,0,1,0,0]}]}]},{"path":"symbols/22.jpg","type":0,"id":22,"alpha":"symbols/22a.png"},{"type":4,"id":49,"commands":[3,5,1,255,0.250980392156863,8,692,-493,4,980,-206,980,200,4,980,606,692,892,4,405,1180,0,1180,4,-406,1180,-694,892,4,-980,606,-980,200,4,-980,-206,-694,-493,4,-406,-780,0,-780,4,405,-780,692,-493,5]},{"type":5,"id":21,"frames":[{"objects":[{"type":0,"depth":0,"symbol":20,"clipDepth":0,"id":0,"visible":true,"matrix":[1,0,0,1,0,0]}]}]},{"type":5,"id":48,"frames":[{"objects":[{"name":null,"type":0,"depth":1,"symbol":47,"clipDepth":0,"id":0,"matrix":[1,0,0,1,0,0]}]}]},{"path":"symbols/20.jpg","type":0,"id":20,"alpha":"symbols/20a.png"},{"type":4,"id":47,"commands":[3,5,1,13311,0,8,1860,640,7,0,640,7,0,0,7,1860,0,7,1860,640,5]},{"type":5,"id":19,"frames":[{"objects":[{"type":0,"depth":0,"symbol":18,"clipDepth":0,"id":0,"visible":true,"matrix":[1,0,0,1,0,0]}]}]},{"type":5,"id":46,"frames":[{"objects":[{"name":null,"type":0,"depth":1,"symbol":39,"clipDepth":0,"id":0,"matrix":[1,0,0,1,25030,8350]},{"name":null,"type":0,"depth":3,"symbol":39,"clipDepth":0,"id":1,"matrix":[1,0,0,1,1130,20470]},{"name":null,"type":0,"depth":5,"symbol":39,"clipDepth":0,"id":2,"matrix":[1,0,0,1,24210,23810]},{"name":null,"type":0,"depth":7,"symbol":39,"clipDepth":0,"id":3,"matrix":[1,0,0,1,19330,20410]},{"name":null,"type":0,"depth":9,"symbol":39,"clipDepth":0,"id":4,"matrix":[1,0,0,1,13370,8610]},{"name":null,"type":0,"depth":11,"symbol":39,"clipDepth":0,"id":5,"matrix":[1,0,0,1,13030,5870]},{"name":null,"type":0,"depth":13,"symbol":39,"clipDepth":0,"id":6,"matrix":[1,0,0,1,14510,24250]},{"name":null,"type":0,"depth":15,"symbol":39,"clipDepth":0,"id":7,"matrix":[1,0,0,1,14310,15950]},{"name":null,"type":0,"depth":17,"symbol":39,"clipDepth":0,"id":8,"matrix":[1,0,0,1,5330,8510]},{"name":null,"type":0,"depth":19,"symbol":39,"clipDepth":0,"id":9,"matrix":[1,0,0,1,1150,4050]}]}]},{"path":"symbols/18.jpg","type":0,"id":18,"alpha":"symbols/18a.png"},{"type":5,"id":45,"frames":[{"objects":[{"name":null,"type":0,"depth":1,"symbol":39,"clipDepth":0,"id":0,"matrix":[1,0,0,1,26840,20720]},{"name":null,"type":0,"depth":3,"symbol":39,"clipDepth":0,"id":1,"matrix":[1,0,0,1,13700,24600]},{"name":null,"type":0,"depth":5,"symbol":39,"clipDepth":0,"id":2,"matrix":[1,0,0,1,19120,20360]},{"name":null,"type":0,"depth":7,"symbol":39,"clipDepth":0,"id":3,"matrix":[1,0,0,1,11600,20360]},{"name":null,"type":0,"depth":9,"symbol":39,"clipDepth":0,"id":4,"matrix":[1,0,0,1,1720,20720]},{"name":null,"type":0,"depth":11,"symbol":39,"clipDepth":0,"id":5,"matrix":[1,0,0,1,26840,16820]},{"name":null,"type":0,"depth":13,"symbol":39,"clipDepth":0,"id":6,"matrix":[1,0,0,1,3300,12500]},{"name":null,"type":0,"depth":15,"symbol":39,"clipDepth":0,"id":7,"matrix":[1,0,0,1,9180,16320]},{"name":null,"type":0,"depth":17,"symbol":39,"clipDepth":0,"id":8,"matrix":[1,0,0,1,18120,24600]},{"name":null,"type":0,"depth":19,"symbol":39,"clipDepth":0,"id":9,"matrix":[1,0,0,1,17480,12940]},{"name":null,"type":0,"depth":21,"symbol":39,"clipDepth":0,"id":10,"matrix":[1,0,0,1,25040,20720]},{"name":null,"type":0,"depth":23,"symbol":39,"clipDepth":0,"id":11,"matrix":[1,0,0,1,16100,24600]},{"name":null,"type":0,"depth":25,"symbol":39,"clipDepth":0,"id":12,"matrix":[1,0,0,1,13700,20720]},{"name":null,"type":0,"depth":27,"symbol":39,"clipDepth":0,"id":13,"matrix":[1,0,0,1,14820,16320]},{"name":null,"type":0,"depth":29,"symbol":39,"clipDepth":0,"id":14,"matrix":[1,0,0,1,21560,16320]},{"name":null,"type":0,"depth":31,"symbol":39,"clipDepth":0,"id":15,"matrix":[1,0,0,1,25040,11480]},{"name":null,"type":0,"depth":33,"symbol":39,"clipDepth":0,"id":16,"matrix":[1,0,0,1,3520,20720]},{"name":null,"type":0,"depth":35,"symbol":39,"clipDepth":0,"id":17,"matrix":[1,0,0,1,10200,24600]},{"name":null,"type":0,"depth":37,"symbol":39,"clipDepth":0,"id":18,"matrix":[1,0,0,1,5080,20360]},{"name":null,"type":0,"depth":39,"symbol":39,"clipDepth":0,"id":19,"matrix":[1,0,0,1,12060,24600]}]}]},{"type":5,"id":17,"frames":[{"objects":[{"type":0,"depth":0,"symbol":16,"clipDepth":0,"id":0,"visible":true,"matrix":[1,0,0,1,0,0]}]}]},{"type":5,"id":44,"frames":[{"objects":[{"name":null,"type":0,"depth":1,"symbol":39,"clipDepth":0,"id":0,"matrix":[1,0,0,1,6790,26510]},{"name":null,"type":0,"depth":3,"symbol":39,"clipDepth":0,"id":1,"matrix":[1,0,0,1,17870,26510]},{"name":null,"type":0,"depth":5,"symbol":39,"clipDepth":0,"id":2,"matrix":[1,0,0,1,22370,26510]},{"name":null,"type":0,"depth":7,"symbol":39,"clipDepth":0,"id":3,"matrix":[1,0,0,1,4010,26510]},{"name":null,"type":0,"depth":9,"symbol":39,"clipDepth":0,"id":4,"matrix":[1,0,0,1,13510,26510]},{"name":null,"type":0,"depth":11,"symbol":39,"clipDepth":0,"id":5,"matrix":[1,0,0,1,9070,26510]},{"name":null,"type":0,"depth":13,"symbol":39,"clipDepth":0,"id":6,"matrix":[1,0,0,1,20110,26510]},{"name":null,"type":0,"depth":15,"symbol":39,"clipDepth":0,"id":7,"matrix":[1,0,0,1,15430,26510]},{"name":null,"type":0,"depth":17,"symbol":39,"clipDepth":0,"id":8,"matrix":[1,0,0,1,11330,26510]},{"name":null,"type":0,"depth":19,"symbol":39,"clipDepth":0,"id":9,"matrix":[1,0,0,1,890,26510]}]}]},{"path":"symbols/16.jpg","type":0,"id":16,"alpha":"symbols/16a.png"},{"type":5,"id":43,"frames":[{"objects":[{"name":null,"type":0,"depth":1,"symbol":39,"clipDepth":0,"id":0,"matrix":[1,0,0,1,2340,20840]},{"name":null,"type":0,"depth":3,"symbol":39,"clipDepth":0,"id":1,"matrix":[1,0,0,1,26380,20840]},{"name":null,"type":0,"depth":5,"symbol":39,"clipDepth":0,"id":2,"matrix":[1,0,0,1,10400,24500]},{"name":null,"type":0,"depth":7,"symbol":39,"clipDepth":0,"id":3,"matrix":[1,0,0,1,5180,20840]},{"name":null,"type":0,"depth":9,"symbol":39,"clipDepth":0,"id":4,"matrix":[1,0,0,1,12760,20840]},{"name":null,"type":0,"depth":11,"symbol":39,"clipDepth":0,"id":5,"matrix":[1,0,0,1,18040,20840]},{"name":null,"type":0,"depth":13,"symbol":39,"clipDepth":0,"id":6,"matrix":[1,0,0,1,9860,16440]},{"name":null,"type":0,"depth":15,"symbol":39,"clipDepth":0,"id":7,"matrix":[1,0,0,1,18840,24500]},{"name":null,"type":0,"depth":17,"symbol":39,"clipDepth":0,"id":8,"matrix":[1,0,0,1,13840,24500]},{"name":null,"type":0,"depth":19,"symbol":39,"clipDepth":0,"id":9,"matrix":[1,0,0,1,20540,20840]}]}]},{"type":5,"id":15,"frames":[{"objects":[{"type":0,"depth":0,"symbol":14,"clipDepth":0,"id":0,"visible":true,"matrix":[1,0,0,1,0,0]}]}]},{"type":5,"id":42,"frames":[{"objects":[{"name":null,"type":0,"depth":1,"symbol":39,"clipDepth":0,"id":0,"matrix":[0.77056884765625,0,0,0.77056884765625,1438,10639]},{"name":null,"type":0,"depth":3,"symbol":39,"clipDepth":0,"id":1,"matrix":[0.77056884765625,0,0,0.77056884765625,918,4518]},{"name":null,"type":0,"depth":5,"symbol":39,"clipDepth":0,"id":2,"matrix":[0.77056884765625,0,0,0.77056884765625,27058,8838]},{"name":null,"type":0,"depth":7,"symbol":39,"clipDepth":0,"id":3,"matrix":[0.77056884765625,0,0,0.77056884765625,4078,8837]},{"name":null,"type":0,"depth":9,"symbol":39,"clipDepth":0,"id":4,"matrix":[0.77056884765625,0,0,0.77056884765625,25638,3818]},{"name":null,"type":0,"depth":11,"symbol":39,"clipDepth":0,"id":5,"matrix":[0.77056884765625,0,0,0.77056884765625,24778,11538]}]}]},{"path":"symbols/14.jpg","type":0,"id":14,"alpha":"symbols/14a.png"},{"type":5,"id":41,"frames":[{"objects":[{"name":null,"type":0,"depth":1,"symbol":39,"clipDepth":0,"id":0,"matrix":[1,0,0,1,1070,4450]},{"name":null,"type":0,"depth":3,"symbol":39,"clipDepth":0,"id":1,"matrix":[1,0,0,1,1070,4450]},{"name":null,"type":0,"depth":5,"symbol":39,"clipDepth":0,"id":2,"matrix":[1,0,0,1,1070,4450]},{"name":null,"type":0,"depth":7,"symbol":39,"clipDepth":0,"id":3,"matrix":[1,0,0,1,1070,4450]},{"name":null,"type":0,"depth":9,"symbol":39,"clipDepth":0,"id":4,"matrix":[1,0,0,1,1070,4450]},{"name":null,"type":0,"depth":11,"symbol":39,"clipDepth":0,"id":5,"matrix":[1,0,0,1,1070,4450]},{"name":null,"type":0,"depth":13,"symbol":39,"clipDepth":0,"id":6,"matrix":[1,0,0,1,1070,4450]},{"name":null,"type":0,"depth":15,"symbol":39,"clipDepth":0,"id":7,"matrix":[1,0,0,1,1070,4450]},{"name":null,"type":0,"depth":17,"symbol":39,"clipDepth":0,"id":8,"matrix":[1,0,0,1,1070,4450]},{"name":null,"type":0,"depth":19,"symbol":39,"clipDepth":0,"id":9,"matrix":[1,0,0,1,1070,4450]},{"name":null,"type":0,"depth":21,"symbol":39,"clipDepth":0,"id":10,"matrix":[1,0,0,1,1070,4450]},{"name":null,"type":0,"depth":23,"symbol":39,"clipDepth":0,"id":11,"matrix":[1,0,0,1,1070,4450]},{"name":null,"type":0,"depth":25,"symbol":39,"clipDepth":0,"id":12,"matrix":[1,0,0,1,1070,4450]},{"name":null,"type":0,"depth":27,"symbol":39,"clipDepth":0,"id":13,"matrix":[1,0,0,1,1070,4450]},{"name":null,"type":0,"depth":29,"symbol":39,"clipDepth":0,"id":14,"matrix":[1,0,0,1,1070,4450]},{"name":null,"type":0,"depth":31,"symbol":39,"clipDepth":0,"id":15,"matrix":[1,0,0,1,1070,4450]},{"name":null,"type":0,"depth":33,"symbol":39,"clipDepth":0,"id":16,"matrix":[1,0,0,1,1070,4450]},{"name":null,"type":0,"depth":35,"symbol":39,"clipDepth":0,"id":17,"matrix":[1,0,0,1,1070,4450]},{"name":null,"type":0,"depth":37,"symbol":39,"clipDepth":0,"id":18,"matrix":[1,0,0,1,1070,4450]},{"name":null,"type":0,"depth":39,"symbol":39,"clipDepth":0,"id":19,"matrix":[1,0,0,1,1070,4450]}]}]},{"type":5,"id":13,"frames":[{"objects":[{"type":0,"depth":0,"symbol":12,"clipDepth":0,"id":0,"visible":true,"matrix":[1,0,0,1,0,0]}]}]},{"type":5,"id":40,"frames":[{"objects":[{"name":null,"type":0,"depth":1,"symbol":39,"clipDepth":0,"id":0,"matrix":[1,0,0,1,3970,20310]},{"name":null,"type":0,"depth":3,"symbol":39,"clipDepth":0,"id":1,"matrix":[1,0,0,1,18190,15830]},{"name":null,"type":0,"depth":5,"symbol":39,"clipDepth":0,"id":2,"matrix":[1,0,0,1,14450,8470]},{"name":null,"type":0,"depth":7,"symbol":39,"clipDepth":0,"id":3,"matrix":[1,0,0,1,18670,8470]},{"name":null,"type":0,"depth":9,"symbol":39,"clipDepth":0,"id":4,"matrix":[1,0,0,1,13030,5750]},{"name":null,"type":0,"depth":11,"symbol":39,"clipDepth":0,"id":5,"matrix":[1,0,0,1,5610,23630]},{"name":null,"type":0,"depth":13,"symbol":39,"clipDepth":0,"id":6,"matrix":[1,0,0,1,26910,8250]},{"name":null,"type":0,"depth":15,"symbol":39,"clipDepth":0,"id":7,"matrix":[1,0,0,1,950,4130]},{"name":null,"type":0,"depth":17,"symbol":39,"clipDepth":0,"id":8,"matrix":[1,0,0,1,12690,19910]},{"name":null,"type":0,"depth":19,"symbol":39,"clipDepth":0,"id":9,"matrix":[1,0,0,1,25970,11150]},{"name":null,"type":0,"depth":21,"symbol":39,"clipDepth":0,"id":10,"matrix":[1,0,0,1,6070,8470]},{"name":null,"type":0,"depth":23,"symbol":39,"clipDepth":0,"id":11,"matrix":[1,0,0,1,830,10170]},{"name":null,"type":0,"depth":25,"symbol":39,"clipDepth":0,"id":12,"matrix":[1,0,0,1,5350,12110]},{"name":null,"type":0,"depth":27,"symbol":39,"clipDepth":0,"id":13,"matrix":[1,0,0,1,13470,23770]},{"name":null,"type":0,"depth":29,"symbol":39,"clipDepth":0,"id":14,"matrix":[1,0,0,1,11930,15830]},{"name":null,"type":0,"depth":31,"symbol":39,"clipDepth":0,"id":15,"matrix":[1,0,0,1,25130,20310]},{"name":null,"type":0,"depth":33,"symbol":39,"clipDepth":0,"id":16,"matrix":[1,0,0,1,25970,23530]},{"name":null,"type":0,"depth":35,"symbol":39,"clipDepth":0,"id":17,"matrix":[1,0,0,1,21870,6050]},{"name":null,"type":0,"depth":37,"symbol":39,"clipDepth":0,"id":18,"matrix":[1,0,0,1,20030,19910]},{"name":null,"type":0,"depth":39,"symbol":39,"clipDepth":0,"id":19,"matrix":[1,0,0,1,14010,11150]}]}]},{"path":"symbols/12.jpg","type":0,"id":12,"alpha":"symbols/12a.png"},{"type":5,"id":39,"frames":[{}]},{"type":5,"className":"com.darkness.tdp4.maps.view.MapPolygonContainer","baseClassName":null,"id":11,"frames":[{"objects":[{"name":null,"type":0,"depth":1,"symbol":2,"clipDepth":0,"id":0,"matrix":[0.623321533203125,0,0,67.4795379638672,125,13496]},{"name":null,"type":0,"depth":3,"symbol":2,"clipDepth":0,"id":1,"matrix":[69.3466491699219,0,0,0.185592651367188,14016,26963]},{"name":null,"type":0,"depth":5,"symbol":2,"clipDepth":0,"id":2,"matrix":[69.4317321777344,0,0,0.380325317382812,14005,77]},{"name":null,"type":0,"depth":7,"symbol":2,"clipDepth":0,"id":3,"matrix":[0.495437622070312,0,0,67.1294555664062,27909,13498]},{"name":null,"type":0,"depth":9,"symbol":2,"clipDepth":0,"id":4,"matrix":[3.72747802734375,-0.0101318359375,0.0013885498046875,0.534652709960938,992,23162]},{"name":null,"type":0,"depth":11,"symbol":2,"clipDepth":0,"id":5,"matrix":[3.5584716796875,-0.329483032226562,0.03143310546875,0.366165161132812,6362,6426]},{"name":null,"type":0,"depth":13,"symbol":2,"clipDepth":0,"id":6,"matrix":[4.912109375,1.1749267578125,-0.137619018554688,0.603347778320312,1080,17480]},{"name":null,"type":0,"depth":15,"symbol":2,"clipDepth":0,"id":7,"matrix":[4.33258056640625,0.405166625976562,-0.04876708984375,0.535140991210938,2170,7557]},{"name":null,"type":0,"depth":17,"symbol":2,"clipDepth":0,"id":8,"matrix":[15.0012359619141,0.0664520263671875,-0.0128631591796875,3.01568603515625,13908,17695]},{"name":null,"type":0,"depth":19,"symbol":2,"clipDepth":0,"id":9,"matrix":[2.510009765625,0.29742431640625,-0.1260986328125,1.08163452148438,13544,12480]},{"name":null,"type":0,"depth":21,"symbol":2,"clipDepth":0,"id":10,"matrix":[13.1988677978516,-0.628494262695312,0.0322418212890625,0.708908081054688,13085,9757]},{"name":null,"type":0,"depth":23,"symbol":2,"clipDepth":0,"id":11,"matrix":[-8.318115234375,0.0028076171875,-0.000213623046875,-0.657440185546875,26356,12530]},{"name":null,"type":0,"depth":25,"symbol":2,"clipDepth":0,"id":12,"matrix":[5.09403991699219,0.0954132080078125,-0.0080718994140625,0.500946044921875,1248,11636]},{"name":null,"type":0,"depth":27,"symbol":2,"clipDepth":0,"id":13,"matrix":[0.338272094726562,4.58134460449219,-1.05767822265625,0.08184814453125,2142,12576]},{"name":null,"type":0,"depth":29,"symbol":2,"clipDepth":0,"id":14,"matrix":[8.24609375,1.06352233886719,-0.0777740478515625,0.61669921875,5860,14101]},{"name":null,"type":0,"depth":31,"symbol":2,"clipDepth":0,"id":15,"matrix":[-7.12408447265625,4.05889892578125,-0.5162353515625,-0.949783325195312,3047,14849]},{"name":null,"type":0,"depth":33,"symbol":2,"clipDepth":0,"id":16,"matrix":[2.59014892578125,-0.453704833984375,0.4730224609375,2.73991394042969,4946,17690]},{"name":null,"type":0,"depth":35,"symbol":2,"clipDepth":0,"id":17,"matrix":[3.86209106445312,0.0171051025390625,-0.0098876953125,2.32658386230469,10063,21182]},{"name":null,"type":0,"depth":37,"symbol":2,"clipDepth":0,"id":18,"matrix":[0.618255615234375,0.002685546875,-0.0093536376953125,2.20236206054688,15884,21279]},{"name":null,"type":0,"depth":39,"symbol":2,"clipDepth":0,"id":19,"matrix":[0.7940673828125,0.0034332275390625,-0.0084991455078125,1.99932861328125,14481,21243]},{"name":null,"type":0,"depth":41,"symbol":2,"clipDepth":0,"id":20,"matrix":[0.248733520507812,-0.362319946289062,3.446044921875,2.47958374023438,16613,21198]},{"name":null,"type":0,"depth":43,"symbol":2,"clipDepth":0,"id":21,"matrix":[-1.37677001953125,0.231552124023438,-0.0490875244140625,-0.316986083984375,4021,6534]},{"name":null,"type":0,"depth":45,"symbol":2,"clipDepth":0,"id":22,"matrix":[69.0665283203125,-0.187210083007812,0.0013885498046875,0.534652709960938,13971,25303]},{"name":null,"type":0,"depth":47,"symbol":2,"clipDepth":0,"id":23,"matrix":[17.7598266601562,-0.0481414794921875,0.001953125,0.754165649414062,3779,21828]},{"name":null,"type":0,"depth":49,"symbol":2,"clipDepth":0,"id":24,"matrix":[3.124267578125,4.58505249023438,-2.494873046875,1.78216552734375,1864,24329]},{"name":null,"type":0,"depth":51,"symbol":2,"clipDepth":0,"id":25,"matrix":[4.9051513671875,0.0230865478515625,-0.024688720703125,5.55438232421875,1152,6436]},{"name":null,"type":0,"depth":53,"symbol":2,"clipDepth":0,"id":26,"matrix":[15.5821228027344,0.312393188476562,-0.013275146484375,0.696533203125,6233,9779]},{"name":null,"type":0,"depth":55,"symbol":2,"clipDepth":0,"id":27,"matrix":[4.46478271484375,-0.0189361572265625,0.0020599365234375,0.501007080078125,3230,13260]},{"name":null,"type":0,"depth":57,"symbol":2,"clipDepth":0,"id":28,"matrix":[1.05682373046875,2.62054443359375,-0.979888916015625,0.413101196289062,4142,13773]},{"name":null,"type":0,"depth":59,"symbol":2,"clipDepth":0,"id":29,"matrix":[4.8389892578125,1.73114013671875,-0.203704833984375,0.586273193359375,8413,14616]},{"name":null,"type":0,"depth":61,"symbol":2,"clipDepth":0,"id":30,"matrix":[7.55227661132812,0.566802978515625,-0.204010009765625,2.85270690917969,7835,17590]},{"name":null,"type":0,"depth":63,"symbol":2,"clipDepth":0,"id":31,"matrix":[4.04412841796875,-0.0863494873046875,0.080810546875,2.94000244140625,10161,17690]},{"name":null,"type":0,"depth":65,"symbol":2,"clipDepth":0,"id":32,"matrix":[15.1265563964844,0.1331787109375,-0.0222930908203125,2.9290771484375,19921,17716]},{"name":null,"type":0,"depth":67,"symbol":2,"clipDepth":0,"id":33,"matrix":[7.40646362304688,2.05068969726562,-0.16717529296875,0.643463134765625,19813,14651]},{"name":null,"type":0,"depth":69,"symbol":2,"clipDepth":0,"id":34,"matrix":[3.98699951171875,3.000244140625,-0.386489868164062,0.537322998046875,16203,13164]},{"name":null,"type":0,"depth":71,"symbol":2,"clipDepth":0,"id":35,"matrix":[3.45477294921875,1.3026123046875,-0.226516723632812,0.623886108398438,17663,13995]},{"name":null,"type":0,"depth":73,"symbol":2,"clipDepth":0,"id":36,"matrix":[2.5859375,0.0117034912109375,-0.002838134765625,0.656112670898438,18015,6408]},{"name":null,"type":0,"depth":75,"symbol":2,"clipDepth":0,"id":37,"matrix":[2.41679382324219,0.416641235351562,-0.107894897460938,0.655853271484375,20917,7225]},{"name":null,"type":0,"depth":77,"symbol":2,"clipDepth":0,"id":38,"matrix":[4.7230224609375,-0.10321044921875,0.0138397216796875,0.664566040039062,22305,7310]},{"name":null,"type":0,"depth":79,"symbol":2,"clipDepth":0,"id":39,"matrix":[4.33670043945312,-0.527496337890625,0.075347900390625,0.659683227539062,24063,7174]},{"name":null,"type":0,"depth":81,"symbol":2,"clipDepth":0,"id":40,"matrix":[2.43119812011719,0.28826904296875,-0.0691680908203125,0.5782470703125,26315,7445]},{"name":null,"type":0,"depth":83,"symbol":2,"clipDepth":0,"id":41,"matrix":[2.44877624511719,-0.053497314453125,0.0138397216796875,0.664566040039062,25561,7408]},{"name":null,"type":0,"depth":85,"symbol":2,"clipDepth":0,"id":42,"matrix":[2.22404479980469,1.04281616210938,-0.270034790039062,0.603561401367188,25287,7278]},{"name":null,"type":0,"depth":87,"symbol":2,"clipDepth":0,"id":43,"matrix":[2.44949340820312,0.0013275146484375,-0.0003662109375,0.664764404296875,19273,6702]},{"name":null,"type":0,"depth":89,"symbol":2,"clipDepth":0,"id":44,"matrix":[2.07183837890625,1.09751892089844,-0.298004150390625,0.589599609375,20102,6914]},{"name":null,"type":0,"depth":91,"symbol":2,"clipDepth":0,"id":45,"matrix":[1.47225952148438,0.911605834960938,-0.333023071289062,0.566757202148438,18748,6575]},{"name":null,"type":0,"depth":93,"symbol":2,"clipDepth":0,"id":46,"matrix":[6.7205810546875,-1.19464111328125,0.110748291015625,0.6531982421875,13981,6575]},{"name":null,"type":0,"depth":95,"symbol":2,"clipDepth":0,"id":47,"matrix":[2.03495788574219,0.00921630859375,-0.002899169921875,0.665435791015625,11840,6620]},{"name":null,"type":0,"depth":97,"symbol":2,"clipDepth":0,"id":48,"matrix":[1.6182861328125,0.66717529296875,-0.2384033203125,0.6151123046875,12530,6736]},{"name":null,"type":0,"depth":99,"symbol":2,"clipDepth":0,"id":49,"matrix":[-6.45376586914062,0.00726318359375,0.0002593994140625,-0.657150268554688,19068,9444]},{"name":null,"type":0,"depth":101,"symbol":2,"clipDepth":0,"id":50,"matrix":[3.18070983886719,-1.7147216796875,0.2960205078125,0.578460693359375,17460,10980]},{"name":null,"type":0,"depth":103,"symbol":2,"clipDepth":0,"id":51,"matrix":[-5.3411865234375,2.05538940429688,-0.243820190429688,-0.664138793945312,23633,12921]},{"name":null,"type":0,"depth":105,"symbol":2,"clipDepth":0,"id":52,"matrix":[33.0318298339844,-0.0894927978515625,0.001983642578125,0.7674560546875,15382,21785]},{"name":null,"type":0,"depth":107,"symbol":2,"clipDepth":0,"id":53,"matrix":[11.2570495605469,-0.030487060546875,0.001800537109375,0.695724487304688,25588,21700]},{"name":null,"type":0,"depth":109,"symbol":2,"clipDepth":0,"id":54,"matrix":[6.02145385742188,4.55650329589844,-0.356124877929688,0.494461059570312,25280,18760]},{"name":null,"type":0,"depth":111,"symbol":2,"clipDepth":0,"id":55,"matrix":[3.04013061523438,0.100448608398438,-0.0450286865234375,1.35693359375,3375,25007]},{"name":null,"type":0,"depth":113,"symbol":2,"clipDepth":0,"id":56,"matrix":[3.72164916992188,0.183074951171875,-0.0753173828125,1.52529907226562,5583,24974]},{"name":null,"type":0,"depth":115,"symbol":2,"clipDepth":0,"id":57,"matrix":[3.66787719726562,-0.21038818359375,0.0208587646484375,0.381027221679688,20822,24603]},{"name":null,"type":0,"depth":117,"symbol":2,"clipDepth":0,"id":58,"matrix":[3.720947265625,-0.213424682617188,0.0291900634765625,0.533737182617188,23591,22558]},{"name":null,"type":0,"depth":119,"symbol":2,"clipDepth":0,"id":59,"matrix":[-2.60092163085938,2.26080322265625,-0.336105346679688,-0.405517578125,22400,23013]},{"name":null,"type":0,"depth":121,"symbol":2,"clipDepth":0,"id":60,"matrix":[2.79827880859375,3.5447998046875,-0.4320068359375,0.3575439453125,8572,24457]},{"name":null,"type":0,"depth":123,"symbol":2,"clipDepth":0,"id":61,"matrix":[-2.61367797851562,3.68478393554688,-0.449127197265625,-0.333877563476562,7491,24460]},{"name":null,"type":0,"depth":125,"symbol":2,"clipDepth":0,"id":62,"matrix":[-8.318115234375,0.0028076171875,-0.0005340576171875,-1.65982055664062,26179,9710]},{"name":null,"type":0,"depth":127,"symbol":2,"clipDepth":0,"id":63,"matrix":[-3.74957275390625,0.511810302734375,-0.08502197265625,-0.652755737304688,23790,9629]},{"name":null,"type":0,"depth":129,"symbol":2,"clipDepth":0,"id":64,"matrix":[-2.10513305664062,4.52426147460938,-0.962631225585938,-0.4395751953125,1314,16508]},{"name":null,"type":0,"depth":131,"symbol":2,"clipDepth":0,"id":65,"matrix":[-6.06356811523438,5.54588317871094,-0.436203002929688,-0.498291015625,3227,18479]},{"name":null,"type":0,"depth":133,"symbol":2,"clipDepth":0,"id":66,"matrix":[3.12213134765625,0.79425048828125,-0.6925048828125,2.79850769042969,23373,17875]},{"name":null,"type":0,"depth":135,"symbol":2,"clipDepth":0,"id":67,"matrix":[-2.60440063476562,-0.830169677734375,0.195953369140625,-0.625885009765625,20540,10080]},{"name":null,"type":0,"depth":137,"symbol":2,"clipDepth":0,"id":68,"matrix":[-1.63021850585938,-0.053985595703125,0.0182952880859375,-0.655029296875,18374,10668]},{"name":null,"type":0,"depth":139,"symbol":2,"clipDepth":0,"id":69,"matrix":[0.03729248046875,2.7596435546875,-5.76864624023438,0.0709991455078125,19203,10046]},{"name":null,"type":0,"depth":141,"symbol":2,"clipDepth":0,"id":70,"matrix":[2.60581970214844,-0.350082397460938,0.35968017578125,2.728271484375,5938,17530]},{"name":null,"type":0,"depth":143,"symbol":2,"clipDepth":0,"id":71,"matrix":[1.23361206054688,1.59912109375,-1.7135009765625,1.33978271484375,24014,18054]},{"name":null,"type":0,"depth":145,"symbol":2,"clipDepth":0,"id":72,"matrix":[1.9801025390625,-1.97947692871094,7.58309936523438,7.59210205078125,26932,14338]},{"name":null,"type":0,"depth":147,"symbol":2,"clipDepth":0,"id":73,"matrix":[3.1754150390625,-0.003509521484375,0.00244140625,0.817291259765625,15201,21528]},{"name":null,"type":0,"depth":149,"symbol":2,"clipDepth":0,"id":74,"matrix":[1.32652282714844,-0.550048828125,0.4185791015625,1.00407409667969,14220,12500]},{"name":null,"type":0,"depth":151,"symbol":2,"clipDepth":0,"id":75,"matrix":[3.720947265625,-0.213424682617188,0.0971221923828125,1.77598571777344,24233,22063]},{"name":null,"type":0,"depth":153,"symbol":2,"clipDepth":0,"id":76,"matrix":[1.1412353515625,-0.0537872314453125,0.05322265625,1.08538818359375,14632,12392]},{"name":null,"type":0,"depth":155,"symbol":2,"clipDepth":0,"id":77,"matrix":[1.69692993164062,0.732711791992188,-0.4283447265625,0.997177124023438,15062,12505]},{"name":null,"type":0,"depth":157,"symbol":2,"clipDepth":0,"id":78,"matrix":[-1.60845947265625,-0.069854736328125,0.01806640625,-0.320037841796875,4600,6496]},{"name":null,"type":0,"depth":159,"symbol":2,"clipDepth":0,"id":79,"matrix":[-1.89793395996094,0.042266845703125,-0.0029754638671875,-0.320465087890625,5284,6496]},{"name":null,"type":0,"depth":161,"symbol":2,"clipDepth":0,"id":80,"matrix":[0.51739501953125,2.7698974609375,-0.652191162109375,0.116439819335938,13852,7289]},{"name":null,"type":0,"depth":163,"symbol":2,"clipDepth":0,"id":81,"matrix":[0.5731201171875,3.06820678710938,-1.14657592773438,0.204696655273438,12640,7382]},{"name":null,"type":0,"depth":165,"symbol":2,"clipDepth":0,"id":82,"matrix":[3.35185241699219,0.0035247802734375,-0.0023651123046875,1.14530944824219,25626,5512]},{"name":null,"type":0,"depth":167,"symbol":2,"clipDepth":0,"id":83,"matrix":[3.95248413085938,0.00213623046875,-0.0003662109375,0.664764404296875,19373,5039]},{"name":null,"type":0,"depth":169,"symbol":2,"clipDepth":0,"id":84,"matrix":[2.15916442871094,-6.17945861816406,0.227020263671875,0.079315185546875,18927,3716]},{"name":null,"type":0,"depth":171,"symbol":2,"clipDepth":0,"id":85,"matrix":[-2.1650390625,-6.10739135742188,0.24468994140625,-0.08673095703125,19790,3745]},{"name":null,"type":0,"depth":173,"symbol":2,"clipDepth":0,"id":86,"matrix":[4.74603271484375,-0.840682983398438,0.06622314453125,0.390609741210938,12830,5039]},{"name":null,"type":0,"depth":175,"symbol":2,"clipDepth":0,"id":87,"matrix":[1.26123046875,-7.25273132324219,0.198348999023438,0.0361328125,12122,3739]},{"name":null,"type":0,"depth":177,"symbol":2,"clipDepth":0,"id":88,"matrix":[-3.60771179199219,-6.37908935546875,0.176010131835938,-0.097686767578125,13088,3545]},{"name":null,"type":0,"depth":179,"symbol":2,"clipDepth":0,"id":89,"matrix":[4.28668212890625,1.23429870605469,-0.138580322265625,0.481002807617188,5047,13845]},{"name":null,"type":0,"depth":181,"symbol":2,"clipDepth":0,"id":90,"matrix":[0.0385894775390625,4.50358581542969,-0.480224609375,0.00115966796875,25258,10561]},{"name":null,"type":0,"depth":183,"symbol":2,"clipDepth":0,"id":91,"matrix":[2.98387145996094,0.0008544921875,-0.0042572021484375,1.47198486328125,20685,24927]},{"name":null,"type":0,"depth":185,"symbol":2,"clipDepth":0,"id":92,"matrix":[69.5848999023438,0.019927978515625,-0.0099639892578125,3.44499206542969,13865,26144]},{"name":null,"type":0,"depth":187,"symbol":2,"clipDepth":0,"id":93,"matrix":[3.30868530273438,0.000946044921875,-0.01434326171875,4.96017456054688,1021,24271]},{"name":null,"type":0,"depth":189,"symbol":2,"clipDepth":0,"id":94,"matrix":[2.3123779296875,0.01025390625,-0.0096282958984375,2.26583862304688,8024,24789]},{"name":null,"type":0,"depth":191,"symbol":2,"clipDepth":0,"id":95,"matrix":[4.1531982421875,0.0183868408203125,-0.0417022705078125,9.81182861328125,1056,13563]},{"name":null,"type":0,"depth":193,"symbol":2,"clipDepth":0,"id":96,"matrix":[5.236572265625,0.023193359375,-0.0098876953125,2.32658386230469,2766,13839]},{"name":null,"type":0,"depth":195,"symbol":2,"clipDepth":0,"id":97,"matrix":[3.86209106445312,0.0171051025390625,-0.00628662109375,1.47998046875,2340,14480]},{"name":null,"type":0,"depth":197,"symbol":2,"clipDepth":0,"id":98,"matrix":[2.31364440917969,0.0102386474609375,-0.016876220703125,3.97174072265625,687,16263]},{"name":null,"type":0,"depth":199,"symbol":2,"clipDepth":0,"id":99,"matrix":[1.81553649902344,0.0080413818359375,1.1815185546875,3.98837280273438,12785,4163]},{"name":null,"type":0,"depth":201,"symbol":2,"clipDepth":0,"id":100,"matrix":[1.04705810546875,0.004638671875,-0.0187225341796875,4.40707397460938,19412,4102]},{"name":null,"type":0,"depth":203,"symbol":2,"clipDepth":0,"id":101,"matrix":[12.9054107666016,0,0,79.6558227539062,-2419,13353]},{"name":null,"type":0,"depth":205,"symbol":2,"clipDepth":0,"id":102,"matrix":[89.3356323242188,0,0,6.88848876953125,12959,-1274]},{"name":null,"type":0,"depth":207,"symbol":2,"clipDepth":0,"id":103,"matrix":[9.388671875,0,0,81.1780700683594,29659,13537]},{"name":null,"type":0,"depth":209,"symbol":2,"clipDepth":0,"id":104,"matrix":[90.9423828125,0,0,11.4140625,13319,27610]},{"name":null,"type":0,"depth":211,"symbol":2,"clipDepth":0,"id":105,"matrix":[0.19854736328125,0.0479736328125,-0.0691680908203125,0.5782470703125,26280,5393]},{"name":null,"type":0,"depth":213,"symbol":2,"clipDepth":0,"id":106,"matrix":[0.19854736328125,0.0479736328125,-0.0691680908203125,0.5782470703125,20340,9420]},{"name":null,"type":0,"depth":215,"symbol":2,"clipDepth":0,"id":107,"matrix":[0.19854736328125,0.0479736328125,-0.0691680908203125,0.5782470703125,15300,6320]},{"name":null,"type":0,"depth":217,"symbol":2,"clipDepth":0,"id":108,"matrix":[0.19854736328125,0.0479736328125,-0.0691680908203125,0.5782470703125,7060,6400]},{"name":null,"type":0,"depth":219,"symbol":2,"clipDepth":0,"id":109,"matrix":[0.19854736328125,0.0479736328125,-0.0691680908203125,0.5782470703125,2260,11660]},{"name":null,"type":0,"depth":221,"symbol":2,"clipDepth":0,"id":110,"matrix":[0.19854736328125,0.0479736328125,-0.0691680908203125,0.5782470703125,7320,21780]},{"name":null,"type":0,"depth":223,"symbol":2,"clipDepth":0,"id":111,"matrix":[0.19854736328125,0.0479736328125,-0.0691680908203125,0.5782470703125,10820,20820]},{"name":null,"type":0,"depth":225,"symbol":2,"clipDepth":0,"id":112,"matrix":[0.19854736328125,0.0479736328125,-0.0691680908203125,0.5782470703125,14606,20940]},{"name":null,"type":0,"depth":227,"symbol":2,"clipDepth":0,"id":113,"matrix":[0.19854736328125,0.0479736328125,-0.0691680908203125,0.5782470703125,21980,21720]},{"name":null,"type":0,"depth":229,"symbol":2,"clipDepth":0,"id":114,"matrix":[0.19854736328125,0.0479736328125,-0.0403594970703125,0.33740234375,21545,24551]},{"name":null,"type":0,"depth":231,"symbol":2,"clipDepth":0,"id":115,"matrix":[0.19854736328125,0.0479736328125,-0.16070556640625,1.34367370605469,6320,24971]},{"name":null,"type":0,"depth":233,"symbol":2,"clipDepth":0,"id":116,"matrix":[0.19854736328125,0.0479736328125,-0.0691680908203125,0.5782470703125,3960,24860]},{"name":null,"type":0,"depth":235,"symbol":2,"clipDepth":0,"id":117,"matrix":[0.19854736328125,0.0479736328125,-0.0691680908203125,0.5782470703125,1720,23160]},{"name":null,"type":0,"depth":237,"symbol":2,"clipDepth":0,"id":118,"matrix":[-0.19854736328125,0.0479736328125,0.0691680908203125,0.5782470703125,24974,5380]},{"name":null,"type":0,"depth":239,"symbol":2,"clipDepth":0,"id":119,"matrix":[-0.19854736328125,0.0479736328125,0.053375244140625,0.44622802734375,17496,6352]},{"name":null,"type":0,"depth":241,"symbol":2,"clipDepth":0,"id":120,"matrix":[-0.19854736328125,0.0479736328125,0.0691680908203125,0.5782470703125,11440,6600]},{"name":null,"type":0,"depth":243,"symbol":2,"clipDepth":0,"id":121,"matrix":[-0.19854736328125,0.0479736328125,0.0648651123046875,0.5423583984375,3139,9672]},{"name":null,"type":0,"depth":245,"symbol":2,"clipDepth":0,"id":122,"matrix":[-0.19854736328125,0.0479736328125,0.0691680908203125,0.5782470703125,10440,9860]},{"name":null,"type":0,"depth":247,"symbol":2,"clipDepth":0,"id":123,"matrix":[-0.19854736328125,0.0479736328125,0.0691680908203125,0.5782470703125,17780,9420]},{"name":null,"type":0,"depth":249,"symbol":2,"clipDepth":0,"id":124,"matrix":[-0.19854736328125,0.0479736328125,0.0691680908203125,0.5782470703125,13080,12320]},{"name":null,"type":0,"depth":251,"symbol":2,"clipDepth":0,"id":125,"matrix":[-0.19854736328125,0.0479736328125,0.0691680908203125,0.5782470703125,8800,21760]},{"name":null,"type":0,"depth":253,"symbol":2,"clipDepth":0,"id":126,"matrix":[-0.19854736328125,0.0479736328125,0.0691680908203125,0.5782470703125,9320,20820]},{"name":null,"type":0,"depth":255,"symbol":2,"clipDepth":0,"id":127,"matrix":[-0.19854736328125,0.0479736328125,0.0691680908203125,0.5782470703125,14340,20940]},{"name":null,"type":0,"depth":257,"symbol":2,"clipDepth":0,"id":128,"matrix":[-0.494613647460938,0.2547607421875,0.203842163085938,0.545516967773438,15893,20892]},{"name":null,"type":0,"depth":259,"symbol":2,"clipDepth":0,"id":129,"matrix":[-0.19854736328125,0.0479736328125,0.0691680908203125,0.5782470703125,23340,21680]},{"name":null,"type":0,"depth":261,"symbol":2,"clipDepth":0,"id":130,"matrix":[-0.19854736328125,0.0479736328125,0.0691680908203125,0.5782470703125,20100,24680]},{"name":null,"type":0,"depth":263,"symbol":2,"clipDepth":0,"id":131,"matrix":[-0.19854736328125,0.0479736328125,0.0691680908203125,0.5782470703125,4860,24740]},{"name":null,"type":0,"depth":265,"symbol":2,"clipDepth":0,"id":132,"matrix":[0.19854736328125,0.0479736328125,-0.0691680908203125,0.5782470703125,15700,9600]},{"name":null,"type":0,"depth":267,"symbol":2,"clipDepth":0,"id":133,"matrix":[0.19854736328125,0.0479736328125,-0.0691680908203125,0.5782470703125,2100,5430]},{"name":null,"type":0,"depth":269,"symbol":2,"clipDepth":0,"id":134,"matrix":[-4.928955078125,0.1097412109375,-0.0029754638671875,-0.320465087890625,1109,5406]},{"name":null,"type":0,"depth":271,"symbol":2,"clipDepth":0,"id":135,"matrix":[0.201950073242188,0.0305938720703125,-0.0188446044921875,0.582061767578125,2100,5480]},{"name":null,"type":0,"depth":273,"symbol":2,"clipDepth":0,"id":136,"matrix":[3.5584716796875,-0.329483032226562,0.03143310546875,0.366165161132812,6354,6501]},{"name":null,"type":0,"depth":275,"symbol":2,"clipDepth":0,"id":137,"matrix":[-1.37677001953125,0.231552124023438,-0.0490875244140625,-0.316986083984375,4013,6609]},{"name":null,"type":0,"depth":277,"symbol":2,"clipDepth":0,"id":138,"matrix":[-1.60845947265625,-0.069854736328125,0.01806640625,-0.320037841796875,4592,6571]},{"name":null,"type":0,"depth":279,"symbol":2,"clipDepth":0,"id":139,"matrix":[-1.89793395996094,0.042266845703125,-0.0029754638671875,-0.320465087890625,5276,6571]}]}]},{"type":5,"id":38,"frames":[{"objects":[{"type":0,"depth":0,"symbol":37,"clipDepth":0,"id":0,"visible":true,"matrix":[1,0,0,1,0,0]}]}]},{"type":5,"className":"com.darkness.tdp4.maps.view.MapGFXBack","baseClassName":null,"id":10,"frames":[{"objects":[{"name":null,"type":0,"depth":1,"symbol":9,"clipDepth":0,"id":0,"matrix":[1,0,0,1,0,0]}]}]},{"path":"symbols/37.jpg","type":0,"id":37,"alpha":"symbols/37a.png"},{"type":4,"id":9,"commands":[3,5,1,255,0.698039215686274,8,27891,72,7,28008,72,7,28008,12398,7,28020,12398,7,28020,12660,7,28008,12660,7,28008,26924,7,27810,26924,7,27820,22100,7,25000,22100,7,24996,22375,7,24330,22414,7,24341,22622,7,22989,22700,7,21970,23586,7,21880,23360,7,23000,22420,7,23480,22260,7,23472,21782,7,23465,21782,7,23465,21568,7,27810,21556,7,27810,17828,7,27807,17828,7,27807,15146,7,27679,15146,7,27679,13611,7,26236,13611,7,26236,13392,7,24584,13392,7,24584,12688,7,22608,13448,7,22518,13202,7,24654,12380,7,24692,12484,7,24692,12400,7,27810,12398,7,27810,9653,7,24515,9655,7,24515,9594,7,23048,9793,7,23024,9603,7,24515,9400,7,24515,9393,7,27810,9391,7,27810,153,7,250,153,7,250,5326,7,2140,5335,7,2134,6480,7,2146,6486,7,1700,7320,7,3020,7440,7,3027,7745,7,1293,7583,7,1313,7369,7,1328,7371,7,1820,6486,7,250,6478,7,250,11517,7,2269,11555,7,2267,11646,7,2286,11644,7,2399,13164,7,4123,13156,7,4123,13168,7,4127,13166,7,4268,13517,7,5864,13977,7,7462,14183,7,7467,14171,7,7511,14189,7,7525,14191,7,7525,14195,7,9480,14860,7,9359,15233,7,7420,14560,7,4580,14220,7,4575,14227,7,1900,15752,7,1148,17369,7,2090,17594,7,2034,17836,7,250,17409,7,250,21689,7,7331,21669,7,7340,22100,7,260,22100,7,250,23057,7,1737,23053,7,1737,23063,7,1741,23060,7,2880,24660,7,4100,24720,7,4096,24888,7,2961,24851,7,3216,25225,7,6992,25215,7,6878,25130,7,7924,23656,7,8020,23660,7,8098,23676,7,9218,25094,7,9080,25209,7,27784,25159,7,27784,25373,7,3361,25438,7,3445,25562,7,3263,25692,7,3091,25439,7,250,25447,7,250,26926,7,27885,26926,7,27885,27000,7,147,27000,7,147,26992,7,0,26992,7,0,0,7,250,0,7,250,1,7,27891,1,7,27891,72,8,26296,5742,7,24956,5740,7,24956,5282,7,26296,5284,7,26296,5742,8,26049,7296,7,26815,7387,7,26787,7619,7,26044,7530,7,25710,7538,7,25678,7608,7,25537,7542,7,25074,7552,7,25069,7322,7,24839,7214,7,23253,7406,7,23253,7422,7,21363,7464,7,21363,7437,7,20412,7273,7,20419,7233,7,19672,6835,7,18996,6835,7,18975,6870,7,18919,6835,7,18783,6835,7,18783,6751,7,18387,6506,7,18425,6442,7,17499,6438,7,17499,6284,7,18517,6288,7,18521,6280,7,18988,6569,7,19763,6569,7,19763,6584,7,20576,7016,7,20569,7031,7,21422,7177,7,21419,7197,7,23182,7158,7,23181,7147,7,24915,6937,7,24918,6958,7,25591,7275,7,26048,7264,7,26049,7296,8,26300,19860,7,24260,18380,7,24262,18373,7,23862,17855,7,22855,17598,7,16897,17545,7,16897,17539,7,10965,17513,7,10965,17523,7,9355,17557,7,9354,17572,7,6429,17353,7,5444,17486,7,4480,17660,7,4400,17660,7,2200,19720,7,1840,19380,7,4200,17240,7,4334,17236,7,5346,17059,7,5345,17055,7,6366,16918,7,6366,16908,7,9336,17130,7,9335,17119,7,10911,17086,7,10911,17077,7,16911,17103,7,16911,17109,7,22886,17163,7,22887,17158,7,22905,17163,7,22951,17163,7,22951,17174,7,24106,17469,7,24110,17465,7,24115,17471,7,24135,17476,7,24131,17493,7,24587,18083,7,26555,19572,7,26300,19860,8,20199,4907,7,20199,5173,7,18549,5173,7,18549,4907,7,18572,4907,7,19300,2305,7,19370,2325,7,19428,2308,7,19439,2345,7,19440,2345,7,19440,2347,7,20182,4907,7,20199,4907,8,13782,4792,7,13783,4797,7,13785,4801,7,13784,4802,7,13808,4948,7,11862,5294,7,11841,5167,7,11840,5167,7,11841,5164,7,11836,5138,7,11845,5137,7,12296,1995,7,12376,2007,7,12371,2041,7,13781,4793,7,13782,4792,8,13825,7866,7,13622,6774,7,12837,6914,7,12806,6992,7,12804,6991,7,12984,7955,7,12526,8037,7,12296,6809,7,12341,6801,7,12229,6755,7,11432,6751,7,11434,6485,7,12248,6489,7,12248,6496,7,12254,6480,7,12708,6667,7,15303,6205,7,15347,6467,7,13882,6728,7,14085,7820,7,13825,7866,8,17425,9315,7,20359,9311,7,20359,9573,7,20352,9573,7,20356,9884,7,21100,10121,7,21022,10371,7,20360,10160,7,20365,10609,7,18702,10630,7,18696,10810,7,18088,10790,7,16883,11439,7,16765,11207,7,18037,10521,7,18052,10549,7,18052,10526,7,18454,10540,7,18442,9576,7,17425,9577,7,17425,9315,8,15720,9860,7,10360,10120,7,10440,9744,7,15720,9492,7,15720,9860,8,15485,12459,7,17016,13611,7,17017,13609,7,18364,14118,7,18365,14112,7,21327,14932,7,21261,15190,7,18312,14374,7,18309,14381,7,16931,13861,7,16923,13871,7,15377,12707,7,15315,12851,7,14746,12604,7,14510,12616,7,14039,12811,7,14016,12755,7,13017,12637,7,13067,12205,7,14071,12323,7,14071,12326,7,14394,12192,7,14393,12186,7,14806,12166,7,14809,12159,7,14824,12165,7,14849,12164,7,14850,12177,7,15487,12453,7,15485,12459,8,7080,6500,7,5656,6503,7,5655,6484,7,4919,6508,7,4918,6517,7,4300,6620,7,3757,6620,7,3737,6431,7,4277,6296,7,4280,6326,7,4282,6283,7,4903,6323,7,4903,6316,7,5645,6293,7,5644,6284,7,7080,6160,7,7080,6500,8,3120,9581,7,9352,9705,7,9360,10040,7,3120,9920,7,3120,9581,8,9280,21649,7,9273,20714,7,10817,20720,7,10813,21647,7,14359,21637,7,14363,20842,7,14621,20844,7,14619,21364,7,15835,21379,7,15837,20839,7,15841,20839,7,15974,20630,7,17352,21622,7,17348,21629,7,21988,21616,7,21980,22120,7,8780,22120,7,8776,21652,7,9280,21649,8,6400,24720,7,6330,24875,7,4844,24761,7,4900,24600,7,6400,24720,8,21447,24643,7,20097,24721,7,20089,24569,7,21439,24491,7,21447,24643,5]},{"type":5,"className":"com.darkness.tdp4.maps.view.MapGFX","baseClassName":null,"id":36,"frames":[{"objects":[{"name":null,"type":0,"depth":1,"symbol":13,"clipDepth":0,"id":0,"matrix":[1,0,0,1,0,0]},{"name":null,"type":0,"depth":2,"symbol":34,"clipDepth":0,"id":1,"matrix":[1,0,0,1,11780,19680]},{"name":null,"type":0,"depth":4,"symbol":35,"clipDepth":0,"id":2,"matrix":[1,0,0,1,20540,19580]}]}]},{"type":5,"className":"com.darkness.tdp4.maps.view.MapTestPolygonContainer","baseClassName":null,"id":8,"frames":[{"objects":[{"name":null,"type":0,"depth":1,"symbol":2,"clipDepth":0,"id":0,"matrix":[-0.0004730224609375,0.0868988037109375,-7.2880859375,-0.040283203125,12041,9849]},{"name":null,"type":0,"depth":3,"symbol":2,"clipDepth":0,"id":1,"matrix":[-0.0868988037109375,-0.0004730224609375,0.015106201171875,-2.73342895507812,19380,10012]},{"name":null,"type":0,"depth":5,"symbol":2,"clipDepth":0,"id":2,"matrix":[-6.103515625e-05,0.0868988037109375,-14.5741882324219,-0.010498046875,6177,9810]},{"name":null,"type":0,"depth":7,"symbol":2,"clipDepth":0,"id":3,"matrix":[-6.103515625e-05,0.0868988037109375,-6.925048828125,-0.0049896240234375,22444,7256]},{"name":null,"type":0,"depth":9,"symbol":2,"clipDepth":0,"id":4,"matrix":[-6.103515625e-05,0.0868988037109375,-7.48126220703125,-0.0053863525390625,5421,6401]},{"name":null,"type":0,"depth":11,"symbol":2,"clipDepth":0,"id":5,"matrix":[-0.0868988037109375,-0.0004730224609375,0.0344085693359375,-6.21917724609375,12396,3776]},{"name":null,"type":0,"depth":13,"symbol":2,"clipDepth":0,"id":6,"matrix":[-0.0868988037109375,-0.0004730224609375,0.047576904296875,-8.60824584960938,25053,14298]},{"name":null,"type":0,"depth":15,"symbol":2,"clipDepth":0,"id":7,"matrix":[-0.0868988037109375,-0.0004730224609375,0.0312652587890625,-5.66024780273438,19377,3923]},{"name":null,"type":0,"depth":17,"symbol":2,"clipDepth":0,"id":8,"matrix":[-0.0004730224609375,0.0868988037109375,-7.2880859375,-0.040283203125,14002,9775]},{"name":null,"type":0,"depth":19,"symbol":2,"clipDepth":0,"id":9,"matrix":[-6.103515625e-05,0.0868988037109375,-8.40281677246094,-0.0060577392578125,26158,9520]},{"name":null,"type":0,"depth":21,"symbol":2,"clipDepth":0,"id":10,"matrix":[-0.0004730224609375,0.0868988037109375,-42.2838134765625,-0.233718872070312,14563,17285]},{"name":null,"type":0,"depth":23,"symbol":2,"clipDepth":0,"id":11,"matrix":[-0.0004730224609375,0.0868988037109375,-0.992752075195312,-0.0054931640625,18239,10678]},{"name":null,"type":0,"depth":25,"symbol":2,"clipDepth":0,"id":12,"matrix":[-6.103515625e-05,0.0868988037109375,-14.5741882324219,-0.010498046875,3461,14200]},{"name":null,"type":0,"depth":27,"symbol":2,"clipDepth":0,"id":13,"matrix":[-6.103515625e-05,0.0868988037109375,-16.3506011962891,-0.01177978515625,3825,21901]},{"name":null,"type":0,"depth":29,"symbol":2,"clipDepth":0,"id":14,"matrix":[-6.103515625e-05,0.0868988037109375,-32.1318511962891,-0.0231475830078125,15369,21862]},{"name":null,"type":0,"depth":31,"symbol":2,"clipDepth":0,"id":15,"matrix":[-6.103515625e-05,0.0868988037109375,-10.470703125,-0.007537841796875,25730,21817]},{"name":null,"type":0,"depth":33,"symbol":2,"clipDepth":0,"id":16,"matrix":[-0.0868988037109375,-0.0004730224609375,0.015106201171875,-2.73342895507812,16060,21372]},{"name":null,"type":0,"depth":35,"symbol":2,"clipDepth":0,"id":17,"matrix":[-0.0868988037109375,-0.0004730224609375,0.015106201171875,-2.73342895507812,10060,21372]},{"name":null,"type":0,"depth":37,"symbol":2,"clipDepth":0,"id":18,"matrix":[-0.0868988037109375,-0.0004730224609375,0.0247650146484375,-4.48089599609375,7958,24725]},{"name":null,"type":0,"depth":39,"symbol":2,"clipDepth":0,"id":19,"matrix":[-6.103515625e-05,0.0868988037109375,-2.29354858398438,-0.00164794921875,25516,5539]},{"name":null,"type":0,"depth":41,"symbol":2,"clipDepth":0,"id":20,"matrix":[-6.103515625e-05,0.0868988037109375,-2.64634704589844,-0.0019073486328125,12894,6759]},{"name":null,"type":0,"depth":43,"symbol":2,"clipDepth":0,"id":21,"matrix":[-0.0868988037109375,-0.0004730224609375,0.0156402587890625,-2.83012390136719,12663,7316]},{"name":null,"type":0,"depth":45,"symbol":2,"clipDepth":0,"id":22,"matrix":[-0.0004730224609375,0.0868988037109375,-2.28802490234375,-0.0126495361328125,19304,6719]},{"name":null,"type":0,"depth":47,"symbol":2,"clipDepth":0,"id":23,"matrix":[-0.0868988037109375,-0.0004730224609375,0.0531005859375,-9.6077880859375,1592,13761]}]}]},{"type":5,"id":35,"frames":[{"objects":[{"name":null,"type":0,"depth":1,"symbol":23,"clipDepth":0,"id":0,"matrix":[1,0,0,1,0,0]}]},{},{"objects":[{"name":null,"type":0,"depth":1,"symbol":25,"clipDepth":0,"id":3,"matrix":[1,0,0,1,0,0]},{"type":2,"id":0}]},{},{"objects":[{"name":null,"type":0,"depth":1,"symbol":27,"clipDepth":0,"id":6,"matrix":[1,0,0,1,0,0]},{"type":2,"id":3}]},{},{"objects":[{"name":null,"type":0,"depth":1,"symbol":29,"clipDepth":0,"id":9,"matrix":[1,0,0,1,0,0]},{"type":2,"id":6}]},{},{"objects":[{"name":null,"type":0,"depth":1,"symbol":31,"clipDepth":0,"id":12,"matrix":[1,0,0,1,0,0]},{"type":2,"id":9}]},{},{"objects":[{"name":null,"type":0,"depth":1,"symbol":33,"clipDepth":0,"id":15,"matrix":[1,0,0,1,0,0]},{"type":2,"id":12}]},{},{"objects":[{"name":null,"type":0,"depth":1,"symbol":15,"clipDepth":0,"id":18,"matrix":[1,0,0,1,0,0]},{"type":2,"id":15}]},{},{"objects":[{"name":null,"type":0,"depth":1,"symbol":17,"clipDepth":0,"id":21,"matrix":[1,0,0,1,0,0]},{"type":2,"id":18}]},{},{"objects":[{"name":null,"type":0,"depth":1,"symbol":19,"clipDepth":0,"id":24,"matrix":[1,0,0,1,0,0]},{"type":2,"id":21}]},{},{"objects":[{"name":null,"type":0,"depth":1,"symbol":21,"clipDepth":0,"id":27,"matrix":[1,0,0,1,0,0]},{"type":2,"id":24}]},{}]},{"type":5,"className":"com.darkness.tdp4.maps.view.MapBGS","baseClassName":null,"id":7,"frames":[{"objects":[{"name":null,"type":0,"depth":1,"symbol":6,"clipDepth":0,"id":0,"matrix":[1,0,0,1,0,0]}]}]},{"type":5,"id":34,"frames":[{"objects":[{"name":null,"type":0,"depth":1,"symbol":15,"clipDepth":0,"id":0,"matrix":[1,0,0,1,0,0]}]},{},{"objects":[{"name":null,"type":0,"depth":1,"symbol":17,"clipDepth":0,"id":3,"matrix":[1,0,0,1,0,0]},{"type":2,"id":0}]},{},{"objects":[{"name":null,"type":0,"depth":1,"symbol":19,"clipDepth":0,"id":6,"matrix":[1,0,0,1,0,0]},{"type":2,"id":3}]},{},{"objects":[{"name":null,"type":0,"depth":1,"symbol":21,"clipDepth":0,"id":9,"matrix":[1,0,0,1,0,0]},{"type":2,"id":6}]},{},{"objects":[{"name":null,"type":0,"depth":1,"symbol":23,"clipDepth":0,"id":12,"matrix":[1,0,0,1,0,0]},{"type":2,"id":9}]},{},{"objects":[{"name":null,"type":0,"depth":1,"symbol":25,"clipDepth":0,"id":15,"matrix":[1,0,0,1,0,0]},{"type":2,"id":12}]},{},{"objects":[{"name":null,"type":0,"depth":1,"symbol":27,"clipDepth":0,"id":18,"matrix":[1,0,0,1,0,0]},{"type":2,"id":15}]},{},{"objects":[{"name":null,"type":0,"depth":1,"symbol":29,"clipDepth":0,"id":21,"matrix":[1,0,0,1,0,0]},{"type":2,"id":18}]},{},{"objects":[{"name":null,"type":0,"depth":1,"symbol":31,"clipDepth":0,"id":24,"matrix":[1,0,0,1,0,0]},{"type":2,"id":21}]},{},{"objects":[{"name":null,"type":0,"depth":1,"symbol":33,"clipDepth":0,"id":27,"matrix":[1,0,0,1,0,0]},{"type":2,"id":24}]},{}]},{"type":5,"id":6,"frames":[{"objects":[{"type":0,"depth":0,"symbol":5,"clipDepth":0,"id":0,"visible":true,"matrix":[1,0,0,1,0,0]}]}]},{"type":5,"id":33,"frames":[{"objects":[{"type":0,"depth":0,"symbol":32,"clipDepth":0,"id":0,"visible":true,"matrix":[1,0,0,1,0,0]}]}]},{"path":"symbols/5.jpg","type":0,"id":5},{"path":"symbols/32.jpg","type":0,"id":32,"alpha":"symbols/32a.png"},{"type":5,"className":"com.darkness.tdp4.maps.view.MapTop","baseClassName":null,"id":4,"frames":[{}]},{"type":5,"id":31,"frames":[{"objects":[{"type":0,"depth":0,"symbol":30,"clipDepth":0,"id":0,"visible":true,"matrix":[1,0,0,1,0,0]}]}]},{"type":5,"className":"com.darkness.tdp4.maps.view.MapBulletProofPolygonContainer","baseClassName":null,"id":3,"frames":[{"objects":[{"name":null,"type":0,"depth":1,"symbol":2,"clipDepth":0,"id":0,"matrix":[0.623321533203125,0,0,67.4795379638672,125,13496]},{"name":null,"type":0,"depth":3,"symbol":2,"clipDepth":0,"id":1,"matrix":[69.3466491699219,0,0,0.185592651367188,14016,26963]},{"name":null,"type":0,"depth":5,"symbol":2,"clipDepth":0,"id":2,"matrix":[69.4317321777344,0,0,0.380325317382812,14005,77]},{"name":null,"type":0,"depth":7,"symbol":2,"clipDepth":0,"id":3,"matrix":[0.495437622070312,0,0,67.1294555664062,27909,13498]},{"name":null,"type":0,"depth":9,"symbol":2,"clipDepth":0,"id":4,"matrix":[3.72747802734375,-0.0101318359375,0.0013885498046875,0.534652709960938,992,23162]},{"name":null,"type":0,"depth":11,"symbol":2,"clipDepth":0,"id":5,"matrix":[3.5584716796875,-0.329483032226562,0.03143310546875,0.366165161132812,6362,6426]},{"name":null,"type":0,"depth":13,"symbol":2,"clipDepth":0,"id":6,"matrix":[4.912109375,1.1749267578125,-0.137619018554688,0.603347778320312,1080,17480]},{"name":null,"type":0,"depth":15,"symbol":2,"clipDepth":0,"id":7,"matrix":[4.33258056640625,0.405166625976562,-0.04876708984375,0.535140991210938,2170,7557]},{"name":null,"type":0,"depth":17,"symbol":2,"clipDepth":0,"id":8,"matrix":[15.0012359619141,0.0664520263671875,-0.0128631591796875,3.01568603515625,13908,17695]},{"name":null,"type":0,"depth":19,"symbol":2,"clipDepth":0,"id":9,"matrix":[2.510009765625,0.29742431640625,-0.1260986328125,1.08163452148438,13544,12480]},{"name":null,"type":0,"depth":21,"symbol":2,"clipDepth":0,"id":10,"matrix":[13.1988677978516,-0.628494262695312,0.0234375,0.515060424804688,13085,9721]},{"name":null,"type":0,"depth":23,"symbol":2,"clipDepth":0,"id":11,"matrix":[-8.318115234375,0.0028076171875,-0.000213623046875,-0.657440185546875,26356,12530]},{"name":null,"type":0,"depth":25,"symbol":2,"clipDepth":0,"id":12,"matrix":[5.09403991699219,0.0954132080078125,-0.0080718994140625,0.500946044921875,1248,11636]},{"name":null,"type":0,"depth":27,"symbol":2,"clipDepth":0,"id":13,"matrix":[0.338272094726562,4.58134460449219,-1.05767822265625,0.08184814453125,2142,12576]},{"name":null,"type":0,"depth":29,"symbol":2,"clipDepth":0,"id":14,"matrix":[8.24609375,1.06352233886719,-0.0777740478515625,0.61669921875,5860,14101]},{"name":null,"type":0,"depth":31,"symbol":2,"clipDepth":0,"id":15,"matrix":[-7.12408447265625,4.05889892578125,-0.5162353515625,-0.949783325195312,3047,14849]},{"name":null,"type":0,"depth":33,"symbol":2,"clipDepth":0,"id":16,"matrix":[2.59014892578125,-0.453704833984375,0.4730224609375,2.73991394042969,4946,17690]},{"name":null,"type":0,"depth":35,"symbol":2,"clipDepth":0,"id":17,"matrix":[3.86209106445312,0.0171051025390625,-0.0098876953125,2.32658386230469,10063,21182]},{"name":null,"type":0,"depth":37,"symbol":2,"clipDepth":0,"id":18,"matrix":[0.618255615234375,0.002685546875,-0.0093536376953125,2.20236206054688,15884,21279]},{"name":null,"type":0,"depth":39,"symbol":2,"clipDepth":0,"id":19,"matrix":[0.7940673828125,0.0034332275390625,-0.0084991455078125,1.99932861328125,14481,21243]},{"name":null,"type":0,"depth":41,"symbol":2,"clipDepth":0,"id":20,"matrix":[0.248733520507812,-0.362319946289062,3.446044921875,2.47958374023438,16613,21198]},{"name":null,"type":0,"depth":43,"symbol":2,"clipDepth":0,"id":21,"matrix":[-1.37677001953125,0.231552124023438,-0.0490875244140625,-0.316986083984375,4021,6534]},{"name":null,"type":0,"depth":45,"symbol":2,"clipDepth":0,"id":22,"matrix":[69.0665283203125,-0.187210083007812,0.0013885498046875,0.534652709960938,13971,25303]},{"name":null,"type":0,"depth":47,"symbol":2,"clipDepth":0,"id":23,"matrix":[17.7598266601562,-0.0481414794921875,0.0013885498046875,0.534652709960938,3779,21786]},{"name":null,"type":0,"depth":49,"symbol":2,"clipDepth":0,"id":24,"matrix":[3.124267578125,4.58505249023438,-2.494873046875,1.78216552734375,1864,24329]},{"name":null,"type":0,"depth":51,"symbol":2,"clipDepth":0,"id":25,"matrix":[4.9051513671875,0.0230865478515625,-0.024688720703125,5.55438232421875,1152,6436]},{"name":null,"type":0,"depth":53,"symbol":2,"clipDepth":0,"id":26,"matrix":[15.5821228027344,0.312393188476562,-0.00982666015625,0.515411376953125,6234,9746]},{"name":null,"type":0,"depth":55,"symbol":2,"clipDepth":0,"id":27,"matrix":[4.46478271484375,-0.0189361572265625,0.0020599365234375,0.501007080078125,3230,13260]},{"name":null,"type":0,"depth":57,"symbol":2,"clipDepth":0,"id":28,"matrix":[1.05682373046875,2.62054443359375,-0.979888916015625,0.413101196289062,4142,13773]},{"name":null,"type":0,"depth":59,"symbol":2,"clipDepth":0,"id":29,"matrix":[4.8389892578125,1.73114013671875,-0.203704833984375,0.586273193359375,8413,14616]},{"name":null,"type":0,"depth":61,"symbol":2,"clipDepth":0,"id":30,"matrix":[7.55227661132812,0.566802978515625,-0.204010009765625,2.85270690917969,7835,17590]},{"name":null,"type":0,"depth":63,"symbol":2,"clipDepth":0,"id":31,"matrix":[4.04412841796875,-0.0863494873046875,0.080810546875,2.94000244140625,10161,17690]},{"name":null,"type":0,"depth":65,"symbol":2,"clipDepth":0,"id":32,"matrix":[15.1265563964844,0.1331787109375,-0.0222930908203125,2.9290771484375,19921,17716]},{"name":null,"type":0,"depth":67,"symbol":2,"clipDepth":0,"id":33,"matrix":[7.40646362304688,2.05068969726562,-0.16717529296875,0.643463134765625,19813,14651]},{"name":null,"type":0,"depth":69,"symbol":2,"clipDepth":0,"id":34,"matrix":[3.98699951171875,3.000244140625,-0.386489868164062,0.537322998046875,16203,13164]},{"name":null,"type":0,"depth":71,"symbol":2,"clipDepth":0,"id":35,"matrix":[3.45477294921875,1.3026123046875,-0.226516723632812,0.623886108398438,17663,13995]},{"name":null,"type":0,"depth":73,"symbol":2,"clipDepth":0,"id":36,"matrix":[2.5859375,0.0117034912109375,-0.001678466796875,0.386383056640625,18016,6363]},{"name":null,"type":0,"depth":75,"symbol":2,"clipDepth":0,"id":37,"matrix":[2.41679382324219,0.416641235351562,-0.107894897460938,0.655853271484375,20917,7225]},{"name":null,"type":0,"depth":77,"symbol":2,"clipDepth":0,"id":38,"matrix":[4.7230224609375,-0.10321044921875,0.0138397216796875,0.664566040039062,22305,7310]},{"name":null,"type":0,"depth":79,"symbol":2,"clipDepth":0,"id":39,"matrix":[4.33670043945312,-0.527496337890625,0.075347900390625,0.659683227539062,24063,7174]},{"name":null,"type":0,"depth":81,"symbol":2,"clipDepth":0,"id":40,"matrix":[2.43119812011719,0.28826904296875,-0.0691680908203125,0.5782470703125,26315,7445]},{"name":null,"type":0,"depth":83,"symbol":2,"clipDepth":0,"id":41,"matrix":[2.44877624511719,-0.053497314453125,0.0138397216796875,0.664566040039062,25561,7408]},{"name":null,"type":0,"depth":85,"symbol":2,"clipDepth":0,"id":42,"matrix":[2.22404479980469,1.04281616210938,-0.270034790039062,0.603561401367188,25287,7278]},{"name":null,"type":0,"depth":87,"symbol":2,"clipDepth":0,"id":43,"matrix":[2.44949340820312,0.0013275146484375,-0.0003662109375,0.664764404296875,19273,6702]},{"name":null,"type":0,"depth":89,"symbol":2,"clipDepth":0,"id":44,"matrix":[2.07183837890625,1.09751892089844,-0.298004150390625,0.589599609375,20102,6914]},{"name":null,"type":0,"depth":91,"symbol":2,"clipDepth":0,"id":45,"matrix":[1.47225952148438,0.911605834960938,-0.333023071289062,0.566757202148438,18748,6575]},{"name":null,"type":0,"depth":93,"symbol":2,"clipDepth":0,"id":46,"matrix":[6.7205810546875,-1.19464111328125,0.110748291015625,0.6531982421875,13981,6575]},{"name":null,"type":0,"depth":95,"symbol":2,"clipDepth":0,"id":47,"matrix":[2.03495788574219,0.00921630859375,-0.002899169921875,0.665435791015625,11840,6620]},{"name":null,"type":0,"depth":97,"symbol":2,"clipDepth":0,"id":48,"matrix":[1.6182861328125,0.66717529296875,-0.2384033203125,0.6151123046875,12530,6736]},{"name":null,"type":0,"depth":99,"symbol":2,"clipDepth":0,"id":49,"matrix":[-6.45376586914062,0.00726318359375,0.0002593994140625,-0.657150268554688,19068,9444]},{"name":null,"type":0,"depth":101,"symbol":2,"clipDepth":0,"id":50,"matrix":[3.18070983886719,-1.7147216796875,0.2960205078125,0.578460693359375,17460,10980]},{"name":null,"type":0,"depth":103,"symbol":2,"clipDepth":0,"id":51,"matrix":[-5.3411865234375,2.05538940429688,-0.225692749023438,-0.614761352539062,23631,12914]},{"name":null,"type":0,"depth":105,"symbol":2,"clipDepth":0,"id":52,"matrix":[33.0318298339844,-0.0894927978515625,0.0013885498046875,0.534652709960938,15382,21741]},{"name":null,"type":0,"depth":107,"symbol":2,"clipDepth":0,"id":53,"matrix":[11.2570495605469,-0.030487060546875,0.0013885498046875,0.534652709960938,25588,21669]},{"name":null,"type":0,"depth":109,"symbol":2,"clipDepth":0,"id":54,"matrix":[6.02145385742188,4.55650329589844,-0.356124877929688,0.494461059570312,25280,18760]},{"name":null,"type":0,"depth":111,"symbol":2,"clipDepth":0,"id":55,"matrix":[3.04013061523438,0.100448608398438,-0.0450286865234375,1.35693359375,3375,25007]},{"name":null,"type":0,"depth":113,"symbol":2,"clipDepth":0,"id":56,"matrix":[3.72164916992188,0.183074951171875,-0.0753173828125,1.52529907226562,5583,24974]},{"name":null,"type":0,"depth":115,"symbol":2,"clipDepth":0,"id":57,"matrix":[3.66787719726562,-0.21038818359375,0.0208587646484375,0.381027221679688,20822,24603]},{"name":null,"type":0,"depth":117,"symbol":2,"clipDepth":0,"id":58,"matrix":[3.720947265625,-0.213424682617188,0.0291900634765625,0.533737182617188,23591,22558]},{"name":null,"type":0,"depth":119,"symbol":2,"clipDepth":0,"id":59,"matrix":[-2.60092163085938,2.26080322265625,-0.336105346679688,-0.405517578125,22400,23013]},{"name":null,"type":0,"depth":121,"symbol":2,"clipDepth":0,"id":60,"matrix":[2.79827880859375,3.5447998046875,-0.4320068359375,0.3575439453125,8572,24457]},{"name":null,"type":0,"depth":123,"symbol":2,"clipDepth":0,"id":61,"matrix":[-2.61367797851562,3.68478393554688,-0.449127197265625,-0.333877563476562,7491,24460]},{"name":null,"type":0,"depth":125,"symbol":2,"clipDepth":0,"id":62,"matrix":[-8.318115234375,0.0028076171875,-0.0005340576171875,-1.65982055664062,26179,9710]},{"name":null,"type":0,"depth":127,"symbol":2,"clipDepth":0,"id":63,"matrix":[-3.74957275390625,0.511810302734375,-0.0620574951171875,-0.476409912109375,23786,9596]},{"name":null,"type":0,"depth":129,"symbol":2,"clipDepth":0,"id":64,"matrix":[-2.10513305664062,4.52426147460938,-0.962631225585938,-0.4395751953125,1314,16508]},{"name":null,"type":0,"depth":131,"symbol":2,"clipDepth":0,"id":65,"matrix":[-6.06356811523438,5.54588317871094,-0.436203002929688,-0.498291015625,3227,18479]},{"name":null,"type":0,"depth":133,"symbol":2,"clipDepth":0,"id":66,"matrix":[3.12213134765625,0.79425048828125,-0.6925048828125,2.79850769042969,23373,17875]},{"name":null,"type":0,"depth":135,"symbol":2,"clipDepth":0,"id":67,"matrix":[-2.60440063476562,-0.830169677734375,0.195953369140625,-0.625885009765625,20540,10080]},{"name":null,"type":0,"depth":137,"symbol":2,"clipDepth":0,"id":68,"matrix":[-1.63021850585938,-0.053985595703125,0.0182952880859375,-0.655029296875,18374,10668]},{"name":null,"type":0,"depth":139,"symbol":2,"clipDepth":0,"id":69,"matrix":[0.03729248046875,2.7596435546875,-5.76864624023438,0.0709991455078125,19203,10046]},{"name":null,"type":0,"depth":141,"symbol":2,"clipDepth":0,"id":70,"matrix":[2.60581970214844,-0.350082397460938,0.35968017578125,2.728271484375,5938,17530]},{"name":null,"type":0,"depth":143,"symbol":2,"clipDepth":0,"id":71,"matrix":[1.23361206054688,1.59912109375,-1.7135009765625,1.33978271484375,24014,18054]},{"name":null,"type":0,"depth":145,"symbol":2,"clipDepth":0,"id":72,"matrix":[1.9801025390625,-1.97947692871094,7.58309936523438,7.59210205078125,26932,14338]},{"name":null,"type":0,"depth":147,"symbol":2,"clipDepth":0,"id":73,"matrix":[3.1754150390625,-0.003509521484375,0.00244140625,0.817291259765625,15201,21528]},{"name":null,"type":0,"depth":149,"symbol":2,"clipDepth":0,"id":74,"matrix":[1.32652282714844,-0.550048828125,0.4185791015625,1.00407409667969,14220,12500]},{"name":null,"type":0,"depth":151,"symbol":2,"clipDepth":0,"id":75,"matrix":[3.720947265625,-0.213424682617188,0.0971221923828125,1.77598571777344,24233,22063]},{"name":null,"type":0,"depth":153,"symbol":2,"clipDepth":0,"id":76,"matrix":[1.1412353515625,-0.0537872314453125,0.05322265625,1.08538818359375,14632,12392]},{"name":null,"type":0,"depth":155,"symbol":2,"clipDepth":0,"id":77,"matrix":[1.69692993164062,0.732711791992188,-0.4283447265625,0.997177124023438,15062,12505]},{"name":null,"type":0,"depth":157,"symbol":2,"clipDepth":0,"id":78,"matrix":[-1.60845947265625,-0.069854736328125,0.01806640625,-0.320037841796875,4600,6496]},{"name":null,"type":0,"depth":159,"symbol":2,"clipDepth":0,"id":79,"matrix":[-1.89793395996094,0.042266845703125,-0.0029754638671875,-0.320465087890625,5284,6496]},{"name":null,"type":0,"depth":161,"symbol":2,"clipDepth":0,"id":80,"matrix":[0.51739501953125,2.7698974609375,-0.652191162109375,0.116439819335938,13852,7289]},{"name":null,"type":0,"depth":163,"symbol":2,"clipDepth":0,"id":81,"matrix":[0.5731201171875,3.06820678710938,-1.14657592773438,0.204696655273438,12640,7382]},{"name":null,"type":0,"depth":165,"symbol":2,"clipDepth":0,"id":82,"matrix":[3.35185241699219,0.0035247802734375,-0.0023651123046875,1.14530944824219,25626,5512]},{"name":null,"type":0,"depth":167,"symbol":2,"clipDepth":0,"id":83,"matrix":[3.95248413085938,0.00213623046875,-0.0003662109375,0.664764404296875,19373,5039]},{"name":null,"type":0,"depth":169,"symbol":2,"clipDepth":0,"id":84,"matrix":[2.15916442871094,-6.17945861816406,0.227020263671875,0.079315185546875,18927,3716]},{"name":null,"type":0,"depth":171,"symbol":2,"clipDepth":0,"id":85,"matrix":[-2.1650390625,-6.10739135742188,0.24468994140625,-0.08673095703125,19790,3745]},{"name":null,"type":0,"depth":173,"symbol":2,"clipDepth":0,"id":86,"matrix":[4.74603271484375,-0.840682983398438,0.06622314453125,0.390609741210938,12830,5039]},{"name":null,"type":0,"depth":175,"symbol":2,"clipDepth":0,"id":87,"matrix":[1.26123046875,-7.25273132324219,0.198348999023438,0.0361328125,12122,3739]},{"name":null,"type":0,"depth":177,"symbol":2,"clipDepth":0,"id":88,"matrix":[-3.60771179199219,-6.37908935546875,0.176010131835938,-0.097686767578125,13088,3545]},{"name":null,"type":0,"depth":179,"symbol":2,"clipDepth":0,"id":89,"matrix":[4.28668212890625,1.23429870605469,-0.138580322265625,0.481002807617188,5047,13845]},{"name":null,"type":0,"depth":181,"symbol":2,"clipDepth":0,"id":90,"matrix":[0.0385894775390625,4.50358581542969,-0.480224609375,0.00115966796875,25258,10561]},{"name":null,"type":0,"depth":183,"symbol":2,"clipDepth":0,"id":91,"matrix":[69.5848999023438,0.019927978515625,-0.0099639892578125,3.44499206542969,13865,26144]},{"name":null,"type":0,"depth":185,"symbol":2,"clipDepth":0,"id":92,"matrix":[3.30868530273438,0.000946044921875,-0.01434326171875,4.96017456054688,1021,24271]},{"name":null,"type":0,"depth":187,"symbol":2,"clipDepth":0,"id":93,"matrix":[2.3123779296875,0.01025390625,-0.0096282958984375,2.26583862304688,8024,24789]},{"name":null,"type":0,"depth":189,"symbol":2,"clipDepth":0,"id":94,"matrix":[4.1531982421875,0.0183868408203125,-0.0417022705078125,9.81182861328125,1056,13563]},{"name":null,"type":0,"depth":191,"symbol":2,"clipDepth":0,"id":95,"matrix":[5.236572265625,0.023193359375,-0.0098876953125,2.32658386230469,2766,13839]},{"name":null,"type":0,"depth":193,"symbol":2,"clipDepth":0,"id":96,"matrix":[3.86209106445312,0.0171051025390625,-0.00628662109375,1.47998046875,2340,14480]},{"name":null,"type":0,"depth":195,"symbol":2,"clipDepth":0,"id":97,"matrix":[2.31364440917969,0.0102386474609375,-0.016876220703125,3.97174072265625,687,16263]},{"name":null,"type":0,"depth":197,"symbol":2,"clipDepth":0,"id":98,"matrix":[1.81553649902344,0.0080413818359375,1.1815185546875,3.98837280273438,12785,4163]},{"name":null,"type":0,"depth":199,"symbol":2,"clipDepth":0,"id":99,"matrix":[1.04705810546875,0.004638671875,-0.0187225341796875,4.40707397460938,19412,4102]},{"name":null,"type":0,"depth":201,"symbol":2,"clipDepth":0,"id":100,"matrix":[12.9054107666016,0,0,79.6558227539062,-2419,13353]},{"name":null,"type":0,"depth":203,"symbol":2,"clipDepth":0,"id":101,"matrix":[89.3356323242188,0,0,6.88848876953125,12959,-1274]},{"name":null,"type":0,"depth":205,"symbol":2,"clipDepth":0,"id":102,"matrix":[9.388671875,0,0,81.1780700683594,29659,13537]},{"name":null,"type":0,"depth":207,"symbol":2,"clipDepth":0,"id":103,"matrix":[90.9423828125,0,0,11.4140625,13319,27610]},{"name":null,"type":0,"depth":209,"symbol":2,"clipDepth":0,"id":104,"matrix":[0.19854736328125,0.0479736328125,-0.0691680908203125,0.5782470703125,26280,5393]},{"name":null,"type":0,"depth":211,"symbol":2,"clipDepth":0,"id":105,"matrix":[0.19854736328125,0.0479736328125,-0.0691680908203125,0.5782470703125,20340,9420]},{"name":null,"type":0,"depth":213,"symbol":2,"clipDepth":0,"id":106,"matrix":[0.19854736328125,0.0479736328125,-0.0691680908203125,0.5782470703125,15300,6320]},{"name":null,"type":0,"depth":215,"symbol":2,"clipDepth":0,"id":107,"matrix":[0.19854736328125,0.0479736328125,-0.0691680908203125,0.5782470703125,7060,6400]},{"name":null,"type":0,"depth":217,"symbol":2,"clipDepth":0,"id":108,"matrix":[0.19854736328125,0.0479736328125,-0.0691680908203125,0.5782470703125,2260,11660]},{"name":null,"type":0,"depth":219,"symbol":2,"clipDepth":0,"id":109,"matrix":[0.19854736328125,0.0479736328125,-0.0691680908203125,0.5782470703125,7320,21780]},{"name":null,"type":0,"depth":221,"symbol":2,"clipDepth":0,"id":110,"matrix":[0.19854736328125,0.0479736328125,-0.0691680908203125,0.5782470703125,10820,20820]},{"name":null,"type":0,"depth":223,"symbol":2,"clipDepth":0,"id":111,"matrix":[0.19854736328125,0.0479736328125,-0.0691680908203125,0.5782470703125,14606,20940]},{"name":null,"type":0,"depth":225,"symbol":2,"clipDepth":0,"id":112,"matrix":[0.19854736328125,0.0479736328125,-0.0691680908203125,0.5782470703125,21980,21720]},{"name":null,"type":0,"depth":227,"symbol":2,"clipDepth":0,"id":113,"matrix":[0.19854736328125,0.0479736328125,-0.0403594970703125,0.33740234375,21545,24551]},{"name":null,"type":0,"depth":229,"symbol":2,"clipDepth":0,"id":114,"matrix":[0.19854736328125,0.0479736328125,-0.16070556640625,1.34367370605469,6320,24971]},{"name":null,"type":0,"depth":231,"symbol":2,"clipDepth":0,"id":115,"matrix":[0.19854736328125,0.0479736328125,-0.0691680908203125,0.5782470703125,3960,24860]},{"name":null,"type":0,"depth":233,"symbol":2,"clipDepth":0,"id":116,"matrix":[0.19854736328125,0.0479736328125,-0.0691680908203125,0.5782470703125,1720,23160]},{"name":null,"type":0,"depth":235,"symbol":2,"clipDepth":0,"id":117,"matrix":[-0.19854736328125,0.0479736328125,0.0691680908203125,0.5782470703125,24974,5380]},{"name":null,"type":0,"depth":237,"symbol":2,"clipDepth":0,"id":118,"matrix":[-0.19854736328125,0.0479736328125,0.053375244140625,0.44622802734375,17496,6352]},{"name":null,"type":0,"depth":239,"symbol":2,"clipDepth":0,"id":119,"matrix":[-0.19854736328125,0.0479736328125,0.0691680908203125,0.5782470703125,11440,6600]},{"name":null,"type":0,"depth":241,"symbol":2,"clipDepth":0,"id":120,"matrix":[-0.19854736328125,0.0479736328125,0.0648651123046875,0.5423583984375,3139,9672]},{"name":null,"type":0,"depth":243,"symbol":2,"clipDepth":0,"id":121,"matrix":[-0.19854736328125,0.0479736328125,0.0691680908203125,0.5782470703125,10440,9860]},{"name":null,"type":0,"depth":245,"symbol":2,"clipDepth":0,"id":122,"matrix":[-0.19854736328125,0.0479736328125,0.0691680908203125,0.5782470703125,17780,9420]},{"name":null,"type":0,"depth":247,"symbol":2,"clipDepth":0,"id":123,"matrix":[-0.19854736328125,0.0479736328125,0.0691680908203125,0.5782470703125,13080,12320]},{"name":null,"type":0,"depth":249,"symbol":2,"clipDepth":0,"id":124,"matrix":[-0.19854736328125,0.0479736328125,0.0691680908203125,0.5782470703125,8800,21760]},{"name":null,"type":0,"depth":251,"symbol":2,"clipDepth":0,"id":125,"matrix":[-0.19854736328125,0.0479736328125,0.0691680908203125,0.5782470703125,9320,20820]},{"name":null,"type":0,"depth":253,"symbol":2,"clipDepth":0,"id":126,"matrix":[-0.19854736328125,0.0479736328125,0.0691680908203125,0.5782470703125,14340,20940]},{"name":null,"type":0,"depth":255,"symbol":2,"clipDepth":0,"id":127,"matrix":[-0.494613647460938,0.2547607421875,0.203842163085938,0.545516967773438,15893,20892]},{"name":null,"type":0,"depth":257,"symbol":2,"clipDepth":0,"id":128,"matrix":[-0.19854736328125,0.0479736328125,0.0691680908203125,0.5782470703125,23340,21680]},{"name":null,"type":0,"depth":259,"symbol":2,"clipDepth":0,"id":129,"matrix":[-0.19854736328125,0.0479736328125,0.0691680908203125,0.5782470703125,4860,24740]},{"name":null,"type":0,"depth":261,"symbol":2,"clipDepth":0,"id":130,"matrix":[0.19854736328125,0.0479736328125,-0.0691680908203125,0.5782470703125,15700,9600]},{"name":null,"type":0,"depth":263,"symbol":2,"clipDepth":0,"id":131,"matrix":[0.19854736328125,0.0479736328125,-0.0691680908203125,0.5782470703125,2100,5430]},{"name":null,"type":0,"depth":265,"symbol":2,"clipDepth":0,"id":132,"matrix":[-4.928955078125,0.1097412109375,-0.0029754638671875,-0.320465087890625,1109,5406]},{"name":null,"type":0,"depth":267,"symbol":2,"clipDepth":0,"id":133,"matrix":[0.201950073242188,0.0305938720703125,-0.0188446044921875,0.582061767578125,2100,5480]}]}]},{"path":"symbols/30.jpg","type":0,"id":30,"alpha":"symbols/30a.png"},{"type":5,"id":2,"frames":[{"objects":[{"name":null,"type":0,"depth":1,"symbol":1,"clipDepth":0,"id":0,"matrix":[1,0,0,1,0,0]}]}]},{"type":5,"id":29,"frames":[{"objects":[{"type":0,"depth":0,"symbol":28,"clipDepth":0,"id":0,"visible":true,"matrix":[1,0,0,1,0,0]}]}]},{"type":4,"id":1,"commands":[3,5,1,10092288,0.498039215686275,8,200,-200,7,200,200,7,-200,200,7,-200,-200,7,200,-200,5]},{"path":"symbols/28.jpg","type":0,"id":28,"alpha":"symbols/28a.png"}],"frameRate":12}