{"name":null,"assets":[{"path":"symbols/37.jpg","type":"IMAGE"},{"path":"symbols/37a.png","type":"IMAGE"},{"path":"symbols/12.jpg","type":"IMAGE"},{"path":"symbols/12a.png","type":"IMAGE"},{"path":"symbols/14.jpg","type":"IMAGE"},{"path":"symbols/14a.png","type":"IMAGE"},{"path":"symbols/16.jpg","type":"IMAGE"},{"path":"symbols/16a.png","type":"IMAGE"},{"path":"symbols/18.jpg","type":"IMAGE"},{"path":"symbols/18a.png","type":"IMAGE"},{"path":"symbols/20.jpg","type":"IMAGE"},{"path":"symbols/20a.png","type":"IMAGE"},{"path":"symbols/22.jpg","type":"IMAGE"},{"path":"symbols/22a.png","type":"IMAGE"},{"path":"symbols/24.jpg","type":"IMAGE"},{"path":"symbols/24a.png","type":"IMAGE"},{"path":"symbols/26.jpg","type":"IMAGE"},{"path":"symbols/26a.png","type":"IMAGE"},{"path":"symbols/28.jpg","type":"IMAGE"},{"path":"symbols/28a.png","type":"IMAGE"},{"path":"symbols/30.jpg","type":"IMAGE"},{"path":"symbols/30a.png","type":"IMAGE"},{"path":"symbols/32.jpg","type":"IMAGE"},{"path":"symbols/32a.png","type":"IMAGE"},{"path":"symbols/5.jpg","type":"IMAGE"},{"path":"data.json","type":"TEXT"}],"rootPath":null,"version":3,"libraryArgs":["data.json","ORUdnioNSwHsdYaYsUt9"],"libraryType":"swf.exporters.animate.AnimateLibrary"}