{"root":0,"uuid":"H0CReIkUHN4uh3Ir1zxl","version":0.1,"symbols":[{"type":5,"frames":[{}]},{"type":4,"id":27,"commands":[3,5,1,16711680,0.250980392156863,8,692,-493,4,980,-206,980,200,4,980,606,692,892,4,405,1180,0,1180,4,-406,1180,-694,892,4,-980,606,-980,200,4,-980,-206,-694,-493,4,-406,-780,0,-780,4,405,-780,692,-493,5]},{"type":5,"id":26,"frames":[{"objects":[{"name":null,"type":0,"depth":1,"symbol":25,"clipDepth":0,"id":0,"matrix":[1,0,0,1,0,0]}]}]},{"type":4,"id":25,"commands":[3,5,1,255,0.250980392156863,8,692,-493,4,980,-206,980,200,4,980,606,692,892,4,405,1180,0,1180,4,-406,1180,-694,892,4,-980,606,-980,200,4,-980,-206,-694,-493,4,-406,-780,0,-780,4,405,-780,692,-493,5]},{"type":5,"id":24,"frames":[{"objects":[{"name":null,"type":0,"depth":1,"symbol":23,"clipDepth":0,"id":0,"matrix":[1,0,0,1,0,0]}]}]},{"type":4,"id":23,"commands":[3,5,1,13311,0,8,1860,640,7,0,640,7,0,0,7,1860,0,7,1860,640,5]},{"type":5,"id":22,"frames":[{"objects":[{"name":null,"type":0,"depth":1,"symbol":17,"clipDepth":0,"id":0,"matrix":[1,0,0,1,16800,4600]},{"name":null,"type":0,"depth":3,"symbol":17,"clipDepth":0,"id":1,"matrix":[1,0,0,1,27600,1200]},{"name":null,"type":0,"depth":5,"symbol":17,"clipDepth":0,"id":2,"matrix":[1,0,0,1,15100,8500]},{"name":null,"type":0,"depth":7,"symbol":17,"clipDepth":0,"id":3,"matrix":[1,0,0,1,20000,4600]},{"name":null,"type":0,"depth":9,"symbol":17,"clipDepth":0,"id":4,"matrix":[1,0,0,1,12400,4600]},{"name":null,"type":0,"depth":11,"symbol":17,"clipDepth":0,"id":5,"matrix":[1,0,0,1,9000,1200]},{"name":null,"type":0,"depth":13,"symbol":17,"clipDepth":0,"id":6,"matrix":[1,0,0,1,22100,8500]},{"name":null,"type":0,"depth":15,"symbol":17,"clipDepth":0,"id":7,"matrix":[1,0,0,1,24400,4600]},{"name":null,"type":0,"depth":17,"symbol":17,"clipDepth":0,"id":8,"matrix":[1,0,0,1,7000,4600]},{"name":null,"type":0,"depth":19,"symbol":17,"clipDepth":0,"id":9,"matrix":[1,0,0,1,30400,4600]}]}]},{"type":5,"id":21,"frames":[{"objects":[{"name":null,"type":0,"depth":1,"symbol":17,"clipDepth":0,"id":0,"matrix":[1,0,0,1,13514,14870]},{"name":null,"type":0,"depth":3,"symbol":17,"clipDepth":0,"id":1,"matrix":[1,0,0,1,19307,14871]},{"name":null,"type":0,"depth":5,"symbol":17,"clipDepth":0,"id":2,"matrix":[1,0,0,1,22111,14749]},{"name":null,"type":0,"depth":7,"symbol":17,"clipDepth":0,"id":3,"matrix":[1,0,0,1,10440,14932]},{"name":null,"type":0,"depth":9,"symbol":17,"clipDepth":0,"id":4,"matrix":[1,0,0,1,25818,12932]},{"name":null,"type":0,"depth":11,"symbol":17,"clipDepth":0,"id":5,"matrix":[1,0,0,1,9515,13091]},{"name":null,"type":0,"depth":13,"symbol":17,"clipDepth":0,"id":6,"matrix":[1,0,0,1,16470,14908]},{"name":null,"type":0,"depth":15,"symbol":17,"clipDepth":0,"id":7,"matrix":[1,0,0,1,26898,12892]},{"name":null,"type":0,"depth":17,"symbol":17,"clipDepth":0,"id":8,"matrix":[1,0,0,1,8600,13131]},{"name":null,"type":0,"depth":19,"symbol":17,"clipDepth":0,"id":9,"matrix":[1,0,0,1,33996,3570]}]}]},{"type":5,"id":20,"frames":[{"objects":[{"name":null,"type":0,"depth":1,"symbol":17,"clipDepth":0,"id":0,"matrix":[1,0,0,1,0,0]},{"name":null,"type":0,"depth":3,"symbol":17,"clipDepth":0,"id":1,"matrix":[1,0,0,1,0,0]},{"name":null,"type":0,"depth":5,"symbol":17,"clipDepth":0,"id":2,"matrix":[1,0,0,1,0,0]},{"name":null,"type":0,"depth":7,"symbol":17,"clipDepth":0,"id":3,"matrix":[1,0,0,1,0,0]},{"name":null,"type":0,"depth":9,"symbol":17,"clipDepth":0,"id":4,"matrix":[1,0,0,1,0,0]},{"name":null,"type":0,"depth":11,"symbol":17,"clipDepth":0,"id":5,"matrix":[1,0,0,1,0,0]},{"name":null,"type":0,"depth":13,"symbol":17,"clipDepth":0,"id":6,"matrix":[1,0,0,1,0,0]},{"name":null,"type":0,"depth":15,"symbol":17,"clipDepth":0,"id":7,"matrix":[1,0,0,1,0,0]},{"name":null,"type":0,"depth":17,"symbol":17,"clipDepth":0,"id":8,"matrix":[1,0,0,1,0,0]},{"name":null,"type":0,"depth":19,"symbol":17,"clipDepth":0,"id":9,"matrix":[1,0,0,1,0,0]},{"name":null,"type":0,"depth":21,"symbol":17,"clipDepth":0,"id":10,"matrix":[1,0,0,1,0,0]},{"name":null,"type":0,"depth":23,"symbol":17,"clipDepth":0,"id":11,"matrix":[1,0,0,1,0,0]},{"name":null,"type":0,"depth":25,"symbol":17,"clipDepth":0,"id":12,"matrix":[1,0,0,1,0,0]},{"name":null,"type":0,"depth":27,"symbol":17,"clipDepth":0,"id":13,"matrix":[1,0,0,1,0,0]},{"name":null,"type":0,"depth":29,"symbol":17,"clipDepth":0,"id":14,"matrix":[1,0,0,1,0,0]},{"name":null,"type":0,"depth":31,"symbol":17,"clipDepth":0,"id":15,"matrix":[1,0,0,1,0,0]},{"name":null,"type":0,"depth":33,"symbol":17,"clipDepth":0,"id":16,"matrix":[1,0,0,1,0,0]},{"name":null,"type":0,"depth":35,"symbol":17,"clipDepth":0,"id":17,"matrix":[1,0,0,1,0,0]},{"name":null,"type":0,"depth":37,"symbol":17,"clipDepth":0,"id":18,"matrix":[1,0,0,1,0,0]},{"name":null,"type":0,"depth":39,"symbol":17,"clipDepth":0,"id":19,"matrix":[1,0,0,1,0,0]},{"name":null,"type":0,"depth":41,"symbol":17,"clipDepth":0,"id":20,"matrix":[1,0,0,1,0,0]}]}]},{"type":5,"id":19,"frames":[{"objects":[{"name":null,"type":0,"depth":1,"symbol":17,"clipDepth":0,"id":0,"matrix":[0.77056884765625,0,0,0.77056884765625,7280,4440]},{"name":null,"type":0,"depth":3,"symbol":17,"clipDepth":0,"id":1,"matrix":[0.77056884765625,0,0,0.77056884765625,21520,8400]},{"name":null,"type":0,"depth":5,"symbol":17,"clipDepth":0,"id":2,"matrix":[0.77056884765625,0,0,0.77056884765625,29300,8400]},{"name":null,"type":0,"depth":7,"symbol":17,"clipDepth":0,"id":3,"matrix":[0.77056884765625,0,0,0.77056884765625,26600,4440]},{"name":null,"type":0,"depth":9,"symbol":17,"clipDepth":0,"id":4,"matrix":[0.77056884765625,0,0,0.77056884765625,24780,4440]},{"name":null,"type":0,"depth":11,"symbol":17,"clipDepth":0,"id":5,"matrix":[0.77056884765625,0,0,0.77056884765625,18000,11300]},{"name":null,"type":0,"depth":13,"symbol":17,"clipDepth":0,"id":6,"matrix":[0.77056884765625,0,0,0.77056884765625,8120,8400]},{"name":null,"type":0,"depth":15,"symbol":17,"clipDepth":0,"id":7,"matrix":[0.77056884765625,0,0,0.77056884765625,25640,8400]},{"name":null,"type":0,"depth":17,"symbol":17,"clipDepth":0,"id":8,"matrix":[0.77056884765625,0,0,0.77056884765625,9960,8400]},{"name":null,"type":0,"depth":19,"symbol":17,"clipDepth":0,"id":9,"matrix":[0.77056884765625,0,0,0.77056884765625,11140,4440]},{"name":null,"type":0,"depth":21,"symbol":17,"clipDepth":0,"id":10,"matrix":[0.77056884765625,0,0,0.77056884765625,27400,8400]},{"name":null,"type":0,"depth":23,"symbol":17,"clipDepth":0,"id":11,"matrix":[0.77056884765625,0,0,0.77056884765625,18000,8400]},{"name":null,"type":0,"depth":25,"symbol":17,"clipDepth":0,"id":12,"matrix":[0.77056884765625,0,0,0.77056884765625,14120,12000]},{"name":null,"type":0,"depth":27,"symbol":17,"clipDepth":0,"id":13,"matrix":[0.77056884765625,0,0,0.77056884765625,6320,8400]},{"name":null,"type":0,"depth":29,"symbol":17,"clipDepth":0,"id":14,"matrix":[0.77056884765625,0,0,0.77056884765625,15980,12000]},{"name":null,"type":0,"depth":31,"symbol":17,"clipDepth":0,"id":15,"matrix":[0.77056884765625,0,0,0.77056884765625,22700,4440]},{"name":null,"type":0,"depth":33,"symbol":17,"clipDepth":0,"id":16,"matrix":[0.77056884765625,0,0,0.77056884765625,9240,4440]},{"name":null,"type":0,"depth":35,"symbol":17,"clipDepth":0,"id":17,"matrix":[0.77056884765625,0,0,0.77056884765625,14020,8400]},{"name":null,"type":0,"depth":37,"symbol":17,"clipDepth":0,"id":18,"matrix":[0.77056884765625,0,0,0.77056884765625,19920,12000]},{"name":null,"type":0,"depth":39,"symbol":17,"clipDepth":0,"id":19,"matrix":[0.77056884765625,0,0,0.77056884765625,21360,12000]}]}]},{"type":5,"id":18,"frames":[{"objects":[{"name":null,"type":0,"depth":1,"symbol":17,"clipDepth":0,"id":0,"matrix":[1,0,0,1,37307,-419]},{"name":null,"type":0,"depth":3,"symbol":17,"clipDepth":0,"id":1,"matrix":[1,0,0,1,39517,-383]},{"name":null,"type":0,"depth":5,"symbol":17,"clipDepth":0,"id":2,"matrix":[1,0,0,1,32979,-4052]},{"name":null,"type":0,"depth":7,"symbol":17,"clipDepth":0,"id":3,"matrix":[1,0,0,1,38663,2362]},{"name":null,"type":0,"depth":9,"symbol":17,"clipDepth":0,"id":4,"matrix":[1,0,0,1,45431,-4103]}]}]},{"type":5,"id":17,"frames":[{}]},{"type":5,"id":16,"frames":[{"objects":[{"type":0,"depth":0,"symbol":15,"clipDepth":0,"id":0,"visible":true,"matrix":[1,0,0,1,0,0]}]}]},{"path":"symbols/15.jpg","type":0,"id":15,"alpha":"symbols/15a.png"},{"type":5,"className":"com.darkness.tdp4.maps.view.MapGFX","baseClassName":null,"id":14,"frames":[{"objects":[{"name":null,"type":0,"depth":1,"symbol":13,"clipDepth":0,"id":0,"matrix":[1,0,0,1,0,0]}]}]},{"type":5,"id":13,"frames":[{"objects":[{"type":0,"depth":0,"symbol":12,"clipDepth":0,"id":0,"visible":true,"matrix":[1,0,0,1,0,0]}]}]},{"path":"symbols/12.jpg","type":0,"id":12,"alpha":"symbols/12a.png"},{"type":5,"className":"com.darkness.tdp4.maps.view.MapPolygonContainer","baseClassName":null,"id":11,"frames":[{"objects":[{"name":null,"type":0,"depth":1,"symbol":2,"clipDepth":0,"id":0,"matrix":[110.182846069336,0,0,26.7411499023438,21307,18854]},{"name":null,"type":0,"depth":3,"symbol":2,"clipDepth":0,"id":1,"matrix":[-0.380340576171875,0.000946044921875,0.017059326171875,10.2434692382812,-710,22229]},{"name":null,"type":0,"depth":5,"symbol":2,"clipDepth":0,"id":2,"matrix":[15.8304901123047,-0.004486083984375,0.018280029296875,59.1880798339844,-3681,12455]},{"name":null,"type":0,"depth":7,"symbol":2,"clipDepth":0,"id":3,"matrix":[121.811492919922,-0.0363616943359375,0.002197265625,7.56948852539062,17529,-898]},{"name":null,"type":0,"depth":9,"symbol":2,"clipDepth":0,"id":4,"matrix":[15.9570465087891,-0.0047607421875,0.015960693359375,54.8401031494141,40114,8496]},{"name":null,"type":0,"depth":11,"symbol":2,"clipDepth":0,"id":5,"matrix":[18.0149536132812,0,0,1.32089233398438,9660,6175]},{"name":null,"type":0,"depth":13,"symbol":2,"clipDepth":0,"id":6,"matrix":[18.3107147216797,0,0,1.32089233398438,25452,6180]},{"name":null,"type":0,"depth":15,"symbol":2,"clipDepth":0,"id":7,"matrix":[44.3545074462891,0,0,1.15988159179688,17823,9599]},{"name":null,"type":0,"depth":17,"symbol":2,"clipDepth":0,"id":8,"matrix":[5.48968505859375,0,0,1.32089233398438,6050,9653]},{"name":null,"type":0,"depth":19,"symbol":2,"clipDepth":0,"id":9,"matrix":[14.012451171875,0,0,14.2702331542969,2163,10654]},{"name":null,"type":0,"depth":21,"symbol":2,"clipDepth":0,"id":10,"matrix":[10.0889892578125,0,0,18.2553405761719,1374,4196]},{"name":null,"type":0,"depth":23,"symbol":2,"clipDepth":0,"id":11,"matrix":[-14.7063903808594,0,0,14.2702331542969,33541,10673]},{"name":null,"type":0,"depth":25,"symbol":2,"clipDepth":0,"id":12,"matrix":[-11.3890533447266,0,0,18.3525390625,34426,4157]},{"name":null,"type":0,"depth":27,"symbol":2,"clipDepth":0,"id":13,"matrix":[6.33724975585938,0,0,1.32089233398438,29882,9677]},{"name":null,"type":0,"depth":29,"symbol":2,"clipDepth":0,"id":14,"matrix":[4.69500732421875,4.50736999511719,-0.914764404296875,0.952865600585938,7903,10459]},{"name":null,"type":0,"depth":31,"symbol":2,"clipDepth":0,"id":15,"matrix":[4.48013305664062,3.1724853515625,-0.763336181640625,1.07797241210938,9744,12014]},{"name":null,"type":0,"depth":33,"symbol":2,"clipDepth":0,"id":16,"matrix":[4.05990600585938,3.695068359375,-0.889083862304688,0.97686767578125,11374,13322]},{"name":null,"type":0,"depth":35,"symbol":2,"clipDepth":0,"id":17,"matrix":[-4.73094177246094,4.12504577636719,0.868545532226562,0.995376586914062,27863,10404]},{"name":null,"type":0,"depth":37,"symbol":2,"clipDepth":0,"id":18,"matrix":[-4.59274291992188,3.00994873046875,0.724609375,1.10464477539062,26030,11809]},{"name":null,"type":0,"depth":39,"symbol":2,"clipDepth":0,"id":19,"matrix":[-3.9669189453125,3.796630859375,0.91387939453125,0.95404052734375,24378,13123]},{"name":null,"type":0,"depth":41,"symbol":2,"clipDepth":0,"id":20,"matrix":[-5.42886352539062,0,0,9.65129089355469,30053,11738]},{"name":null,"type":0,"depth":43,"symbol":2,"clipDepth":0,"id":21,"matrix":[-5.56694030761719,0,0,4.64511108398438,28024,12635]},{"name":null,"type":0,"depth":45,"symbol":2,"clipDepth":0,"id":22,"matrix":[-2.6414794921875,-3.52989196777344,-11.7907409667969,8.82328796386719,27191,12306]},{"name":null,"type":0,"depth":47,"symbol":2,"clipDepth":0,"id":23,"matrix":[-1.9261474609375,2.1512451171875,11.5155944824219,9.8863525390625,8579,11994]},{"name":null,"type":0,"depth":49,"symbol":2,"clipDepth":0,"id":24,"matrix":[-0.185150146484375,9.61602783203125,4.45500183105469,-0.0070343017578125,5567,11768]},{"name":null,"type":0,"depth":51,"symbol":2,"clipDepth":0,"id":25,"matrix":[-0.138168334960938,7.17578125,4.45500183105469,-0.0070343017578125,6918,12228]},{"name":null,"type":0,"depth":53,"symbol":2,"clipDepth":0,"id":26,"matrix":[-0.107345581054688,5.5751953125,4.85295104980469,-0.007659912109375,8475,12906]},{"name":null,"type":0,"depth":55,"symbol":2,"clipDepth":0,"id":27,"matrix":[1.43316650390625,0,0,2.37249755859375,13108,5860]},{"name":null,"type":0,"depth":57,"symbol":2,"clipDepth":0,"id":28,"matrix":[2.43016052246094,0,0,33.5228881835938,36728,6906]},{"name":null,"type":0,"depth":59,"symbol":2,"clipDepth":0,"id":29,"matrix":[0.156600952148438,-0.181396484375,0.175399780273438,0.0930328369140625,13393,5418]},{"name":null,"type":0,"depth":61,"symbol":2,"clipDepth":0,"id":30,"matrix":[0.251190185546875,0.300750732421875,-0.182403564453125,0.093597412109375,12875,5434]},{"name":null,"type":0,"depth":63,"symbol":2,"clipDepth":0,"id":31,"matrix":[1.43341064453125,0,0,2.37249755859375,21940,5861]},{"name":null,"type":0,"depth":65,"symbol":2,"clipDepth":0,"id":32,"matrix":[0.156600952148438,-0.181396484375,0.175399780273438,0.0930328369140625,22181,5407]},{"name":null,"type":0,"depth":67,"symbol":2,"clipDepth":0,"id":33,"matrix":[0.251190185546875,0.300750732421875,-0.182403564453125,0.093597412109375,21699,5439]},{"name":null,"type":0,"depth":69,"symbol":2,"clipDepth":0,"id":34,"matrix":[2.94711303710938,0,0,3.40243530273438,18089,12940]},{"name":null,"type":0,"depth":71,"symbol":2,"clipDepth":0,"id":35,"matrix":[-0.305206298828125,0.26611328125,0.868545532226562,0.995376586914062,30734,8038]},{"name":null,"type":0,"depth":73,"symbol":2,"clipDepth":0,"id":36,"matrix":[0.305206298828125,0.26611328125,-0.8685302734375,0.995376586914062,28984,6138]},{"name":null,"type":0,"depth":75,"symbol":2,"clipDepth":0,"id":37,"matrix":[0.305206298828125,0.26611328125,-0.8685302734375,0.995376586914062,26554,9587]},{"name":null,"type":0,"depth":77,"symbol":2,"clipDepth":0,"id":38,"matrix":[-0.305206298828125,0.26611328125,0.868545532226562,0.995376586914062,6188,6134]},{"name":null,"type":0,"depth":79,"symbol":2,"clipDepth":0,"id":39,"matrix":[-0.305206298828125,0.26611328125,0.868545532226562,0.995376586914062,9080,9585]},{"name":null,"type":0,"depth":81,"symbol":2,"clipDepth":0,"id":40,"matrix":[0.305206298828125,0.26611328125,-0.8685302734375,0.995376586914062,4835,8016]},{"name":null,"type":0,"depth":83,"symbol":2,"clipDepth":0,"id":41,"matrix":[0.7774658203125,-0.016632080078125,0.085052490234375,3.97508239746094,4920,8668]},{"name":null,"type":0,"depth":85,"symbol":2,"clipDepth":0,"id":42,"matrix":[0.777099609375,0.0294952392578125,-0.145858764648438,3.84063720703125,30636,8673]},{"name":null,"type":0,"depth":87,"symbol":2,"clipDepth":0,"id":43,"matrix":[0.777069091796875,-0.029510498046875,0.150909423828125,3.97311401367188,18616,13085]},{"name":null,"type":0,"depth":89,"symbol":2,"clipDepth":0,"id":44,"matrix":[-0.7774658203125,-0.016632080078125,-0.085052490234375,3.97508239746094,17575,13075]},{"name":null,"type":0,"depth":91,"symbol":2,"clipDepth":0,"id":45,"matrix":[0.637847900390625,1.50657653808594,-0.232208251953125,0.0916595458984375,17591,12558]},{"name":null,"type":0,"depth":93,"symbol":2,"clipDepth":0,"id":46,"matrix":[-0.769134521484375,1.25506591796875,0.218170166015625,0.126251220703125,18556,12514]},{"name":null,"type":0,"depth":95,"symbol":2,"clipDepth":0,"id":47,"matrix":[2.46781921386719,0,0,2.84909057617188,11496,8933]},{"name":null,"type":0,"depth":97,"symbol":2,"clipDepth":0,"id":48,"matrix":[0.650680541992188,-0.0247039794921875,0.1263427734375,3.32696533203125,11938,9054]},{"name":null,"type":0,"depth":99,"symbol":2,"clipDepth":0,"id":49,"matrix":[-0.6510009765625,-0.013916015625,-0.0712127685546875,3.32861328125,11066,9046]},{"name":null,"type":0,"depth":101,"symbol":2,"clipDepth":0,"id":50,"matrix":[0.534103393554688,1.26153564453125,-0.194442749023438,0.076751708984375,11079,8613]},{"name":null,"type":0,"depth":103,"symbol":2,"clipDepth":0,"id":51,"matrix":[-0.64404296875,1.05094909667969,0.18267822265625,0.105712890625,11887,8576]},{"name":null,"type":0,"depth":105,"symbol":2,"clipDepth":0,"id":52,"matrix":[2.46781921386719,0,0,2.84909057617188,24152,8882]},{"name":null,"type":0,"depth":107,"symbol":2,"clipDepth":0,"id":53,"matrix":[0.650680541992188,-0.0247039794921875,0.1263427734375,3.32696533203125,24594,9003]},{"name":null,"type":0,"depth":109,"symbol":2,"clipDepth":0,"id":54,"matrix":[-0.6510009765625,-0.013916015625,-0.0712127685546875,3.32861328125,23722,8995]},{"name":null,"type":0,"depth":111,"symbol":2,"clipDepth":0,"id":55,"matrix":[0.534103393554688,1.26153564453125,-0.194442749023438,0.076751708984375,23735,8562]},{"name":null,"type":0,"depth":113,"symbol":2,"clipDepth":0,"id":56,"matrix":[-0.64404296875,1.05094909667969,0.18267822265625,0.105712890625,24543,8525]}]}]},{"type":5,"className":"com.darkness.tdp4.maps.view.MapGFXBack","baseClassName":null,"id":10,"frames":[{"objects":[{"name":null,"type":0,"depth":1,"symbol":9,"clipDepth":0,"id":0,"matrix":[1,0,0,1,0,0]}]}]},{"type":4,"id":9,"commands":[3,5,1,255,0.698039215686274,8,36008,-2100,7,36008,-2080,7,37168,-2080,7,37168,-1020,7,37169,-1020,7,37168,16504,7,35089,16504,7,35089,16484,7,839,16484,7,839,16544,7,-1240,16544,7,-1241,-740,7,-1242,-740,7,-1242,-2040,7,-121,-2040,7,-121,-2100,7,36008,-2100,8,21992,5395,7,21992,5397,7,22057,5397,7,22057,5399,7,22118,5399,7,22118,5947,7,29114,5947,7,29114,6404,7,21790,6404,7,21790,6343,7,21640,6343,7,21640,5395,7,21992,5395,8,6057,5933,7,12773,5933,7,12773,5932,7,12925,5932,7,12925,5896,7,12933,5896,7,12933,5386,7,13013,5386,7,13013,5385,7,13106,5385,7,13106,5386,7,13400,5386,7,13400,5388,7,13484,5388,7,13484,6336,7,13300,6336,7,13300,6334,7,13263,6334,7,13263,6424,7,6057,6424,7,6057,5933,8,23627,9446,7,23627,8427,7,24599,8427,7,24599,9446,7,26694,9446,7,26694,9974,7,8952,9974,7,8952,9446,7,11015,9446,7,11015,8474,7,11987,8474,7,11987,9446,7,13023,9446,7,13023,9459,7,14434,9459,7,14434,9446,7,20389,9446,7,20389,9459,7,22394,9459,7,22394,9446,7,23627,9446,8,9435,13489,7,9435,13506,7,9455,13506,7,9435,13489,8,28748,10040,7,28822,9984,7,28812,9984,7,28748,10040,8,24411,13506,7,24405,13498,7,24396,13506,7,24411,13506,8,18659,12395,7,18659,13506,7,23631,13506,7,24891,12573,7,25225,12282,7,26833,11003,7,26835,11006,7,28640,9432,7,28661,9456,7,30600,9456,7,30600,7819,7,32148,7819,7,32148,612,7,3393,620,7,3392,7800,7,4965,7800,7,4965,9416,7,7152,9416,7,7152,9432,7,7163,9420,7,9041,11222,7,9040,11224,7,10504,12451,7,10572,12532,7,11938,13506,7,17529,13506,7,17529,12395,7,18659,12395,5]},{"type":5,"className":"com.darkness.tdp4.maps.view.MapTestPolygonContainer","baseClassName":null,"id":8,"frames":[{"objects":[{"name":null,"type":0,"depth":1,"symbol":2,"clipDepth":0,"id":0,"matrix":[0.6962890625,0,0,0.80474853515625,1929,12562]}]}]},{"type":5,"className":"com.darkness.tdp4.maps.view.MapBGS","baseClassName":null,"id":7,"frames":[{"objects":[{"name":null,"type":0,"depth":1,"symbol":6,"clipDepth":0,"id":0,"matrix":[1,0,0,1,0,0]}]}]},{"type":5,"id":6,"frames":[{"objects":[{"type":0,"depth":0,"symbol":5,"clipDepth":0,"id":0,"visible":true,"matrix":[1,0,0,1,0,0]}]}]},{"path":"symbols/5.jpg","type":0,"id":5,"alpha":"symbols/5a.png"},{"type":5,"className":"com.darkness.tdp4.maps.view.MapTop","baseClassName":null,"id":4,"frames":[{}]},{"type":5,"className":"com.darkness.tdp4.maps.view.GameMap","baseClassName":null,"id":31,"frames":[{"objects":[{"name":null,"type":0,"depth":1,"symbol":30,"clipDepth":0,"id":0,"matrix":[1,0,0,1,-5500,-4000]},{"name":null,"type":0,"depth":150,"symbol":14,"clipDepth":0,"id":1,"matrix":[1,0,0,1,-5500,-4000]},{"name":null,"type":0,"depth":152,"symbol":11,"clipDepth":0,"id":2,"matrix":[1,0,0,1,-5500,-4000]},{"name":null,"type":0,"depth":266,"symbol":10,"clipDepth":0,"id":3,"visible":false,"matrix":[1,0,0,1,-5500,-4000]},{"name":null,"type":0,"depth":268,"symbol":8,"clipDepth":0,"id":4,"matrix":[1,0,0,1,-5500,-4000]}]}]},{"type":5,"className":"com.darkness.tdp4.maps.view.MapBulletProofPolygonContainer","baseClassName":null,"id":3,"frames":[{"objects":[{"name":null,"type":0,"depth":1,"symbol":2,"clipDepth":0,"id":0,"matrix":[110.182846069336,0,0,26.7411499023438,21307,18854]},{"name":null,"type":0,"depth":3,"symbol":2,"clipDepth":0,"id":1,"matrix":[-0.380340576171875,0.000946044921875,0.017059326171875,10.2434692382812,-710,22229]},{"name":null,"type":0,"depth":5,"symbol":2,"clipDepth":0,"id":2,"matrix":[15.8304901123047,-0.004486083984375,0.018280029296875,59.1880798339844,-3681,12455]},{"name":null,"type":0,"depth":7,"symbol":2,"clipDepth":0,"id":3,"matrix":[121.811492919922,-0.0363616943359375,0.002197265625,7.56948852539062,17529,-898]},{"name":null,"type":0,"depth":9,"symbol":2,"clipDepth":0,"id":4,"matrix":[15.9570465087891,-0.0047607421875,0.015960693359375,54.8401031494141,40114,8496]},{"name":null,"type":0,"depth":11,"symbol":2,"clipDepth":0,"id":5,"matrix":[18.0149536132812,0,0,1.32089233398438,9660,6175]},{"name":null,"type":0,"depth":13,"symbol":2,"clipDepth":0,"id":6,"matrix":[18.3107147216797,0,0,1.32089233398438,25452,6180]},{"name":null,"type":0,"depth":15,"symbol":2,"clipDepth":0,"id":7,"matrix":[44.3545074462891,0,0,1.15988159179688,17823,9599]},{"name":null,"type":0,"depth":17,"symbol":2,"clipDepth":0,"id":8,"matrix":[5.48968505859375,0,0,1.32089233398438,6050,9653]},{"name":null,"type":0,"depth":19,"symbol":2,"clipDepth":0,"id":9,"matrix":[14.012451171875,0,0,14.2702331542969,2163,10654]},{"name":null,"type":0,"depth":21,"symbol":2,"clipDepth":0,"id":10,"matrix":[10.0889892578125,0,0,18.2553405761719,1374,4196]},{"name":null,"type":0,"depth":23,"symbol":2,"clipDepth":0,"id":11,"matrix":[-14.7063903808594,0,0,14.2702331542969,33541,10673]},{"name":null,"type":0,"depth":25,"symbol":2,"clipDepth":0,"id":12,"matrix":[-11.3890533447266,0,0,18.3525390625,34426,4157]},{"name":null,"type":0,"depth":27,"symbol":2,"clipDepth":0,"id":13,"matrix":[6.33724975585938,0,0,1.32089233398438,29882,9677]},{"name":null,"type":0,"depth":29,"symbol":2,"clipDepth":0,"id":14,"matrix":[4.69500732421875,4.50736999511719,-0.914764404296875,0.952865600585938,7903,10459]},{"name":null,"type":0,"depth":31,"symbol":2,"clipDepth":0,"id":15,"matrix":[4.48013305664062,3.1724853515625,-0.763336181640625,1.07797241210938,9744,12014]},{"name":null,"type":0,"depth":33,"symbol":2,"clipDepth":0,"id":16,"matrix":[4.05990600585938,3.695068359375,-0.889083862304688,0.97686767578125,11374,13322]},{"name":null,"type":0,"depth":35,"symbol":2,"clipDepth":0,"id":17,"matrix":[-4.73094177246094,4.12504577636719,0.868545532226562,0.995376586914062,27863,10404]},{"name":null,"type":0,"depth":37,"symbol":2,"clipDepth":0,"id":18,"matrix":[-4.59274291992188,3.00994873046875,0.724609375,1.10464477539062,26030,11809]},{"name":null,"type":0,"depth":39,"symbol":2,"clipDepth":0,"id":19,"matrix":[-3.9669189453125,3.796630859375,0.91387939453125,0.95404052734375,24378,13123]},{"name":null,"type":0,"depth":41,"symbol":2,"clipDepth":0,"id":20,"matrix":[-5.42886352539062,0,0,9.65129089355469,30053,11738]},{"name":null,"type":0,"depth":43,"symbol":2,"clipDepth":0,"id":21,"matrix":[-5.56694030761719,0,0,4.64511108398438,28024,12635]},{"name":null,"type":0,"depth":45,"symbol":2,"clipDepth":0,"id":22,"matrix":[-2.6414794921875,-3.52989196777344,-11.7907409667969,8.82328796386719,27191,12306]},{"name":null,"type":0,"depth":47,"symbol":2,"clipDepth":0,"id":23,"matrix":[-1.9261474609375,2.1512451171875,11.5155944824219,9.8863525390625,8579,11994]},{"name":null,"type":0,"depth":49,"symbol":2,"clipDepth":0,"id":24,"matrix":[-0.185150146484375,9.61602783203125,4.45500183105469,-0.0070343017578125,5567,11768]},{"name":null,"type":0,"depth":51,"symbol":2,"clipDepth":0,"id":25,"matrix":[-0.138168334960938,7.17578125,4.45500183105469,-0.0070343017578125,6918,12228]},{"name":null,"type":0,"depth":53,"symbol":2,"clipDepth":0,"id":26,"matrix":[-0.107345581054688,5.5751953125,4.85295104980469,-0.007659912109375,8475,12906]},{"name":null,"type":0,"depth":55,"symbol":2,"clipDepth":0,"id":27,"matrix":[1.43316650390625,0,0,2.37249755859375,13108,5860]},{"name":null,"type":0,"depth":57,"symbol":2,"clipDepth":0,"id":28,"matrix":[2.43016052246094,0,0,33.5228881835938,36728,6906]},{"name":null,"type":0,"depth":59,"symbol":2,"clipDepth":0,"id":29,"matrix":[0.156600952148438,-0.181396484375,0.175399780273438,0.0930328369140625,13393,5418]},{"name":null,"type":0,"depth":61,"symbol":2,"clipDepth":0,"id":30,"matrix":[0.251190185546875,0.300750732421875,-0.182403564453125,0.093597412109375,12875,5434]},{"name":null,"type":0,"depth":63,"symbol":2,"clipDepth":0,"id":31,"matrix":[1.43341064453125,0,0,2.37249755859375,21940,5861]},{"name":null,"type":0,"depth":65,"symbol":2,"clipDepth":0,"id":32,"matrix":[0.156600952148438,-0.181396484375,0.175399780273438,0.0930328369140625,22181,5407]},{"name":null,"type":0,"depth":67,"symbol":2,"clipDepth":0,"id":33,"matrix":[0.251190185546875,0.300750732421875,-0.182403564453125,0.093597412109375,21699,5439]},{"name":null,"type":0,"depth":69,"symbol":2,"clipDepth":0,"id":34,"matrix":[2.94711303710938,0,0,3.40243530273438,18089,12940]},{"name":null,"type":0,"depth":71,"symbol":2,"clipDepth":0,"id":35,"matrix":[-0.305206298828125,0.26611328125,0.868545532226562,0.995376586914062,30734,8038]},{"name":null,"type":0,"depth":73,"symbol":2,"clipDepth":0,"id":36,"matrix":[0.305206298828125,0.26611328125,-0.8685302734375,0.995376586914062,28984,6138]},{"name":null,"type":0,"depth":75,"symbol":2,"clipDepth":0,"id":37,"matrix":[0.305206298828125,0.26611328125,-0.8685302734375,0.995376586914062,26554,9587]},{"name":null,"type":0,"depth":77,"symbol":2,"clipDepth":0,"id":38,"matrix":[-0.305206298828125,0.26611328125,0.868545532226562,0.995376586914062,6188,6134]},{"name":null,"type":0,"depth":79,"symbol":2,"clipDepth":0,"id":39,"matrix":[-0.305206298828125,0.26611328125,0.868545532226562,0.995376586914062,9080,9585]},{"name":null,"type":0,"depth":81,"symbol":2,"clipDepth":0,"id":40,"matrix":[0.305206298828125,0.26611328125,-0.8685302734375,0.995376586914062,4835,8016]},{"name":null,"type":0,"depth":83,"symbol":2,"clipDepth":0,"id":41,"matrix":[0.7774658203125,-0.016632080078125,0.085052490234375,3.97508239746094,4920,8668]},{"name":null,"type":0,"depth":85,"symbol":2,"clipDepth":0,"id":42,"matrix":[0.777099609375,0.0294952392578125,-0.145858764648438,3.84063720703125,30636,8673]},{"name":null,"type":0,"depth":87,"symbol":2,"clipDepth":0,"id":43,"matrix":[0.777069091796875,-0.029510498046875,0.150909423828125,3.97311401367188,18616,13085]},{"name":null,"type":0,"depth":89,"symbol":2,"clipDepth":0,"id":44,"matrix":[-0.7774658203125,-0.016632080078125,-0.085052490234375,3.97508239746094,17575,13075]},{"name":null,"type":0,"depth":91,"symbol":2,"clipDepth":0,"id":45,"matrix":[0.637847900390625,1.50657653808594,-0.232208251953125,0.0916595458984375,17591,12558]},{"name":null,"type":0,"depth":93,"symbol":2,"clipDepth":0,"id":46,"matrix":[-0.769134521484375,1.25506591796875,0.218170166015625,0.126251220703125,18556,12514]},{"name":null,"type":0,"depth":95,"symbol":2,"clipDepth":0,"id":47,"matrix":[2.46781921386719,0,0,2.84909057617188,11496,8933]},{"name":null,"type":0,"depth":97,"symbol":2,"clipDepth":0,"id":48,"matrix":[0.650680541992188,-0.0247039794921875,0.1263427734375,3.32696533203125,11938,9054]},{"name":null,"type":0,"depth":99,"symbol":2,"clipDepth":0,"id":49,"matrix":[-0.6510009765625,-0.013916015625,-0.0712127685546875,3.32861328125,11066,9046]},{"name":null,"type":0,"depth":101,"symbol":2,"clipDepth":0,"id":50,"matrix":[0.534103393554688,1.26153564453125,-0.194442749023438,0.076751708984375,11079,8613]},{"name":null,"type":0,"depth":103,"symbol":2,"clipDepth":0,"id":51,"matrix":[-0.64404296875,1.05094909667969,0.18267822265625,0.105712890625,11887,8576]},{"name":null,"type":0,"depth":105,"symbol":2,"clipDepth":0,"id":52,"matrix":[2.46781921386719,0,0,2.84909057617188,24152,8882]},{"name":null,"type":0,"depth":107,"symbol":2,"clipDepth":0,"id":53,"matrix":[0.650680541992188,-0.0247039794921875,0.1263427734375,3.32696533203125,24594,9003]},{"name":null,"type":0,"depth":109,"symbol":2,"clipDepth":0,"id":54,"matrix":[-0.6510009765625,-0.013916015625,-0.0712127685546875,3.32861328125,23722,8995]},{"name":null,"type":0,"depth":111,"symbol":2,"clipDepth":0,"id":55,"matrix":[0.534103393554688,1.26153564453125,-0.194442749023438,0.076751708984375,23735,8562]},{"name":null,"type":0,"depth":113,"symbol":2,"clipDepth":0,"id":56,"matrix":[-0.64404296875,1.05094909667969,0.18267822265625,0.105712890625,24543,8525]}]}]},{"type":5,"className":"com.darkness.tdp4.maps.view.Map","baseClassName":null,"id":30,"frames":[{"objects":[{"name":null,"type":0,"depth":1,"symbol":16,"clipDepth":0,"id":0,"matrix":[1,0,0,1,0,0]},{"name":"turretRespawn","type":0,"depth":2,"symbol":18,"clipDepth":0,"id":1,"matrix":[1,0,0,1,-20512,9195]},{"name":"respawnCon","type":0,"depth":12,"symbol":19,"clipDepth":0,"id":2,"matrix":[1,0,0,1,0,0]},{"name":"singlePlayerRespawnCon","type":0,"depth":52,"symbol":20,"clipDepth":0,"id":3,"matrix":[1,0,0,1,0,0]},{"name":"controllPointsCon","type":0,"depth":94,"symbol":21,"clipDepth":0,"id":4,"matrix":[1,0,0,1,0,0]},{"name":"itemCon","type":0,"depth":114,"symbol":22,"clipDepth":0,"id":5,"matrix":[1,0,0,1,0,0]},{"name":"waypoint_0","type":0,"depth":134,"symbol":24,"clipDepth":0,"id":6,"matrix":[0.58050537109375,0,0,2.5625,23740,10140]},{"name":"waypoint_1","type":0,"depth":136,"symbol":24,"clipDepth":0,"id":7,"matrix":[0.58050537109375,0,0,2.5625,30100,10140]},{"name":"waypoint_2","type":0,"depth":138,"symbol":24,"clipDepth":0,"id":8,"matrix":[0.58050537109375,0,0,2.5625,11672,4593]},{"name":"waypoint_3","type":0,"depth":140,"symbol":24,"clipDepth":0,"id":9,"matrix":[0.58050537109375,0,0,2.5625,14151,9780]},{"name":"waypoint_4","type":0,"depth":142,"symbol":24,"clipDepth":0,"id":10,"matrix":[0.58050537109375,0,0,2.5625,14461,6125]},{"name":"waypoint_5","type":0,"depth":144,"symbol":24,"clipDepth":0,"id":11,"matrix":[0.58050537109375,0,0,2.5625,21461,7765]},{"name":"waypoint_6","type":0,"depth":146,"symbol":24,"clipDepth":0,"id":12,"matrix":[0.58050537109375,0,0,2.5625,31101,3945]},{"name":"flagBaseCon","type":0,"depth":148,"symbol":29,"clipDepth":0,"id":13,"matrix":[1,0,0,1,0,0]}]}]},{"type":5,"id":2,"frames":[{"objects":[{"name":null,"type":0,"depth":1,"symbol":1,"clipDepth":0,"id":0,"matrix":[1,0,0,1,0,0]}]}]},{"type":5,"id":29,"frames":[{"objects":[{"name":"base_2","type":0,"depth":1,"symbol":26,"clipDepth":0,"id":0,"filters":[[0,40,40,1]],"matrix":[1,0,0,1,23300,4640]},{"name":"base_1","type":0,"depth":3,"symbol":28,"clipDepth":0,"id":1,"filters":[[0,40,40,1]],"matrix":[1,0,0,1,11920,4680]}]}]},{"type":4,"id":1,"commands":[3,5,1,10092288,0.498039215686275,8,200,-200,7,200,200,7,-200,200,7,-200,-200,7,200,-200,5]},{"type":5,"id":28,"frames":[{"objects":[{"name":null,"type":0,"depth":1,"symbol":27,"clipDepth":0,"id":0,"matrix":[1,0,0,1,0,0]}]}]}],"frameRate":12}