{"root":0,"uuid":"xLeDtccFs9iwwdf5p4oh","version":0.1,"symbols":[{"type":5,"frames":[{}]},{"type":4,"id":27,"commands":[3,5,1,255,0.250980392156863,8,692,-493,4,980,-206,980,200,4,980,606,692,892,4,405,1180,0,1180,4,-406,1180,-694,892,4,-980,606,-980,200,4,-980,-206,-694,-493,4,-406,-780,0,-780,4,405,-780,692,-493,5]},{"type":5,"id":26,"frames":[{"objects":[{"name":null,"type":0,"depth":1,"symbol":25,"clipDepth":0,"id":0,"matrix":[1,0,0,1,0,0]}]}]},{"type":4,"id":25,"commands":[3,5,1,13311,0,8,1860,640,7,0,640,7,0,0,7,1860,0,7,1860,640,5]},{"type":5,"id":24,"frames":[{"objects":[{"name":null,"type":0,"depth":1,"symbol":17,"clipDepth":0,"id":0,"matrix":[1,0,0,1,18960,3520]},{"name":null,"type":0,"depth":3,"symbol":17,"clipDepth":0,"id":1,"matrix":[1,0,0,1,22600,12640]},{"name":null,"type":0,"depth":5,"symbol":17,"clipDepth":0,"id":2,"matrix":[1,0,0,1,37720,10760]},{"name":null,"type":0,"depth":7,"symbol":17,"clipDepth":0,"id":3,"matrix":[1,0,0,1,24000,3520]},{"name":null,"type":0,"depth":9,"symbol":17,"clipDepth":0,"id":4,"matrix":[1,0,0,1,8800,5520]},{"name":null,"type":0,"depth":11,"symbol":17,"clipDepth":0,"id":5,"matrix":[1,0,0,1,33560,5520]},{"name":null,"type":0,"depth":13,"symbol":17,"clipDepth":0,"id":6,"matrix":[1,0,0,1,5440,10760]},{"name":null,"type":0,"depth":15,"symbol":17,"clipDepth":0,"id":7,"matrix":[1,0,0,1,3200,3520]},{"name":null,"type":0,"depth":17,"symbol":17,"clipDepth":0,"id":8,"matrix":[1,0,0,1,39640,3520]},{"name":null,"type":0,"depth":19,"symbol":17,"clipDepth":0,"id":9,"matrix":[1,0,0,1,20000,12640]}]}]},{"type":5,"id":23,"frames":[{"objects":[{"name":null,"type":0,"depth":1,"symbol":17,"clipDepth":0,"id":0,"matrix":[1,0,0,1,26800,12538]},{"name":null,"type":0,"depth":3,"symbol":17,"clipDepth":0,"id":1,"matrix":[1,0,0,1,33036,12538]},{"name":null,"type":0,"depth":5,"symbol":17,"clipDepth":0,"id":2,"matrix":[1,0,0,1,20538,12538]},{"name":null,"type":0,"depth":7,"symbol":17,"clipDepth":0,"id":3,"matrix":[1,0,0,1,17016,4201]},{"name":null,"type":0,"depth":9,"symbol":17,"clipDepth":0,"id":4,"matrix":[1,0,0,1,21396,4201]},{"name":null,"type":0,"depth":11,"symbol":17,"clipDepth":0,"id":5,"matrix":[1,0,0,1,10848,5519]},{"name":null,"type":0,"depth":13,"symbol":17,"clipDepth":0,"id":6,"matrix":[1,0,0,1,18363,12538]},{"name":null,"type":0,"depth":15,"symbol":17,"clipDepth":0,"id":7,"matrix":[1,0,0,1,14082,4201]},{"name":null,"type":0,"depth":17,"symbol":17,"clipDepth":0,"id":8,"matrix":[1,0,0,1,9283,12382]},{"name":null,"type":0,"depth":19,"symbol":17,"clipDepth":0,"id":9,"matrix":[1,0,0,1,29109,4201]},{"name":null,"type":0,"depth":21,"symbol":17,"clipDepth":0,"id":10,"matrix":[1,0,0,1,33918,5519]},{"name":null,"type":0,"depth":23,"symbol":17,"clipDepth":0,"id":11,"matrix":[1,0,0,1,39873,4201]},{"name":null,"type":0,"depth":25,"symbol":17,"clipDepth":0,"id":12,"matrix":[1,0,0,1,12705,13409]},{"name":null,"type":0,"depth":27,"symbol":17,"clipDepth":0,"id":13,"matrix":[1,0,0,1,36189,10985]},{"name":null,"type":0,"depth":29,"symbol":17,"clipDepth":0,"id":14,"matrix":[1,0,0,1,23734,4201]},{"name":null,"type":0,"depth":31,"symbol":17,"clipDepth":0,"id":15,"matrix":[1,0,0,1,22832,12538]},{"name":null,"type":0,"depth":33,"symbol":17,"clipDepth":0,"id":16,"matrix":[1,0,0,1,8649,5519]},{"name":null,"type":0,"depth":35,"symbol":17,"clipDepth":0,"id":17,"matrix":[1,0,0,1,19158,4201]},{"name":null,"type":0,"depth":37,"symbol":17,"clipDepth":0,"id":18,"matrix":[1,0,0,1,25621,4201]},{"name":null,"type":0,"depth":39,"symbol":17,"clipDepth":0,"id":19,"matrix":[1,0,0,1,29725,13951]},{"name":null,"type":0,"depth":41,"symbol":17,"clipDepth":0,"id":20,"matrix":[1,0,0,1,32005,5519]}]}]},{"type":5,"id":22,"frames":[{"objects":[{"name":null,"type":0,"depth":1,"symbol":17,"clipDepth":0,"id":0,"matrix":[1,0,0,1,3535,14689]},{"name":null,"type":0,"depth":3,"symbol":17,"clipDepth":0,"id":1,"matrix":[1,0,0,1,20585,14749]},{"name":null,"type":0,"depth":5,"symbol":17,"clipDepth":0,"id":2,"matrix":[1,0,0,1,21742,15171]},{"name":null,"type":0,"depth":7,"symbol":17,"clipDepth":0,"id":3,"matrix":[1,0,0,1,27077,14850]},{"name":null,"type":0,"depth":9,"symbol":17,"clipDepth":0,"id":4,"matrix":[1,0,0,1,15522,15351]},{"name":null,"type":0,"depth":11,"symbol":17,"clipDepth":0,"id":5,"matrix":[1,0,0,1,8757,15171]},{"name":null,"type":0,"depth":13,"symbol":17,"clipDepth":0,"id":6,"matrix":[1,0,0,1,19230,15171]},{"name":null,"type":0,"depth":15,"symbol":17,"clipDepth":0,"id":7,"matrix":[1,0,0,1,39397,14689]},{"name":null,"type":0,"depth":17,"symbol":17,"clipDepth":0,"id":8,"matrix":[1,0,0,1,33218,14749]},{"name":null,"type":0,"depth":19,"symbol":17,"clipDepth":0,"id":9,"matrix":[1,0,0,1,17270,15050]},{"name":null,"type":0,"depth":21,"symbol":17,"clipDepth":0,"id":10,"matrix":[1,0,0,1,24655,14628]},{"name":null,"type":0,"depth":23,"symbol":17,"clipDepth":0,"id":11,"matrix":[1,0,0,1,25812,15050]},{"name":null,"type":0,"depth":25,"symbol":17,"clipDepth":0,"id":12,"matrix":[1,0,0,1,19651,14929]},{"name":null,"type":0,"depth":27,"symbol":17,"clipDepth":0,"id":13,"matrix":[1,0,0,1,23300,15050]},{"name":null,"type":0,"depth":29,"symbol":17,"clipDepth":0,"id":14,"matrix":[1,0,0,1,21340,14929]},{"name":null,"type":0,"depth":31,"symbol":17,"clipDepth":0,"id":15,"matrix":[1,0,0,1,27510,8553]},{"name":null,"type":0,"depth":33,"symbol":17,"clipDepth":0,"id":16,"matrix":[1,0,0,1,29469,8553]},{"name":null,"type":0,"depth":35,"symbol":17,"clipDepth":0,"id":17,"matrix":[1,0,0,1,25973,8874]},{"name":null,"type":0,"depth":37,"symbol":17,"clipDepth":0,"id":18,"matrix":[1,0,0,1,13635,9065]},{"name":null,"type":0,"depth":39,"symbol":17,"clipDepth":0,"id":19,"matrix":[1,0,0,1,15233,8874]},{"name":null,"type":0,"depth":41,"symbol":17,"clipDepth":0,"id":20,"matrix":[1,0,0,1,12499,9065]},{"name":null,"type":0,"depth":43,"symbol":17,"clipDepth":0,"id":21,"matrix":[1,0,0,1,20334,758]},{"name":null,"type":0,"depth":45,"symbol":17,"clipDepth":0,"id":22,"matrix":[1,0,0,1,21010,1330]},{"name":null,"type":0,"depth":47,"symbol":17,"clipDepth":0,"id":23,"matrix":[1,0,0,1,18656,758]}]}]},{"type":5,"id":21,"frames":[{"objects":[{"name":null,"type":0,"depth":1,"symbol":17,"clipDepth":0,"id":0,"matrix":[0.77056884765625,0,0,0.77056884765625,3796,4418]},{"name":null,"type":0,"depth":3,"symbol":17,"clipDepth":0,"id":1,"matrix":[0.77056884765625,0,0,0.77056884765625,4224,12671]},{"name":null,"type":0,"depth":5,"symbol":17,"clipDepth":0,"id":2,"matrix":[0.77056884765625,0,0,0.77056884765625,39277,4418]},{"name":null,"type":0,"depth":7,"symbol":17,"clipDepth":0,"id":3,"matrix":[0.77056884765625,0,0,0.77056884765625,2891,7844]},{"name":null,"type":0,"depth":9,"symbol":17,"clipDepth":0,"id":4,"matrix":[0.77056884765625,0,0,0.77056884765625,40121,7844]},{"name":null,"type":0,"depth":11,"symbol":17,"clipDepth":0,"id":5,"matrix":[0.77056884765625,0,0,0.77056884765625,38654,12671]}]}]},{"type":5,"id":20,"frames":[{"objects":[{"name":null,"type":0,"depth":1,"symbol":17,"clipDepth":0,"id":0,"matrix":[1,0,0,1,19006,12944]},{"name":null,"type":0,"depth":3,"symbol":17,"clipDepth":0,"id":1,"matrix":[1,0,0,1,23615,12944]},{"name":null,"type":0,"depth":5,"symbol":17,"clipDepth":0,"id":2,"matrix":[1,0,0,1,14275,4597]},{"name":null,"type":0,"depth":7,"symbol":17,"clipDepth":0,"id":3,"matrix":[1,0,0,1,28264,4597]},{"name":null,"type":0,"depth":9,"symbol":17,"clipDepth":0,"id":4,"matrix":[1,0,0,1,35047,10985]},{"name":null,"type":0,"depth":11,"symbol":17,"clipDepth":0,"id":5,"matrix":[1,0,0,1,24049,3969]},{"name":null,"type":0,"depth":13,"symbol":17,"clipDepth":0,"id":6,"matrix":[1,0,0,1,19548,3969]},{"name":null,"type":0,"depth":15,"symbol":17,"clipDepth":0,"id":7,"matrix":[1,0,0,1,9420,5614]},{"name":null,"type":0,"depth":17,"symbol":17,"clipDepth":0,"id":8,"matrix":[1,0,0,1,32964,12740]},{"name":null,"type":0,"depth":19,"symbol":17,"clipDepth":0,"id":9,"matrix":[1,0,0,1,21342,12944]}]}]},{"type":5,"id":19,"frames":[{"objects":[{"name":null,"type":0,"depth":1,"symbol":17,"clipDepth":0,"id":0,"matrix":[1,0,0,1,6568,14309]},{"name":null,"type":0,"depth":3,"symbol":17,"clipDepth":0,"id":1,"matrix":[1,0,0,1,6568,14309]},{"name":null,"type":0,"depth":5,"symbol":17,"clipDepth":0,"id":2,"matrix":[1,0,0,1,6568,14309]},{"name":null,"type":0,"depth":7,"symbol":17,"clipDepth":0,"id":3,"matrix":[1,0,0,1,6568,14309]},{"name":null,"type":0,"depth":9,"symbol":17,"clipDepth":0,"id":4,"matrix":[1,0,0,1,6568,14309]},{"name":null,"type":0,"depth":11,"symbol":17,"clipDepth":0,"id":5,"matrix":[1,0,0,1,6568,14309]},{"name":null,"type":0,"depth":13,"symbol":17,"clipDepth":0,"id":6,"matrix":[1,0,0,1,6568,14309]},{"name":null,"type":0,"depth":15,"symbol":17,"clipDepth":0,"id":7,"matrix":[1,0,0,1,6568,14309]},{"name":null,"type":0,"depth":17,"symbol":17,"clipDepth":0,"id":8,"matrix":[1,0,0,1,6568,14309]},{"name":null,"type":0,"depth":19,"symbol":17,"clipDepth":0,"id":9,"matrix":[1,0,0,1,6568,14309]},{"name":null,"type":0,"depth":21,"symbol":17,"clipDepth":0,"id":10,"matrix":[1,0,0,1,6568,14309]},{"name":null,"type":0,"depth":23,"symbol":17,"clipDepth":0,"id":11,"matrix":[1,0,0,1,6568,14309]},{"name":null,"type":0,"depth":25,"symbol":17,"clipDepth":0,"id":12,"matrix":[1,0,0,1,6568,14309]},{"name":null,"type":0,"depth":27,"symbol":17,"clipDepth":0,"id":13,"matrix":[1,0,0,1,6568,14309]},{"name":null,"type":0,"depth":29,"symbol":17,"clipDepth":0,"id":14,"matrix":[1,0,0,1,6568,14309]},{"name":null,"type":0,"depth":31,"symbol":17,"clipDepth":0,"id":15,"matrix":[1,0,0,1,6568,14309]},{"name":null,"type":0,"depth":33,"symbol":17,"clipDepth":0,"id":16,"matrix":[1,0,0,1,6568,14309]},{"name":null,"type":0,"depth":35,"symbol":17,"clipDepth":0,"id":17,"matrix":[1,0,0,1,6568,14309]},{"name":null,"type":0,"depth":37,"symbol":17,"clipDepth":0,"id":18,"matrix":[1,0,0,1,6568,14309]},{"name":null,"type":0,"depth":39,"symbol":17,"clipDepth":0,"id":19,"matrix":[1,0,0,1,6568,14309]}]}]},{"type":5,"id":18,"frames":[{"objects":[{"name":null,"type":0,"depth":1,"symbol":17,"clipDepth":0,"id":0,"matrix":[1,0,0,1,23480,3760]},{"name":null,"type":0,"depth":3,"symbol":17,"clipDepth":0,"id":1,"matrix":[1,0,0,1,3360,12000]},{"name":null,"type":0,"depth":5,"symbol":17,"clipDepth":0,"id":2,"matrix":[1,0,0,1,18976,12000]},{"name":null,"type":0,"depth":7,"symbol":17,"clipDepth":0,"id":3,"matrix":[1,0,0,1,7320,10300]},{"name":null,"type":0,"depth":9,"symbol":17,"clipDepth":0,"id":4,"matrix":[1,0,0,1,37520,8800]},{"name":null,"type":0,"depth":11,"symbol":17,"clipDepth":0,"id":5,"matrix":[1,0,0,1,33040,12000]},{"name":null,"type":0,"depth":13,"symbol":17,"clipDepth":0,"id":6,"matrix":[1,0,0,1,18976,3760]},{"name":null,"type":0,"depth":15,"symbol":17,"clipDepth":0,"id":7,"matrix":[1,0,0,1,9600,12000]},{"name":null,"type":0,"depth":17,"symbol":17,"clipDepth":0,"id":8,"matrix":[1,0,0,1,28200,3760]},{"name":null,"type":0,"depth":19,"symbol":17,"clipDepth":0,"id":9,"matrix":[1,0,0,1,5400,8800]},{"name":null,"type":0,"depth":21,"symbol":17,"clipDepth":0,"id":10,"matrix":[1,0,0,1,14200,3760]},{"name":null,"type":0,"depth":23,"symbol":17,"clipDepth":0,"id":11,"matrix":[1,0,0,1,23480,12000]},{"name":null,"type":0,"depth":25,"symbol":17,"clipDepth":0,"id":12,"matrix":[1,0,0,1,29720,13440]},{"name":null,"type":0,"depth":27,"symbol":17,"clipDepth":0,"id":13,"matrix":[1,0,0,1,9600,5200]},{"name":null,"type":0,"depth":29,"symbol":17,"clipDepth":0,"id":14,"matrix":[1,0,0,1,12840,13440]},{"name":null,"type":0,"depth":31,"symbol":17,"clipDepth":0,"id":15,"matrix":[1,0,0,1,39600,3760]},{"name":null,"type":0,"depth":33,"symbol":17,"clipDepth":0,"id":16,"matrix":[1,0,0,1,35520,10300]},{"name":null,"type":0,"depth":35,"symbol":17,"clipDepth":0,"id":17,"matrix":[1,0,0,1,33040,5200]},{"name":null,"type":0,"depth":37,"symbol":17,"clipDepth":0,"id":18,"matrix":[1,0,0,1,39440,12000]},{"name":null,"type":0,"depth":39,"symbol":17,"clipDepth":0,"id":19,"matrix":[1,0,0,1,3360,3760]}]}]},{"type":5,"id":17,"frames":[{}]},{"type":5,"id":16,"frames":[{"objects":[{"type":0,"depth":0,"symbol":15,"clipDepth":0,"id":0,"visible":true,"matrix":[1,0,0,1,-180,-130]}]}]},{"path":"symbols/15.jpg","type":0,"id":15,"smooth":false},{"type":5,"className":"com.darkness.tdp4.maps.view.MapGFX","baseClassName":null,"id":14,"frames":[{"objects":[{"name":null,"type":0,"depth":1,"symbol":13,"clipDepth":0,"id":0,"matrix":[1,0,0,1,0,0]}]}]},{"type":5,"id":13,"frames":[{"objects":[{"type":0,"depth":0,"symbol":12,"clipDepth":0,"id":0,"visible":true,"matrix":[1,0,0,1,-180,-110]}]}]},{"path":"symbols/12.jpg","type":0,"id":12,"alpha":"symbols/12a.png"},{"type":5,"className":"com.darkness.tdp4.maps.view.MapPolygonContainer","baseClassName":null,"id":11,"frames":[{"objects":[{"name":null,"type":0,"depth":1,"symbol":2,"clipDepth":0,"id":0,"matrix":[20.1814575195312,0,0,67.8947448730469,-2115,8478]},{"name":null,"type":0,"depth":3,"symbol":2,"clipDepth":0,"id":1,"matrix":[103.653305053711,-0.000518798828125,0.0495758056640625,17.7151031494141,20945,18514]},{"name":null,"type":0,"depth":5,"symbol":2,"clipDepth":0,"id":2,"matrix":[20.7849731445312,0,0,57.7478942871094,45225,10511]},{"name":null,"type":0,"depth":7,"symbol":2,"clipDepth":0,"id":3,"matrix":[123.031524658203,0,0,17.0662536621094,24720,-1726]},{"name":null,"type":0,"depth":9,"symbol":2,"clipDepth":0,"id":4,"matrix":[-0.0035552978515625,-4.17755126953125,28.1687469482422,-0.0237274169921875,21295,14379]},{"name":null,"type":0,"depth":11,"symbol":2,"clipDepth":0,"id":5,"matrix":[0.928878784179688,0.00238037109375,-0.011199951171875,4.34011840820312,26909,14525]},{"name":null,"type":0,"depth":13,"symbol":2,"clipDepth":0,"id":6,"matrix":[0.816680908203125,-0.000457763671875,0.0046844482421875,8.5972900390625,34843,13365]},{"name":null,"type":0,"depth":15,"symbol":2,"clipDepth":0,"id":7,"matrix":[9.900634765625,-0.005462646484375,0.000396728515625,0.7314453125,36659,11793]},{"name":null,"type":0,"depth":17,"symbol":2,"clipDepth":0,"id":8,"matrix":[6.59765625,-0.0036468505859375,0.0014190673828125,2.60134887695312,38864,14622]},{"name":null,"type":0,"depth":19,"symbol":2,"clipDepth":0,"id":9,"matrix":[4.22483825683594,-0.0023193359375,0.0023345947265625,4.25942993164062,39329,14136]},{"name":null,"type":0,"depth":21,"symbol":2,"clipDepth":0,"id":10,"matrix":[4.35516357421875,-0.002410888671875,0.00262451171875,4.81246948242188,3644,14266]},{"name":null,"type":0,"depth":23,"symbol":2,"clipDepth":0,"id":11,"matrix":[2.3194580078125,-0.0012969970703125,0.0015106201171875,2.76890563964844,4978,14673]},{"name":null,"type":0,"depth":25,"symbol":2,"clipDepth":0,"id":12,"matrix":[0.82928466796875,-0.000457763671875,0.0047149658203125,8.61358642578125,8043,13721]},{"name":null,"type":0,"depth":27,"symbol":2,"clipDepth":0,"id":13,"matrix":[10.3543090820312,-0.0057373046875,0.000457763671875,0.8402099609375,6139,11931]},{"name":null,"type":0,"depth":29,"symbol":2,"clipDepth":0,"id":14,"matrix":[6.70610046386719,-0.00372314453125,0.0003662109375,0.672332763671875,14092,5462]},{"name":null,"type":0,"depth":31,"symbol":2,"clipDepth":0,"id":15,"matrix":[10.0858306884766,-0.0055999755859375,0.0003662109375,0.672332763671875,32845,6555]},{"name":null,"type":0,"depth":33,"symbol":2,"clipDepth":0,"id":16,"matrix":[5.41831970214844,0.0074005126953125,-0.000640869140625,0.491851806640625,39681,8510]},{"name":null,"type":0,"depth":35,"symbol":2,"clipDepth":0,"id":17,"matrix":[0.0063629150390625,-10.7924957275391,2.20416259765625,0.0013580322265625,40917,7339]},{"name":null,"type":0,"depth":37,"symbol":2,"clipDepth":0,"id":18,"matrix":[7.0565185546875,4.94645690917969,-0.16168212890625,0.230636596679688,38031,6262]},{"name":null,"type":0,"depth":39,"symbol":2,"clipDepth":0,"id":19,"matrix":[-0.0037384033203125,5.63623046875,-0.274658203125,-0.00018310546875,6472,6256]},{"name":null,"type":0,"depth":41,"symbol":2,"clipDepth":0,"id":20,"matrix":[-0.269821166992188,3.08189392089844,-0.66973876953125,-0.0586395263671875,6200,9344]},{"name":null,"type":0,"depth":43,"symbol":2,"clipDepth":0,"id":21,"matrix":[-6.84416198730469,0.0287628173828125,-0.0021820068359375,-0.524032592773438,3065,8524]},{"name":null,"type":0,"depth":45,"symbol":2,"clipDepth":0,"id":22,"matrix":[0.0203399658203125,-21.2695007324219,1.91966247558594,0.0019073486328125,1316,5900]},{"name":null,"type":0,"depth":47,"symbol":2,"clipDepth":0,"id":23,"matrix":[-7.2635498046875,5.11328125,0.206619262695312,0.293472290039062,5030,6206]},{"name":null,"type":0,"depth":49,"symbol":2,"clipDepth":0,"id":24,"matrix":[22.3013305664062,-0.012420654296875,0.0003204345703125,0.601455688476562,21264,5105]},{"name":null,"type":0,"depth":51,"symbol":2,"clipDepth":0,"id":25,"matrix":[11.5390777587891,8.75492858886719,-2.69677734375,3.5543212890625,17175,7750]},{"name":null,"type":0,"depth":53,"symbol":2,"clipDepth":0,"id":26,"matrix":[-15.6508483886719,0.0077056884765625,-0.0022735595703125,-4.76536560058594,15033,8700]},{"name":null,"type":0,"depth":55,"symbol":2,"clipDepth":0,"id":27,"matrix":[15.8924713134766,-0.007843017578125,0.0022735595703125,4.74444580078125,27440,8704]},{"name":null,"type":0,"depth":57,"symbol":2,"clipDepth":0,"id":28,"matrix":[9.9786376953125,-0.00555419921875,0.0003662109375,0.672332763671875,9715,6555]},{"name":null,"type":0,"depth":59,"symbol":2,"clipDepth":0,"id":29,"matrix":[4.2974853515625,-0.00238037109375,0.002593994140625,4.75578308105469,8996,14489]},{"name":null,"type":0,"depth":61,"symbol":2,"clipDepth":0,"id":30,"matrix":[2.74893188476562,-0.00152587890625,0.0003204345703125,0.587631225585938,5610,10036]},{"name":null,"type":0,"depth":63,"symbol":2,"clipDepth":0,"id":31,"matrix":[5.46148681640625,-0.003021240234375,0.00244140625,4.46551513671875,33774,14397]},{"name":null,"type":0,"depth":65,"symbol":2,"clipDepth":0,"id":32,"matrix":[6.035400390625,-0.00335693359375,0.0003662109375,0.672332763671875,39856,5272]},{"name":null,"type":0,"depth":67,"symbol":2,"clipDepth":0,"id":33,"matrix":[5.51255798339844,-0.0030670166015625,0.0003662109375,0.672332763671875,3282,5264]},{"name":null,"type":0,"depth":69,"symbol":2,"clipDepth":0,"id":34,"matrix":[3.36434936523438,0.027801513671875,-0.013397216796875,1.61869812011719,25265,13301]},{"name":null,"type":0,"depth":71,"symbol":2,"clipDepth":0,"id":35,"matrix":[1.46775817871094,0.0121307373046875,-0.0146026611328125,1.76382446289062,17300,13333]},{"name":null,"type":0,"depth":73,"symbol":2,"clipDepth":0,"id":36,"matrix":[0.408523559570312,0.0033721923828125,-0.06854248046875,8.281494140625,19961,10436]},{"name":null,"type":0,"depth":75,"symbol":2,"clipDepth":0,"id":37,"matrix":[0.408523559570312,0.0033721923828125,-0.06854248046875,8.281494140625,22607,10436]},{"name":null,"type":0,"depth":77,"symbol":2,"clipDepth":0,"id":38,"matrix":[0.821197509765625,0.04949951171875,-0.21270751953125,3.52786254882812,9921,14433]},{"name":null,"type":0,"depth":79,"symbol":2,"clipDepth":0,"id":39,"matrix":[0.8189697265625,0.0781707763671875,-0.306289672851562,3.2086181640625,10174,14524]},{"name":null,"type":0,"depth":81,"symbol":2,"clipDepth":0,"id":40,"matrix":[0.818283081054688,0.085052490234375,-0.296249389648438,2.8497314453125,10432,14602]},{"name":null,"type":0,"depth":83,"symbol":2,"clipDepth":0,"id":41,"matrix":[0.81634521484375,0.101959228515625,-0.297607421875,2.38255310058594,10680,14675]},{"name":null,"type":0,"depth":85,"symbol":2,"clipDepth":0,"id":42,"matrix":[0.816207885742188,0.103073120117188,-0.237808227539062,1.88290405273438,10953,14730]},{"name":null,"type":0,"depth":87,"symbol":2,"clipDepth":0,"id":43,"matrix":[0.815780639648438,0.106369018554688,-0.213638305664062,1.63835144042969,11227,14835]},{"name":null,"type":0,"depth":89,"symbol":2,"clipDepth":0,"id":44,"matrix":[0.817520141601562,0.0920867919921875,-0.146209716796875,1.29791259765625,11519,14910]},{"name":null,"type":0,"depth":91,"symbol":2,"clipDepth":0,"id":45,"matrix":[0.82269287109375,-0.000457763671875,0.0005340576171875,0.982421875,11738,15024]},{"name":null,"type":0,"depth":93,"symbol":2,"clipDepth":0,"id":46,"matrix":[0.82269287109375,-0.000457763671875,0.0004119873046875,0.759124755859375,12010,15139]},{"name":null,"type":0,"depth":95,"symbol":2,"clipDepth":0,"id":47,"matrix":[0.821136474609375,-0.0504150390625,0.273635864257812,4.45712280273438,15652,14598]},{"name":null,"type":0,"depth":97,"symbol":2,"clipDepth":0,"id":48,"matrix":[0.82269287109375,-0.000457763671875,0.0019683837890625,3.59471130371094,15060,14724]},{"name":null,"type":0,"depth":99,"symbol":2,"clipDepth":0,"id":49,"matrix":[0.821090698242188,-0.051422119140625,0.279052734375,4.456787109375,15375,14746]},{"name":null,"type":0,"depth":101,"symbol":2,"clipDepth":0,"id":50,"matrix":[0.82269287109375,-0.000457763671875,0.00164794921875,3.025390625,14818,14755]},{"name":null,"type":0,"depth":103,"symbol":2,"clipDepth":0,"id":51,"matrix":[0.82269287109375,-0.000457763671875,0.0016021728515625,2.93608093261719,14590,14914]},{"name":null,"type":0,"depth":105,"symbol":2,"clipDepth":0,"id":52,"matrix":[0.82269287109375,-0.000457763671875,0.0012969970703125,2.38381958007812,14318,14953]},{"name":null,"type":0,"depth":107,"symbol":2,"clipDepth":0,"id":53,"matrix":[0.82269287109375,-0.000457763671875,0.00128173828125,2.333251953125,14026,15099]},{"name":null,"type":0,"depth":109,"symbol":2,"clipDepth":0,"id":54,"matrix":[0.82269287109375,-0.000457763671875,0.0004730224609375,0.881912231445312,13571,15082]},{"name":null,"type":0,"depth":111,"symbol":2,"clipDepth":0,"id":55,"matrix":[0.82269287109375,-0.000457763671875,0.0009765625,1.77507019042969,13794,15144]},{"name":null,"type":0,"depth":113,"symbol":2,"clipDepth":0,"id":56,"matrix":[0.68865966796875,0.4500732421875,-0.861129760742188,1.31761169433594,17002,13438]},{"name":null,"type":0,"depth":115,"symbol":2,"clipDepth":0,"id":57,"matrix":[0.8724365234375,-0.0004730224609375,0.0007171630859375,1.31732177734375,17487,13347]},{"name":null,"type":0,"depth":117,"symbol":2,"clipDepth":0,"id":58,"matrix":[0.0381011962890625,-1.04957580566406,0.58013916015625,0.0210723876953125,17661,13366]},{"name":null,"type":0,"depth":119,"symbol":2,"clipDepth":0,"id":59,"matrix":[0.82269287109375,-0.000457763671875,0.0006866455078125,1.25033569335938,17372,12989]},{"name":null,"type":0,"depth":121,"symbol":2,"clipDepth":0,"id":60,"matrix":[1.58647155761719,-0.492034912109375,0.21697998046875,0.699615478515625,24659,12814]},{"name":null,"type":0,"depth":123,"symbol":2,"clipDepth":0,"id":61,"matrix":[1.17716979980469,0.479843139648438,-0.345046997070312,0.875762939453125,25089,12857]},{"name":null,"type":0,"depth":125,"symbol":2,"clipDepth":0,"id":62,"matrix":[2.27743530273438,-0.989486694335938,0.2457275390625,0.565597534179688,25599,12769]},{"name":null,"type":0,"depth":127,"symbol":2,"clipDepth":0,"id":63,"matrix":[1.77960205078125,0.01470947265625,-0.0045928955078125,0.554397583007812,25811,12951]},{"name":null,"type":0,"depth":129,"symbol":2,"clipDepth":0,"id":64,"matrix":[0.928878784179688,0.00238037109375,-0.0096435546875,3.7379150390625,27178,14543]},{"name":null,"type":0,"depth":131,"symbol":2,"clipDepth":0,"id":65,"matrix":[0.928878784179688,0.00238037109375,-0.0090484619140625,3.50946044921875,27414,14614]},{"name":null,"type":0,"depth":133,"symbol":2,"clipDepth":0,"id":66,"matrix":[0.928878784179688,0.00238037109375,-0.0088348388671875,3.4263916015625,27665,14731]},{"name":null,"type":0,"depth":135,"symbol":2,"clipDepth":0,"id":67,"matrix":[0.928878784179688,0.00238037109375,-0.0079803466796875,3.09414672851562,27887,14802]},{"name":null,"type":0,"depth":137,"symbol":2,"clipDepth":0,"id":68,"matrix":[0.928878784179688,0.00238037109375,-0.006591796875,2.55426025390625,28153,14833]},{"name":null,"type":0,"depth":139,"symbol":2,"clipDepth":0,"id":69,"matrix":[0.928878784179688,0.00238037109375,-0.0058135986328125,2.25401306152344,28427,14945]},{"name":null,"type":0,"depth":141,"symbol":2,"clipDepth":0,"id":70,"matrix":[0.928878784179688,0.00238037109375,-0.004608154296875,1.78594970703125,28700,15009]},{"name":null,"type":0,"depth":143,"symbol":2,"clipDepth":0,"id":71,"matrix":[0.928878784179688,0.00238037109375,-0.00347900390625,1.34977722167969,28967,15075]},{"name":null,"type":0,"depth":145,"symbol":2,"clipDepth":0,"id":72,"matrix":[0.928878784179688,0.00238037109375,-0.00347900390625,1.34977722167969,30493,15105]},{"name":null,"type":0,"depth":147,"symbol":2,"clipDepth":0,"id":73,"matrix":[0.928878784179688,0.00238037109375,-0.005218505859375,2.02244567871094,30747,15097]},{"name":null,"type":0,"depth":149,"symbol":2,"clipDepth":0,"id":74,"matrix":[0.928878784179688,0.00238037109375,-0.00634765625,2.45834350585938,31014,15074]},{"name":null,"type":0,"depth":151,"symbol":2,"clipDepth":0,"id":75,"matrix":[0.928878784179688,0.00238037109375,-0.0071868896484375,2.78460693359375,31274,15005]},{"name":null,"type":0,"depth":153,"symbol":2,"clipDepth":0,"id":76,"matrix":[0.928878784179688,0.00238037109375,-0.00811767578125,3.1435546875,31544,14938]},{"name":null,"type":0,"depth":155,"symbol":2,"clipDepth":0,"id":77,"matrix":[0.928878784179688,0.00238037109375,-0.009124755859375,3.53515625,31803,14856]},{"name":null,"type":0,"depth":157,"symbol":2,"clipDepth":0,"id":78,"matrix":[0.928878784179688,0.00238037109375,-0.009368896484375,3.63310241699219,32063,14732]},{"name":null,"type":0,"depth":159,"symbol":2,"clipDepth":0,"id":79,"matrix":[0.928878784179688,0.00238037109375,-0.01055908203125,4.08990478515625,32313,14645]},{"name":null,"type":0,"depth":161,"symbol":2,"clipDepth":0,"id":80,"matrix":[0.928878784179688,0.00238037109375,-0.011199951171875,4.34011840820312,32591,14513]},{"name":null,"type":0,"depth":163,"symbol":2,"clipDepth":0,"id":81,"matrix":[2.97215270996094,-0.0016632080078125,0.000885009765625,1.62101745605469,2179,14996]},{"name":null,"type":0,"depth":165,"symbol":2,"clipDepth":0,"id":82,"matrix":[1.00967407226562,-0.0005645751953125,0.00933837890625,17.0980834960938,2072,5066]},{"name":null,"type":0,"depth":167,"symbol":2,"clipDepth":0,"id":83,"matrix":[1.6119384765625,-0.0009002685546875,0.0059661865234375,10.9165496826172,2183,7319]},{"name":null,"type":0,"depth":169,"symbol":2,"clipDepth":0,"id":84,"matrix":[-2.28984069824219,0.0034942626953125,-0.00140380859375,-0.908737182617188,1788,9535]},{"name":null,"type":0,"depth":171,"symbol":2,"clipDepth":0,"id":85,"matrix":[-0.711944580078125,0.640167236328125,-0.449508666992188,-0.499923706054688,6071,9945]},{"name":null,"type":0,"depth":173,"symbol":2,"clipDepth":0,"id":86,"matrix":[-4.00238037109375,-2.95195007324219,0.401870727539062,-0.54486083984375,13613,6026]},{"name":null,"type":0,"depth":175,"symbol":2,"clipDepth":0,"id":87,"matrix":[-4.97320556640625,-0.013946533203125,0.002532958984375,-0.9010009765625,14209,5667]},{"name":null,"type":0,"depth":177,"symbol":2,"clipDepth":0,"id":88,"matrix":[-3.45745849609375,-0.0096893310546875,0.002532958984375,-0.9010009765625,14321,5974]},{"name":null,"type":0,"depth":179,"symbol":2,"clipDepth":0,"id":89,"matrix":[-1.5799560546875,-1.21685791015625,0.735214233398438,-0.954574584960938,14374,6198]},{"name":null,"type":0,"depth":181,"symbol":2,"clipDepth":0,"id":90,"matrix":[0.248291015625,-0.324432373046875,2.63401794433594,2.01571655273438,19382,10440]},{"name":null,"type":0,"depth":183,"symbol":2,"clipDepth":0,"id":91,"matrix":[2.32147216796875,-0.0134429931640625,0.0193023681640625,3.31671142578125,19442,9507]},{"name":null,"type":0,"depth":185,"symbol":2,"clipDepth":0,"id":92,"matrix":[1.0379638671875,-1.1956787109375,1.19598388671875,1.03814697265625,19543,10165]},{"name":null,"type":0,"depth":187,"symbol":2,"clipDepth":0,"id":93,"matrix":[0.0146484375,-1.58328247070312,0.89129638671875,0.008209228515625,19809,10383]},{"name":null,"type":0,"depth":189,"symbol":2,"clipDepth":0,"id":94,"matrix":[-0.014190673828125,5.93827819824219,-0.9964599609375,-0.0023956298828125,21381,2575]},{"name":null,"type":0,"depth":191,"symbol":2,"clipDepth":0,"id":95,"matrix":[-0.0176849365234375,7.40045166015625,-2.0177001953125,-0.004852294921875,21355,6706]},{"name":null,"type":0,"depth":193,"symbol":2,"clipDepth":0,"id":96,"matrix":[-2.01097106933594,-0.92303466796875,0.272872924804688,-0.594467163085938,17274,5297]},{"name":null,"type":0,"depth":195,"symbol":2,"clipDepth":0,"id":97,"matrix":[-1.9970703125,0.9527587890625,-0.281631469726562,-0.590362548828125,25263,5301]},{"name":null,"type":0,"depth":197,"symbol":2,"clipDepth":0,"id":98,"matrix":[-18.4620513916016,-0.0494842529296875,0.0029449462890625,-1.07937622070312,21276,5376]},{"name":null,"type":0,"depth":199,"symbol":2,"clipDepth":0,"id":99,"matrix":[-1.69877624511719,0.810440063476562,-0.281631469726562,-0.590362548828125,24892,5274]},{"name":null,"type":0,"depth":201,"symbol":2,"clipDepth":0,"id":100,"matrix":[-1.80709838867188,-0.526351928710938,0.182937622070312,-0.628005981445312,17676,5323]},{"name":null,"type":0,"depth":203,"symbol":2,"clipDepth":0,"id":101,"matrix":[0.0050048828125,3.27392578125,-1.9970703125,0.0028533935546875,23063,9621]},{"name":null,"type":0,"depth":205,"symbol":2,"clipDepth":0,"id":102,"matrix":[1.62236022949219,-1.18704223632812,0.634658813476562,0.867584228515625,23065,10219]},{"name":null,"type":0,"depth":207,"symbol":2,"clipDepth":0,"id":103,"matrix":[0.0012054443359375,0.789703369140625,-0.8486328125,0.0012054443359375,22789,10575]},{"name":null,"type":0,"depth":209,"symbol":2,"clipDepth":0,"id":104,"matrix":[2.97215270996094,-0.0016632080078125,0.000885009765625,1.62101745605469,40768,15046]},{"name":null,"type":0,"depth":211,"symbol":2,"clipDepth":0,"id":105,"matrix":[0.005584716796875,-9.48291015625,2.20416259765625,0.0013580322265625,41109,3283]},{"name":null,"type":0,"depth":213,"symbol":2,"clipDepth":0,"id":106,"matrix":[-0.0037384033203125,5.63623046875,-0.274658203125,-0.00018310546875,36644,6369]},{"name":null,"type":0,"depth":215,"symbol":2,"clipDepth":0,"id":107,"matrix":[0.23883056640625,3.08444213867188,-0.6702880859375,0.0518798828125,36719,9302]},{"name":null,"type":0,"depth":217,"symbol":2,"clipDepth":0,"id":108,"matrix":[2.74893188476562,-0.00152587890625,0.0003204345703125,0.587631225585938,37415,10055]},{"name":null,"type":0,"depth":219,"symbol":2,"clipDepth":0,"id":109,"matrix":[-0.7122802734375,-0.639755249023438,0.449249267578125,-0.500137329101562,36857,9933]},{"name":null,"type":0,"depth":221,"symbol":2,"clipDepth":0,"id":110,"matrix":[-2.28984069824219,0.0034942626953125,-0.00140380859375,-0.908737182617188,41173,9522]},{"name":null,"type":0,"depth":223,"symbol":2,"clipDepth":0,"id":111,"matrix":[-2.28984069824219,0.0034942626953125,-0.00140380859375,-0.908737182617188,41393,9680]},{"name":null,"type":0,"depth":225,"symbol":2,"clipDepth":0,"id":112,"matrix":[7.5191650390625,4.20989990234375,-0.307464599609375,0.54913330078125,28326,14449]},{"name":null,"type":0,"depth":227,"symbol":2,"clipDepth":0,"id":113,"matrix":[-7.49992370605469,4.2440185546875,0.3099365234375,0.547714233398438,31273,14415]},{"name":null,"type":0,"depth":229,"symbol":2,"clipDepth":0,"id":114,"matrix":[7.31214904785156,4.5599365234375,-0.3330078125,0.53399658203125,11212,14515]},{"name":null,"type":0,"depth":231,"symbol":2,"clipDepth":0,"id":115,"matrix":[-7.38749694824219,4.43678283691406,0.324005126953125,0.53948974609375,14275,14506]},{"name":null,"type":0,"depth":233,"symbol":2,"clipDepth":0,"id":116,"matrix":[0.828887939453125,-0.0255279541015625,0.152694702148438,4.95780944824219,8143,12830]},{"name":null,"type":0,"depth":235,"symbol":2,"clipDepth":0,"id":117,"matrix":[-0.828887939453125,-0.0255279541015625,-0.152694702148438,4.95780944824219,34721,12712]},{"name":null,"type":0,"depth":237,"symbol":2,"clipDepth":0,"id":118,"matrix":[-0.305206298828125,0.26611328125,0.8685302734375,0.995361328125,7859,6624]},{"name":null,"type":0,"depth":239,"symbol":2,"clipDepth":0,"id":119,"matrix":[0.305206298828125,0.26611328125,-0.8685302734375,0.995361328125,4257,5350]},{"name":null,"type":0,"depth":241,"symbol":2,"clipDepth":0,"id":120,"matrix":[0.305206298828125,0.26611328125,-0.8685302734375,0.995361328125,6358,5308]},{"name":null,"type":0,"depth":243,"symbol":2,"clipDepth":0,"id":121,"matrix":[0.305206298828125,0.26611328125,-0.8685302734375,0.995361328125,4281,8617]},{"name":null,"type":0,"depth":245,"symbol":2,"clipDepth":0,"id":122,"matrix":[0.305206298828125,0.26611328125,-0.397705078125,0.455780029296875,6349,8849]},{"name":null,"type":0,"depth":247,"symbol":2,"clipDepth":0,"id":123,"matrix":[0.305206298828125,0.26611328125,-0.8685302734375,0.995361328125,4389,13514]},{"name":null,"type":0,"depth":249,"symbol":2,"clipDepth":0,"id":124,"matrix":[0.305206298828125,0.26611328125,-0.8685302734375,0.995361328125,5318,14330]},{"name":null,"type":0,"depth":251,"symbol":2,"clipDepth":0,"id":125,"matrix":[0.828887939453125,-0.0255279541015625,0.152694702148438,4.95780944824219,4476,14378]},{"name":null,"type":0,"depth":253,"symbol":2,"clipDepth":0,"id":126,"matrix":[0.828887939453125,-0.0255279541015625,0.152694702148438,4.95780944824219,5401,15180]},{"name":null,"type":0,"depth":255,"symbol":2,"clipDepth":0,"id":127,"matrix":[0.0276947021484375,0.0662384033203125,-0.10528564453125,0.0439910888671875,17009,12993]},{"name":null,"type":0,"depth":257,"symbol":2,"clipDepth":0,"id":128,"matrix":[0.057159423828125,0.0941925048828125,-0.0816497802734375,0.04949951171875,17207,12762]},{"name":null,"type":0,"depth":259,"symbol":2,"clipDepth":0,"id":129,"matrix":[0.249618530273438,-0.318817138671875,0.246826171875,0.193389892578125,26000,12543]},{"name":null,"type":0,"depth":261,"symbol":2,"clipDepth":0,"id":130,"matrix":[-0.305206298828125,0.26611328125,0.333221435546875,0.381881713867188,16842,5073]},{"name":null,"type":0,"depth":263,"symbol":2,"clipDepth":0,"id":131,"matrix":[-0.305206298828125,0.26611328125,0.8685302734375,0.995361328125,12891,5540]},{"name":null,"type":0,"depth":265,"symbol":2,"clipDepth":0,"id":132,"matrix":[0.0535430908203125,2.28857421875,1.95350646972656,-0.0464324951171875,15469,7502]},{"name":null,"type":0,"depth":267,"symbol":2,"clipDepth":0,"id":133,"matrix":[0.0535430908203125,2.28857421875,1.9534912109375,-0.0464324951171875,27123,7502]},{"name":null,"type":0,"depth":269,"symbol":2,"clipDepth":0,"id":134,"matrix":[-0.305206298828125,0.26611328125,0.5596923828125,0.641448974609375,4124,11919]},{"name":null,"type":0,"depth":271,"symbol":2,"clipDepth":0,"id":135,"matrix":[-0.305206298828125,0.26611328125,0.8685302734375,0.995361328125,2899,13514]},{"name":null,"type":0,"depth":273,"symbol":2,"clipDepth":0,"id":136,"matrix":[0.827743530273438,0.0504150390625,-0.301605224609375,4.95097351074219,2785,14370]},{"name":null,"type":0,"depth":275,"symbol":2,"clipDepth":0,"id":137,"matrix":[0.305206298828125,0.26611328125,-0.8685302734375,0.995361328125,11585,6624]},{"name":null,"type":0,"depth":277,"symbol":2,"clipDepth":0,"id":138,"matrix":[-0.21514892578125,0.187606811523438,0.173065185546875,0.198333740234375,6130,8763]},{"name":null,"type":0,"depth":279,"symbol":2,"clipDepth":0,"id":139,"matrix":[-0.305206298828125,0.26611328125,0.2257080078125,0.2586669921875,8180,11835]},{"name":null,"type":0,"depth":281,"symbol":2,"clipDepth":0,"id":140,"matrix":[-0.305206298828125,0.26611328125,0.8685302734375,0.995361328125,12029,7974]},{"name":null,"type":0,"depth":283,"symbol":2,"clipDepth":0,"id":141,"matrix":[-0.352874755859375,0.198593139648438,0.107513427734375,0.19085693359375,22526,8791]},{"name":null,"type":0,"depth":285,"symbol":2,"clipDepth":0,"id":142,"matrix":[-0.380111694335938,-0.13946533203125,-0.11810302734375,0.322311401367188,19983,8819]},{"name":null,"type":0,"depth":287,"symbol":2,"clipDepth":0,"id":143,"matrix":[-0.186569213867188,0.359375,0.304733276367188,0.158050537109375,25722,5068]},{"name":null,"type":0,"depth":289,"symbol":2,"clipDepth":0,"id":144,"matrix":[-0.2518310546875,0.317062377929688,0.268890380859375,0.213409423828125,34859,6506]},{"name":null,"type":0,"depth":291,"symbol":2,"clipDepth":0,"id":145,"matrix":[-0.273361206054688,0.2987060546875,0.253326416015625,0.231658935546875,36786,8750]},{"name":null,"type":0,"depth":293,"symbol":2,"clipDepth":0,"id":146,"matrix":[-0.240524291992188,0.32574462890625,0.2762451171875,0.20379638671875,37957,10024]},{"name":null,"type":0,"depth":295,"symbol":2,"clipDepth":0,"id":147,"matrix":[-0.240447998046875,0.325790405273438,0.276275634765625,0.2037353515625,38636,11733]},{"name":null,"type":0,"depth":297,"symbol":2,"clipDepth":0,"id":148,"matrix":[-0.305206298828125,0.26611328125,0.2257080078125,0.2586669921875,40157,13367]},{"name":null,"type":0,"depth":299,"symbol":2,"clipDepth":0,"id":149,"matrix":[-0.305206298828125,0.26611328125,0.318161010742188,0.3646240234375,30847,6506]},{"name":null,"type":0,"depth":301,"symbol":2,"clipDepth":0,"id":150,"matrix":[-0.305206298828125,0.26611328125,0.318161010742188,0.3646240234375,34694,11737]},{"name":null,"type":0,"depth":303,"symbol":2,"clipDepth":0,"id":151,"matrix":[-0.305206298828125,0.26611328125,0.318161010742188,0.3646240234375,36555,8785]},{"name":null,"type":0,"depth":305,"symbol":2,"clipDepth":0,"id":152,"matrix":[-0.257171630859375,0.2034912109375,0.465744018554688,0.588058471679688,38637,8557]},{"name":null,"type":0,"depth":307,"symbol":2,"clipDepth":0,"id":153,"matrix":[-0.305206298828125,0.26611328125,0.318161010742188,0.3646240234375,38670,5224]},{"name":null,"type":0,"depth":309,"symbol":2,"clipDepth":0,"id":154,"matrix":[-0.305206298828125,0.26611328125,0.318161010742188,0.3646240234375,36652,5298]},{"name":null,"type":0,"depth":311,"symbol":2,"clipDepth":0,"id":155,"matrix":[-0.264190673828125,0.306854248046875,0.3668212890625,0.315597534179688,30631,7861]},{"name":null,"type":0,"depth":313,"symbol":2,"clipDepth":0,"id":156,"matrix":[-0.305206298828125,0.26611328125,0.318161010742188,0.3646240234375,38493,13388]},{"name":null,"type":0,"depth":315,"symbol":2,"clipDepth":0,"id":157,"matrix":[-0.305206298828125,0.26611328125,0.318161010742188,0.3646240234375,37553,14196]},{"name":null,"type":0,"depth":317,"symbol":2,"clipDepth":0,"id":158,"matrix":[-0.828887939453125,-0.0255279541015625,-0.152694702148438,4.95780944824219,38524,14378]},{"name":null,"type":0,"depth":319,"symbol":2,"clipDepth":0,"id":159,"matrix":[-0.828887939453125,-0.0255279541015625,-0.152694702148438,4.95780944824219,37580,15180]},{"name":null,"type":0,"depth":321,"symbol":2,"clipDepth":0,"id":160,"matrix":[0.36962890625,4.77392578125,-0.6702880859375,0.0518798828125,40203,14346]},{"name":null,"type":0,"depth":323,"symbol":2,"clipDepth":0,"id":161,"matrix":[0.230377197265625,2.97550964355469,-0.192413330078125,0.014892578125,36893,9347]},{"name":null,"type":0,"depth":325,"symbol":2,"clipDepth":0,"id":162,"matrix":[-0.269821166992188,3.08189392089844,-0.66973876953125,-0.0586395263671875,6147,9396]},{"name":null,"type":0,"depth":327,"symbol":2,"clipDepth":0,"id":163,"matrix":[-0.36822509765625,0.2127685546875,0.663131713867188,1.10380554199219,17590,12984]},{"name":null,"type":0,"depth":329,"symbol":2,"clipDepth":0,"id":164,"matrix":[0.249618530273438,-0.318817138671875,0.246826171875,0.193389892578125,26154,12926]},{"name":null,"type":0,"depth":331,"symbol":2,"clipDepth":0,"id":165,"matrix":[-6.810302734375,-4.83274841308594,0.295379638671875,-0.416259765625,38038,6339]},{"name":null,"type":0,"depth":333,"symbol":2,"clipDepth":0,"id":166,"matrix":[6.810302734375,-4.83274841308594,-0.295379638671875,-0.416259765625,4995,6292]},{"name":null,"type":0,"depth":335,"symbol":2,"clipDepth":0,"id":167,"matrix":[0.82928466796875,-0.000457763671875,0.0047149658203125,8.61358642578125,7779,13721]},{"name":null,"type":0,"depth":337,"symbol":2,"clipDepth":0,"id":168,"matrix":[0.82928466796875,-0.000457763671875,0.0047149658203125,8.61358642578125,35130,13420]},{"name":null,"type":0,"depth":339,"symbol":2,"clipDepth":0,"id":169,"matrix":[-6.84416198730469,0.0287628173828125,-0.0021820068359375,-0.524032592773438,2831,8668]},{"name":null,"type":0,"depth":341,"symbol":2,"clipDepth":0,"id":170,"matrix":[5.41831970214844,0.0074005126953125,-0.000640869140625,0.491851806640625,39777,8586]},{"name":null,"type":0,"depth":343,"symbol":2,"clipDepth":0,"id":171,"matrix":[-6.70610046386719,-0.00372314453125,-0.0003662109375,0.672332763671875,28391,5462]},{"name":null,"type":0,"depth":345,"symbol":2,"clipDepth":0,"id":172,"matrix":[-11.5390777587891,8.75492858886719,2.69677734375,3.5543212890625,25308,7750]},{"name":null,"type":0,"depth":347,"symbol":2,"clipDepth":0,"id":173,"matrix":[4.00238037109375,-2.95195007324219,-0.40185546875,-0.54486083984375,28870,6026]},{"name":null,"type":0,"depth":349,"symbol":2,"clipDepth":0,"id":174,"matrix":[4.97320556640625,-0.013946533203125,-0.002532958984375,-0.9010009765625,28274,5667]},{"name":null,"type":0,"depth":351,"symbol":2,"clipDepth":0,"id":175,"matrix":[3.45745849609375,-0.0096893310546875,-0.002532958984375,-0.9010009765625,28162,5974]},{"name":null,"type":0,"depth":353,"symbol":2,"clipDepth":0,"id":176,"matrix":[1.5799560546875,-1.21685791015625,-0.735214233398438,-0.954574584960938,28109,6198]},{"name":null,"type":0,"depth":355,"symbol":2,"clipDepth":0,"id":177,"matrix":[0.305206298828125,0.26611328125,-0.8685302734375,0.995361328125,29592,5540]},{"name":null,"type":0,"depth":357,"symbol":2,"clipDepth":0,"id":178,"matrix":[0.386520385742188,0.0040130615234375,-0.1114501953125,5.77146911621094,21527,2613]},{"name":null,"type":0,"depth":359,"symbol":2,"clipDepth":0,"id":179,"matrix":[0.386444091796875,-0.0064239501953125,0.147933959960938,5.77093505859375,21221,2613]},{"name":null,"type":0,"depth":361,"symbol":2,"clipDepth":0,"id":180,"matrix":[0.127777099609375,0.0040130615234375,-0.0368499755859375,5.77146911621094,20016,10945]},{"name":null,"type":0,"depth":363,"symbol":2,"clipDepth":0,"id":181,"matrix":[0.12774658203125,-0.0064239501953125,0.0489044189453125,5.77093505859375,19876,10945]},{"name":null,"type":0,"depth":365,"symbol":2,"clipDepth":0,"id":182,"matrix":[0.127777099609375,0.0040130615234375,-0.0368499755859375,5.77146911621094,22666,10945]},{"name":null,"type":0,"depth":367,"symbol":2,"clipDepth":0,"id":183,"matrix":[0.12774658203125,-0.0064239501953125,0.0489044189453125,5.77093505859375,22526,10945]},{"name":null,"type":0,"depth":369,"symbol":2,"clipDepth":0,"id":184,"matrix":[0.0050048828125,3.27392578125,-1.9970703125,0.0028533935546875,22874,9512]},{"name":null,"type":0,"depth":371,"symbol":2,"clipDepth":0,"id":185,"matrix":[0.0050048828125,3.27392578125,-1.9970703125,0.0028533935546875,19670,9453]}]}]},{"type":5,"className":"com.darkness.tdp4.maps.view.MapGFXBack","baseClassName":null,"id":10,"frames":[{"objects":[{"name":null,"type":0,"depth":1,"symbol":9,"clipDepth":0,"id":0,"matrix":[1,0,0,1,0,0]}]}]},{"type":4,"id":9,"commands":[3,5,1,255,0.698039215686274,8,49382,-1039,7,49382,22061,7,41068,22061,7,41068,22038,7,1921,22038,7,1921,22057,7,-6151,22057,7,-6151,-5101,7,114,-5101,7,114,-5139,7,49326,-5139,7,49326,-1039,7,49382,-1039,8,34862,6858,7,30828,6860,7,30828,6422,7,34862,6420,7,34862,6858,8,36848,7735,7,36588,7510,7,36588,7496,7,36589,6030,7,36589,6006,7,36588,5932,7,36590,5932,7,36590,5321,7,36588,5319,7,36590,5316,7,36590,5242,7,36642,5242,7,36652,5227,7,36674,5242,7,36700,5242,7,36700,5261,7,36873,5382,7,36877,5382,7,36878,5385,7,36878,5382,7,36880,5382,7,37311,5685,7,37311,5689,7,39474,7205,7,39419,7284,7,39421,7285,7,39225,7285,7,39220,7281,7,39036,7281,7,39032,7278,7,38916,7278,7,37087,5997,7,37087,6242,7,36995,6242,7,36995,7735,7,36848,7735,8,40476,8414,7,40477,5965,7,40474,5965,7,40474,5765,7,38650,5766,7,38650,5374,7,38653,5374,7,38653,5139,7,40667,5138,7,40669,1687,7,21583,1687,7,21577,3763,7,21179,3763,7,21185,1687,7,2273,1687,7,2274,5131,7,4385,5129,7,4385,5662,7,4382,5662,7,4382,5770,7,2504,5772,7,2506,8365,7,2506,8422,7,4434,8413,7,4434,8828,7,2506,8837,7,2506,8910,7,2506,9478,7,2516,9490,7,2506,9498,7,2506,9502,7,2501,9502,7,1921,9968,7,1921,14582,7,2773,14582,7,2773,14952,7,2774,14952,7,2772,13304,7,4514,13304,7,4515,14119,7,5442,14119,7,5442,14952,7,5501,14952,7,5501,15103,7,7859,15103,7,7859,14867,7,7847,14867,7,7847,12208,7,7710,12208,7,7710,12099,7,7190,12099,7,7190,12104,7,4069,12104,7,4069,12100,7,4068,12100,7,4068,11900,7,3953,11900,7,3953,11787,7,3963,11777,7,3967,11773,7,3994,11747,7,4076,11666,7,4882,11666,7,4882,11668,7,8211,11666,7,8211,11768,7,8210,11768,7,8210,12098,7,8208,12098,7,8209,13538,7,9854,13538,7,9854,13721,7,10128,13737,7,10120,13871,7,10399,13898,7,10388,14021,7,10655,14049,7,10641,14186,7,10903,14218,7,10888,14339,7,11164,14374,7,11149,14492,7,11433,14528,7,11419,14636,7,11712,14668,7,11703,14749,7,11981,14749,7,11981,14854,7,12243,14854,7,12243,14952,7,13384,14952,7,13384,14876,7,13619,14876,7,13619,14754,7,13861,14754,7,13861,14632,7,14153,14632,7,14153,14476,7,14425,14476,7,14425,14327,7,14653,14327,7,14653,14150,7,14895,14150,7,14895,14005,7,15164,14005,7,15155,13865,7,15441,13848,7,15433,13717,7,15660,13703,7,15660,13548,7,16734,13547,7,17008,13128,7,17009,12978,7,17207,12980,7,17207,12739,7,17537,12739,7,17537,12982,7,17597,12982,7,17596,13084,7,17661,13084,7,17661,13172,7,17781,13176,7,17769,13504,7,17661,13501,7,17661,13547,7,24590,13540,7,24595,12995,7,24373,13063,7,24287,12783,7,24921,12587,7,24922,12590,7,24923,12586,7,25330,12752,7,26005,12458,7,26103,12684,7,25746,12840,7,26168,12843,7,26166,13065,7,25941,13063,7,25936,13539,7,26928,13538,7,26928,13657,7,27097,13657,7,27097,13795,7,27366,13795,7,27366,13912,7,27602,13912,7,27602,14046,7,27853,14046,7,27853,14183,7,28075,14183,7,28075,14322,7,28340,14322,7,28340,14494,7,28614,14494,7,28614,14652,7,28887,14652,7,28887,14805,7,29154,14805,7,29154,14952,7,30308,14952,7,30308,14835,7,30532,14835,7,30532,14692,7,30829,14692,7,30829,14582,7,31089,14582,7,31089,14448,7,31360,14448,7,31360,14309,7,31619,14309,7,31619,14149,7,31879,14149,7,31879,14005,7,32129,14005,7,32129,13827,7,32407,13827,7,32407,13645,7,32682,13645,7,32682,13505,7,34680,13503,7,34679,11646,7,35005,11646,7,35005,11648,7,38639,11646,7,38639,11938,7,38638,11938,7,38638,12071,7,36537,12072,7,36537,12059,7,35167,12059,7,35167,12121,7,35074,12121,7,35074,14808,7,35071,14808,7,35071,15095,7,37523,15095,7,37523,14952,7,37544,14952,7,37544,14103,7,38484,14103,7,38484,13284,7,40174,13284,7,40174,14101,7,40184,14101,7,40184,14582,7,41068,14582,7,41068,9971,7,40470,9506,7,40477,9497,7,40475,9497,7,40476,8781,7,40474,8781,7,40474,8737,7,38608,8735,7,38608,8412,7,40476,8414,8,29153,5695,7,27456,5697,7,27458,5699,7,29150,5697,7,29153,5695,8,27301,5487,7,29481,5485,7,29481,5521,7,29530,5483,7,27299,5485,7,27301,5487,8,27173,5329,7,29795,5327,7,29795,5455,7,29814,5479,7,29264,5901,7,29264,5907,7,29256,5907,7,28207,6712,7,28221,6731,7,26847,7756,7,30618,7753,7,30618,9651,7,25143,9655,7,25143,9633,7,23107,9633,7,23107,9623,7,22814,9623,7,22814,11985,7,22802,11994,7,22802,11998,7,22797,11998,7,22772,12017,7,22772,12021,7,22765,12021,7,22675,12089,7,22675,12093,7,22511,12091,7,22521,10888,7,22508,10871,7,22521,10861,7,22539,8819,7,22553,8819,7,22553,8773,7,27173,5353,7,27173,5329,8,28340,6280,7,27888,6281,7,27889,6282,7,28337,6282,7,28340,6280,8,29254,5695,7,29252,5695,7,29253,5696,7,29254,5695,8,36585,9922,7,36585,9920,7,36491,9835,7,36486,9835,7,36486,8700,7,36878,8700,7,36878,9950,7,37256,9950,7,37256,9937,7,37965,9937,7,37965,10173,7,36870,10173,7,36869,10174,7,36868,10173,7,36865,10173,7,36865,10171,7,36619,9949,7,36619,9951,7,36587,9922,7,36585,9922,8,41063,5181,7,41068,5181,7,41068,5180,7,41063,5180,7,41063,5181,8,6540,5180,7,6540,7393,7,6146,7712,7,6146,6002,7,5601,6002,7,5601,6190,7,3923,7285,7,3628,7275,7,3627,7274,7,3375,7265,7,3342,7221,7,5697,5643,7,5697,5649,7,6418,5141,7,6418,5129,7,6435,5129,7,6442,5124,7,6446,5129,7,6528,5129,7,6528,5188,7,6540,5180,8,7719,6422,7,11711,6420,7,11711,6858,7,7719,6860,7,7719,6422,8,12751,5292,7,15405,5290,7,15406,5288,7,15409,5290,7,15433,5290,7,15433,5309,7,20010,8781,7,20026,8803,7,20029,12093,7,19865,12091,7,19865,12076,7,19776,12009,7,19759,12009,7,19759,11997,7,19739,11982,7,19739,9698,7,18267,9698,7,18163,9620,7,18163,9651,7,11903,9655,7,11903,7749,7,15695,7747,7,14339,6718,7,14333,6725,7,12753,5560,7,12751,5560,7,12751,5559,7,12733,5545,7,12751,5521,7,12751,5292,8,5793,9918,7,5794,9917,7,6089,9917,7,6089,8690,7,6525,8690,7,6525,9805,7,6530,9810,7,6525,9815,7,6525,9816,7,6524,9816,7,6419,9911,7,6423,9916,7,6418,9921,7,6418,9922,7,6417,9922,7,6160,10153,7,6160,10154,7,6159,10154,7,6139,10172,7,6123,10154,7,5060,10154,7,5060,9918,7,5793,9918,8,24916,5602,7,21762,5594,7,21755,8187,7,20947,8185,7,20954,5592,7,17630,5582,7,17621,5601,7,16817,5231,7,16819,5227,7,16804,5227,7,16804,4987,7,25724,4983,7,25724,5223,7,25716,5223,7,25718,5228,7,24967,5588,7,24967,5602,7,24937,5602,7,24920,5610,7,24916,5602,8,13215,5564,7,13215,5560,7,13209,5560,7,13215,5564,8,13596,5845,7,13631,5871,7,13631,5845,7,13596,5845,8,14714,6155,7,14736,6172,7,14749,6155,7,14714,6155,8,22713,10417,7,22690,10386,7,22690,10417,7,22713,10417,8,24669,12972,7,24877,12974,7,24785,12936,7,24669,12972,8,25455,12979,7,25455,12966,7,25427,12979,7,25455,12979,5]},{"type":5,"className":"com.darkness.tdp4.maps.view.MapTestPolygonContainer","baseClassName":null,"id":8,"frames":[{"objects":[{"name":null,"type":0,"depth":1,"symbol":2,"clipDepth":0,"id":0,"matrix":[-0.0868988037109375,-0.0004730224609375,0.0569305419921875,-10.3013610839844,8013,13979]},{"name":null,"type":0,"depth":3,"symbol":2,"clipDepth":0,"id":1,"matrix":[-0.0868988037109375,-0.0004730224609375,0.022247314453125,-4.02536010742188,23024,9561]},{"name":null,"type":0,"depth":5,"symbol":2,"clipDepth":0,"id":2,"matrix":[-6.103515625e-05,0.0868988037109375,-27.6759948730469,-0.0199432373046875,21219,13793]},{"name":null,"type":0,"depth":7,"symbol":2,"clipDepth":0,"id":3,"matrix":[-6.103515625e-05,0.0868988037109375,-20.2520904541016,-0.0146026611328125,21144,5233]},{"name":null,"type":0,"depth":9,"symbol":2,"clipDepth":0,"id":4,"matrix":[-9.1552734375e-05,0.139297485351562,-9.29318237304688,-0.0066986083984375,9665,6591]},{"name":null,"type":0,"depth":11,"symbol":2,"clipDepth":0,"id":5,"matrix":[-0.0004730224609375,0.0868988037109375,-5.0194091796875,-0.02777099609375,14035,5498]},{"name":null,"type":0,"depth":13,"symbol":2,"clipDepth":0,"id":6,"matrix":[-0.0868988037109375,-0.0004730224609375,0.030181884765625,-5.462158203125,17341,14114]},{"name":null,"type":0,"depth":15,"symbol":2,"clipDepth":0,"id":7,"matrix":[-0.0868988037109375,-0.0004730224609375,0.054351806640625,-9.84213256835938,21419,1496]},{"name":null,"type":0,"depth":17,"symbol":2,"clipDepth":0,"id":8,"matrix":[-9.1552734375e-05,0.139297485351562,-9.29318237304688,-0.0066986083984375,6182,11933]},{"name":null,"type":0,"depth":19,"symbol":2,"clipDepth":0,"id":9,"matrix":[-0.0868988037109375,-0.0004730224609375,0.0274810791015625,-4.9713134765625,6248,6450]},{"name":null,"type":0,"depth":21,"symbol":2,"clipDepth":0,"id":10,"matrix":[-0.0868988037109375,-0.0004730224609375,0.0127410888671875,-2.30587768554688,6295,9215]},{"name":null,"type":0,"depth":23,"symbol":2,"clipDepth":0,"id":11,"matrix":[-0.0004730224609375,0.0868988037109375,-4.89280700683594,-0.02703857421875,3253,8539]},{"name":null,"type":0,"depth":25,"symbol":2,"clipDepth":0,"id":12,"matrix":[-0.0004730224609375,0.0868988037109375,-4.89280700683594,-0.02703857421875,3253,5231]},{"name":null,"type":0,"depth":27,"symbol":2,"clipDepth":0,"id":13,"matrix":[-0.0868988037109375,-0.0004730224609375,0.0332489013671875,-6.01727294921875,25345,14001]},{"name":null,"type":0,"depth":29,"symbol":2,"clipDepth":0,"id":14,"matrix":[-0.0868988037109375,-0.0004730224609375,0.054595947265625,-9.88076782226562,34883,13749]},{"name":null,"type":0,"depth":31,"symbol":2,"clipDepth":0,"id":15,"matrix":[-0.0868988037109375,-0.0004730224609375,0.022247314453125,-4.02536010742188,19685,9732]},{"name":null,"type":0,"depth":33,"symbol":2,"clipDepth":0,"id":16,"matrix":[-0.0004730224609375,0.0868988037109375,-5.0194091796875,-0.02777099609375,28367,5544]},{"name":null,"type":0,"depth":35,"symbol":2,"clipDepth":0,"id":17,"matrix":[-9.1552734375e-05,0.139297485351562,-16.5520629882812,-0.011932373046875,15531,8591]},{"name":null,"type":0,"depth":37,"symbol":2,"clipDepth":0,"id":18,"matrix":[-9.1552734375e-05,0.139297485351562,-16.5520629882812,-0.011932373046875,26506,8651]},{"name":null,"type":0,"depth":39,"symbol":2,"clipDepth":0,"id":19,"matrix":[-9.1552734375e-05,0.139297485351562,-9.09939575195312,-0.006561279296875,32782,6589]},{"name":null,"type":0,"depth":41,"symbol":2,"clipDepth":0,"id":20,"matrix":[-9.1552734375e-05,0.139297485351562,-9.09939575195312,-0.006561279296875,36731,11802]},{"name":null,"type":0,"depth":43,"symbol":2,"clipDepth":0,"id":21,"matrix":[-0.0868988037109375,-0.0004730224609375,0.027496337890625,-4.97732543945312,36834,6444]},{"name":null,"type":0,"depth":45,"symbol":2,"clipDepth":0,"id":22,"matrix":[-0.0004730224609375,0.0868988037109375,-5.82133483886719,-0.03216552734375,39942,5276]},{"name":null,"type":0,"depth":47,"symbol":2,"clipDepth":0,"id":23,"matrix":[-0.0004730224609375,0.0868988037109375,-5.82133483886719,-0.03216552734375,39942,8494]},{"name":null,"type":0,"depth":49,"symbol":2,"clipDepth":0,"id":24,"matrix":[-0.0868988037109375,-0.0004730224609375,0.01275634765625,-2.30865478515625,36712,9213]}]}]},{"type":5,"className":"com.darkness.tdp4.maps.view.MapBGS","baseClassName":null,"id":7,"frames":[{"objects":[{"name":null,"type":0,"depth":1,"symbol":6,"clipDepth":0,"id":0,"matrix":[1,0,0,1,0,0]}]}]},{"type":5,"id":6,"frames":[{"objects":[{"type":0,"depth":0,"symbol":5,"clipDepth":0,"id":0,"visible":true,"matrix":[1,0,0,1,0,0]}]}]},{"type":5,"className":"com.darkness.tdp4.maps.view.GameMap","baseClassName":null,"id":33,"frames":[{"objects":[{"name":null,"type":0,"depth":1,"symbol":32,"clipDepth":0,"id":0,"matrix":[1,0,0,1,-20000,-5000]},{"name":null,"type":0,"depth":240,"symbol":14,"clipDepth":0,"id":1,"matrix":[1,0,0,1,-20000,-5000]},{"name":null,"type":0,"depth":242,"symbol":11,"clipDepth":0,"id":2,"matrix":[1,0,0,1,-20000,-5000]},{"name":null,"type":0,"depth":614,"symbol":10,"clipDepth":0,"id":3,"matrix":[1,0,0,1,-20000,-5000]},{"name":null,"type":0,"depth":616,"symbol":8,"clipDepth":0,"id":4,"visible":false,"matrix":[1,0,0,1,-20000,-5000]}]}]},{"path":"symbols/5.jpg","type":0,"id":5},{"type":5,"className":"com.darkness.tdp4.maps.view.Map","baseClassName":null,"id":32,"frames":[{"objects":[{"name":null,"type":0,"depth":1,"symbol":16,"clipDepth":0,"id":0,"matrix":[1,0,0,1,0,0]},{"name":"respawnCon","type":0,"depth":2,"symbol":18,"clipDepth":0,"id":1,"matrix":[1,0,0,1,0,0]},{"name":"singlePlayerRespawnCon","type":0,"depth":42,"symbol":19,"clipDepth":0,"id":2,"matrix":[1,0,0,1,0,0]},{"name":"turretRespawn","type":0,"depth":82,"symbol":20,"clipDepth":0,"id":3,"matrix":[1,0,0,1,0,0]},{"name":"dominationRespawn","type":0,"depth":102,"symbol":21,"clipDepth":0,"id":4,"matrix":[1,0,0,1,0,0]},{"name":"controllPointsCon","type":0,"depth":114,"symbol":22,"clipDepth":0,"id":5,"matrix":[1,0,0,1,0,0]},{"name":"botRespawn","type":0,"depth":162,"symbol":23,"clipDepth":0,"id":6,"matrix":[1,0,0,1,0,0]},{"name":"itemCon","type":0,"depth":204,"symbol":24,"clipDepth":0,"id":7,"matrix":[1,0,0,1,0,0]},{"name":"waypoint_0","type":0,"depth":224,"symbol":26,"clipDepth":0,"id":8,"matrix":[0.58050537109375,0,0,2.5625,21540,2559]},{"name":"waypoint_1","type":0,"depth":226,"symbol":26,"clipDepth":0,"id":9,"matrix":[0.58050537109375,0,0,2.5625,27900,2559]},{"name":"waypoint_2","type":0,"depth":228,"symbol":26,"clipDepth":0,"id":10,"matrix":[0.58050537109375,0,0,2.5625,5116,10029]},{"name":"waypoint_3","type":0,"depth":230,"symbol":26,"clipDepth":0,"id":11,"matrix":[0.58050537109375,0,0,2.5625,7595,15216]},{"name":"waypoint_4","type":0,"depth":232,"symbol":26,"clipDepth":0,"id":12,"matrix":[0.58050537109375,0,0,2.5625,18535,13856]},{"name":"waypoint_5","type":0,"depth":234,"symbol":26,"clipDepth":0,"id":13,"matrix":[0.58050537109375,0,0,2.5625,25535,15496]},{"name":"waypoint_6","type":0,"depth":236,"symbol":26,"clipDepth":0,"id":14,"matrix":[0.58050537109375,0,0,2.5625,35175,11676]},{"name":"flagBaseCon","type":0,"depth":238,"symbol":31,"clipDepth":0,"id":15,"matrix":[1,0,0,1,0,0]}]}]},{"type":5,"className":"com.darkness.tdp4.maps.view.MapTop","baseClassName":null,"id":4,"frames":[{}]},{"type":5,"id":31,"frames":[{"objects":[{"name":"base_2","type":0,"depth":1,"symbol":28,"clipDepth":0,"id":0,"filters":[[0,40,40,1]],"matrix":[1,0,0,1,39160,7680]},{"name":"base_1","type":0,"depth":3,"symbol":30,"clipDepth":0,"id":1,"filters":[[0,40,40,1]],"matrix":[1,0,0,1,3840,7680]}]}]},{"type":5,"className":"com.darkness.tdp4.maps.view.MapBulletProofPolygonContainer","baseClassName":null,"id":3,"frames":[{"objects":[{"name":null,"type":0,"depth":1,"symbol":2,"clipDepth":0,"id":0,"matrix":[20.1814575195312,0,0,67.8947448730469,-2115,8478]},{"name":null,"type":0,"depth":3,"symbol":2,"clipDepth":0,"id":1,"matrix":[103.653305053711,-0.000518798828125,0.0495758056640625,17.7151031494141,20945,18514]},{"name":null,"type":0,"depth":5,"symbol":2,"clipDepth":0,"id":2,"matrix":[20.7849731445312,0,0,57.7478942871094,45225,10511]},{"name":null,"type":0,"depth":7,"symbol":2,"clipDepth":0,"id":3,"matrix":[123.031524658203,0,0,17.0662536621094,24720,-1726]},{"name":null,"type":0,"depth":9,"symbol":2,"clipDepth":0,"id":4,"matrix":[-0.0035552978515625,-4.17755126953125,28.1687469482422,-0.0237274169921875,21295,14379]},{"name":null,"type":0,"depth":11,"symbol":2,"clipDepth":0,"id":5,"matrix":[0.928878784179688,0.00238037109375,-0.011199951171875,4.34011840820312,26909,14525]},{"name":null,"type":0,"depth":13,"symbol":2,"clipDepth":0,"id":6,"matrix":[0.816680908203125,-0.000457763671875,0.0046844482421875,8.5972900390625,34843,13365]},{"name":null,"type":0,"depth":15,"symbol":2,"clipDepth":0,"id":7,"matrix":[9.900634765625,-0.005462646484375,0.000396728515625,0.7314453125,36659,11793]},{"name":null,"type":0,"depth":17,"symbol":2,"clipDepth":0,"id":8,"matrix":[6.59765625,-0.0036468505859375,0.0014190673828125,2.60134887695312,38864,14622]},{"name":null,"type":0,"depth":19,"symbol":2,"clipDepth":0,"id":9,"matrix":[4.22483825683594,-0.0023193359375,0.0023345947265625,4.25942993164062,39329,14136]},{"name":null,"type":0,"depth":21,"symbol":2,"clipDepth":0,"id":10,"matrix":[4.35516357421875,-0.002410888671875,0.00262451171875,4.81246948242188,3644,14266]},{"name":null,"type":0,"depth":23,"symbol":2,"clipDepth":0,"id":11,"matrix":[2.3194580078125,-0.0012969970703125,0.0015106201171875,2.76890563964844,4978,14673]},{"name":null,"type":0,"depth":25,"symbol":2,"clipDepth":0,"id":12,"matrix":[0.82928466796875,-0.000457763671875,0.0047149658203125,8.61358642578125,8043,13721]},{"name":null,"type":0,"depth":27,"symbol":2,"clipDepth":0,"id":13,"matrix":[10.3543090820312,-0.0057373046875,0.000457763671875,0.8402099609375,6139,11931]},{"name":null,"type":0,"depth":29,"symbol":2,"clipDepth":0,"id":14,"matrix":[6.70610046386719,-0.00372314453125,0.0003662109375,0.672332763671875,14092,5462]},{"name":null,"type":0,"depth":31,"symbol":2,"clipDepth":0,"id":15,"matrix":[10.0858306884766,-0.0055999755859375,0.0003662109375,0.672332763671875,32845,6555]},{"name":null,"type":0,"depth":33,"symbol":2,"clipDepth":0,"id":16,"matrix":[5.41831970214844,0.0074005126953125,-0.0004730224609375,0.357803344726562,39682,8485]},{"name":null,"type":0,"depth":35,"symbol":2,"clipDepth":0,"id":17,"matrix":[0.0063629150390625,-10.7924957275391,2.20416259765625,0.0013580322265625,40917,7339]},{"name":null,"type":0,"depth":37,"symbol":2,"clipDepth":0,"id":18,"matrix":[7.0565185546875,4.94645690917969,-0.16168212890625,0.230636596679688,38031,6262]},{"name":null,"type":0,"depth":39,"symbol":2,"clipDepth":0,"id":19,"matrix":[-0.0037384033203125,5.63623046875,-0.274658203125,-0.00018310546875,6472,6256]},{"name":null,"type":0,"depth":41,"symbol":2,"clipDepth":0,"id":20,"matrix":[-0.269821166992188,3.08189392089844,-0.66973876953125,-0.0586395263671875,6200,9344]},{"name":null,"type":0,"depth":43,"symbol":2,"clipDepth":0,"id":21,"matrix":[-6.84416198730469,0.0287628173828125,-0.0021820068359375,-0.524032592773438,3065,8524]},{"name":null,"type":0,"depth":45,"symbol":2,"clipDepth":0,"id":22,"matrix":[0.0203399658203125,-21.2695007324219,1.91966247558594,0.0019073486328125,1316,5900]},{"name":null,"type":0,"depth":47,"symbol":2,"clipDepth":0,"id":23,"matrix":[-7.2635498046875,5.11328125,0.206619262695312,0.293472290039062,5030,6206]},{"name":null,"type":0,"depth":49,"symbol":2,"clipDepth":0,"id":24,"matrix":[6.55731201171875,-0.0036468505859375,0.000213623046875,0.391250610351562,28480,5446]},{"name":null,"type":0,"depth":51,"symbol":2,"clipDepth":0,"id":25,"matrix":[22.3013305664062,-0.012420654296875,0.0003204345703125,0.601455688476562,21264,5105]},{"name":null,"type":0,"depth":53,"symbol":2,"clipDepth":0,"id":26,"matrix":[11.5390777587891,8.75492858886719,-2.69677734375,3.5543212890625,17175,7750]},{"name":null,"type":0,"depth":55,"symbol":2,"clipDepth":0,"id":27,"matrix":[11.6722564697266,-8.639892578125,2.57525634765625,3.47918701171875,25372,7763]},{"name":null,"type":0,"depth":57,"symbol":2,"clipDepth":0,"id":28,"matrix":[-15.6508483886719,0.0077056884765625,-0.0022735595703125,-4.76536560058594,15033,8700]},{"name":null,"type":0,"depth":59,"symbol":2,"clipDepth":0,"id":29,"matrix":[15.8924713134766,-0.007843017578125,0.0022735595703125,4.74444580078125,27440,8704]},{"name":null,"type":0,"depth":61,"symbol":2,"clipDepth":0,"id":30,"matrix":[9.9786376953125,-0.00555419921875,0.0003662109375,0.672332763671875,9715,6555]},{"name":null,"type":0,"depth":63,"symbol":2,"clipDepth":0,"id":31,"matrix":[4.2974853515625,-0.00238037109375,0.002593994140625,4.75578308105469,8996,14489]},{"name":null,"type":0,"depth":65,"symbol":2,"clipDepth":0,"id":32,"matrix":[2.74893188476562,-0.00152587890625,0.0003204345703125,0.587631225585938,5610,10036]},{"name":null,"type":0,"depth":67,"symbol":2,"clipDepth":0,"id":33,"matrix":[5.46148681640625,-0.003021240234375,0.00244140625,4.46551513671875,33774,14397]},{"name":null,"type":0,"depth":69,"symbol":2,"clipDepth":0,"id":34,"matrix":[6.035400390625,-0.00335693359375,0.0003662109375,0.672332763671875,39856,5272]},{"name":null,"type":0,"depth":71,"symbol":2,"clipDepth":0,"id":35,"matrix":[5.51255798339844,-0.0030670166015625,0.0003662109375,0.672332763671875,3282,5264]},{"name":null,"type":0,"depth":73,"symbol":2,"clipDepth":0,"id":36,"matrix":[3.36434936523438,0.027801513671875,-0.013397216796875,1.61869812011719,25265,13301]},{"name":null,"type":0,"depth":75,"symbol":2,"clipDepth":0,"id":37,"matrix":[1.46775817871094,0.0121307373046875,-0.0146026611328125,1.76382446289062,17300,13333]},{"name":null,"type":0,"depth":77,"symbol":2,"clipDepth":0,"id":38,"matrix":[0.408523559570312,0.0033721923828125,-0.06854248046875,8.281494140625,19961,10436]},{"name":null,"type":0,"depth":79,"symbol":2,"clipDepth":0,"id":39,"matrix":[0.408523559570312,0.0033721923828125,-0.06854248046875,8.281494140625,22607,10436]},{"name":null,"type":0,"depth":81,"symbol":2,"clipDepth":0,"id":40,"matrix":[0.821197509765625,0.04949951171875,-0.21270751953125,3.52786254882812,9921,14433]},{"name":null,"type":0,"depth":83,"symbol":2,"clipDepth":0,"id":41,"matrix":[0.8189697265625,0.0781707763671875,-0.306289672851562,3.2086181640625,10174,14524]},{"name":null,"type":0,"depth":85,"symbol":2,"clipDepth":0,"id":42,"matrix":[0.818283081054688,0.085052490234375,-0.296249389648438,2.8497314453125,10432,14602]},{"name":null,"type":0,"depth":87,"symbol":2,"clipDepth":0,"id":43,"matrix":[0.81634521484375,0.101959228515625,-0.297607421875,2.38255310058594,10680,14675]},{"name":null,"type":0,"depth":89,"symbol":2,"clipDepth":0,"id":44,"matrix":[0.816207885742188,0.103073120117188,-0.237808227539062,1.88290405273438,10953,14730]},{"name":null,"type":0,"depth":91,"symbol":2,"clipDepth":0,"id":45,"matrix":[0.815780639648438,0.106369018554688,-0.213638305664062,1.63835144042969,11227,14835]},{"name":null,"type":0,"depth":93,"symbol":2,"clipDepth":0,"id":46,"matrix":[0.817520141601562,0.0920867919921875,-0.146209716796875,1.29791259765625,11519,14910]},{"name":null,"type":0,"depth":95,"symbol":2,"clipDepth":0,"id":47,"matrix":[0.82269287109375,-0.000457763671875,0.0005340576171875,0.982421875,11738,15024]},{"name":null,"type":0,"depth":97,"symbol":2,"clipDepth":0,"id":48,"matrix":[0.82269287109375,-0.000457763671875,0.0004119873046875,0.759124755859375,12010,15139]},{"name":null,"type":0,"depth":99,"symbol":2,"clipDepth":0,"id":49,"matrix":[0.821136474609375,-0.0504150390625,0.273635864257812,4.45712280273438,15652,14598]},{"name":null,"type":0,"depth":101,"symbol":2,"clipDepth":0,"id":50,"matrix":[0.82269287109375,-0.000457763671875,0.0019683837890625,3.59471130371094,15060,14724]},{"name":null,"type":0,"depth":103,"symbol":2,"clipDepth":0,"id":51,"matrix":[0.821090698242188,-0.051422119140625,0.279052734375,4.456787109375,15375,14746]},{"name":null,"type":0,"depth":105,"symbol":2,"clipDepth":0,"id":52,"matrix":[0.82269287109375,-0.000457763671875,0.00164794921875,3.025390625,14818,14755]},{"name":null,"type":0,"depth":107,"symbol":2,"clipDepth":0,"id":53,"matrix":[0.82269287109375,-0.000457763671875,0.0016021728515625,2.93608093261719,14590,14914]},{"name":null,"type":0,"depth":109,"symbol":2,"clipDepth":0,"id":54,"matrix":[0.82269287109375,-0.000457763671875,0.0012969970703125,2.38381958007812,14318,14953]},{"name":null,"type":0,"depth":111,"symbol":2,"clipDepth":0,"id":55,"matrix":[0.82269287109375,-0.000457763671875,0.00128173828125,2.333251953125,14026,15099]},{"name":null,"type":0,"depth":113,"symbol":2,"clipDepth":0,"id":56,"matrix":[0.82269287109375,-0.000457763671875,0.0004730224609375,0.881912231445312,13571,15082]},{"name":null,"type":0,"depth":115,"symbol":2,"clipDepth":0,"id":57,"matrix":[0.82269287109375,-0.000457763671875,0.0009765625,1.77507019042969,13794,15144]},{"name":null,"type":0,"depth":117,"symbol":2,"clipDepth":0,"id":58,"matrix":[0.68865966796875,0.4500732421875,-0.861129760742188,1.31761169433594,17002,13438]},{"name":null,"type":0,"depth":119,"symbol":2,"clipDepth":0,"id":59,"matrix":[0.8724365234375,-0.0004730224609375,0.0007171630859375,1.31732177734375,17487,13347]},{"name":null,"type":0,"depth":121,"symbol":2,"clipDepth":0,"id":60,"matrix":[0.0381011962890625,-1.04957580566406,0.58013916015625,0.0210723876953125,17661,13366]},{"name":null,"type":0,"depth":123,"symbol":2,"clipDepth":0,"id":61,"matrix":[0.82269287109375,-0.000457763671875,0.0006866455078125,1.25033569335938,17372,12989]},{"name":null,"type":0,"depth":125,"symbol":2,"clipDepth":0,"id":62,"matrix":[1.58647155761719,-0.492034912109375,0.21697998046875,0.699615478515625,24659,12814]},{"name":null,"type":0,"depth":127,"symbol":2,"clipDepth":0,"id":63,"matrix":[1.17716979980469,0.479843139648438,-0.345046997070312,0.875762939453125,25089,12857]},{"name":null,"type":0,"depth":129,"symbol":2,"clipDepth":0,"id":64,"matrix":[2.27743530273438,-0.989486694335938,0.2457275390625,0.565597534179688,25599,12769]},{"name":null,"type":0,"depth":131,"symbol":2,"clipDepth":0,"id":65,"matrix":[1.77960205078125,0.01470947265625,-0.0045928955078125,0.554397583007812,25811,12951]},{"name":null,"type":0,"depth":133,"symbol":2,"clipDepth":0,"id":66,"matrix":[0.928878784179688,0.00238037109375,-0.0096435546875,3.7379150390625,27178,14543]},{"name":null,"type":0,"depth":135,"symbol":2,"clipDepth":0,"id":67,"matrix":[0.928878784179688,0.00238037109375,-0.0090484619140625,3.50946044921875,27414,14614]},{"name":null,"type":0,"depth":137,"symbol":2,"clipDepth":0,"id":68,"matrix":[0.928878784179688,0.00238037109375,-0.0088348388671875,3.4263916015625,27665,14731]},{"name":null,"type":0,"depth":139,"symbol":2,"clipDepth":0,"id":69,"matrix":[0.928878784179688,0.00238037109375,-0.0079803466796875,3.09414672851562,27887,14802]},{"name":null,"type":0,"depth":141,"symbol":2,"clipDepth":0,"id":70,"matrix":[0.928878784179688,0.00238037109375,-0.006591796875,2.55426025390625,28153,14833]},{"name":null,"type":0,"depth":143,"symbol":2,"clipDepth":0,"id":71,"matrix":[0.928878784179688,0.00238037109375,-0.0058135986328125,2.25401306152344,28427,14945]},{"name":null,"type":0,"depth":145,"symbol":2,"clipDepth":0,"id":72,"matrix":[0.928878784179688,0.00238037109375,-0.004608154296875,1.78594970703125,28700,15009]},{"name":null,"type":0,"depth":147,"symbol":2,"clipDepth":0,"id":73,"matrix":[0.928878784179688,0.00238037109375,-0.00347900390625,1.34977722167969,28967,15075]},{"name":null,"type":0,"depth":149,"symbol":2,"clipDepth":0,"id":74,"matrix":[0.928878784179688,0.00238037109375,-0.00347900390625,1.34977722167969,30493,15105]},{"name":null,"type":0,"depth":151,"symbol":2,"clipDepth":0,"id":75,"matrix":[0.928878784179688,0.00238037109375,-0.005218505859375,2.02244567871094,30747,15097]},{"name":null,"type":0,"depth":153,"symbol":2,"clipDepth":0,"id":76,"matrix":[0.928878784179688,0.00238037109375,-0.00634765625,2.45834350585938,31014,15074]},{"name":null,"type":0,"depth":155,"symbol":2,"clipDepth":0,"id":77,"matrix":[0.928878784179688,0.00238037109375,-0.0071868896484375,2.78460693359375,31274,15005]},{"name":null,"type":0,"depth":157,"symbol":2,"clipDepth":0,"id":78,"matrix":[0.928878784179688,0.00238037109375,-0.00811767578125,3.1435546875,31544,14938]},{"name":null,"type":0,"depth":159,"symbol":2,"clipDepth":0,"id":79,"matrix":[0.928878784179688,0.00238037109375,-0.009124755859375,3.53515625,31803,14856]},{"name":null,"type":0,"depth":161,"symbol":2,"clipDepth":0,"id":80,"matrix":[0.928878784179688,0.00238037109375,-0.009368896484375,3.63310241699219,32063,14732]},{"name":null,"type":0,"depth":163,"symbol":2,"clipDepth":0,"id":81,"matrix":[0.928878784179688,0.00238037109375,-0.01055908203125,4.08990478515625,32313,14645]},{"name":null,"type":0,"depth":165,"symbol":2,"clipDepth":0,"id":82,"matrix":[0.928878784179688,0.00238037109375,-0.011199951171875,4.34011840820312,32591,14513]},{"name":null,"type":0,"depth":167,"symbol":2,"clipDepth":0,"id":83,"matrix":[2.97215270996094,-0.0016632080078125,0.000885009765625,1.62101745605469,2179,14996]},{"name":null,"type":0,"depth":169,"symbol":2,"clipDepth":0,"id":84,"matrix":[1.00967407226562,-0.0005645751953125,0.00933837890625,17.0980834960938,2072,5066]},{"name":null,"type":0,"depth":171,"symbol":2,"clipDepth":0,"id":85,"matrix":[1.6119384765625,-0.0009002685546875,0.0059661865234375,10.9165496826172,2183,7319]},{"name":null,"type":0,"depth":173,"symbol":2,"clipDepth":0,"id":86,"matrix":[-2.28984069824219,0.0034942626953125,-0.00140380859375,-0.908737182617188,1788,9535]},{"name":null,"type":0,"depth":175,"symbol":2,"clipDepth":0,"id":87,"matrix":[-0.711944580078125,0.640167236328125,-0.449508666992188,-0.499923706054688,6071,9945]},{"name":null,"type":0,"depth":177,"symbol":2,"clipDepth":0,"id":88,"matrix":[-4.00238037109375,-2.95195007324219,0.401870727539062,-0.54486083984375,13613,6026]},{"name":null,"type":0,"depth":179,"symbol":2,"clipDepth":0,"id":89,"matrix":[-4.97320556640625,-0.013946533203125,0.002532958984375,-0.9010009765625,14209,5667]},{"name":null,"type":0,"depth":181,"symbol":2,"clipDepth":0,"id":90,"matrix":[-3.45745849609375,-0.0096893310546875,0.002532958984375,-0.9010009765625,14321,5974]},{"name":null,"type":0,"depth":183,"symbol":2,"clipDepth":0,"id":91,"matrix":[-1.5799560546875,-1.21685791015625,0.735214233398438,-0.954574584960938,14374,6198]},{"name":null,"type":0,"depth":185,"symbol":2,"clipDepth":0,"id":92,"matrix":[0.248291015625,-0.324432373046875,2.63401794433594,2.01571655273438,19382,10440]},{"name":null,"type":0,"depth":187,"symbol":2,"clipDepth":0,"id":93,"matrix":[2.32147216796875,-0.0134429931640625,0.0193023681640625,3.31671142578125,19442,9507]},{"name":null,"type":0,"depth":189,"symbol":2,"clipDepth":0,"id":94,"matrix":[1.0379638671875,-1.1956787109375,1.19598388671875,1.03814697265625,19543,10165]},{"name":null,"type":0,"depth":191,"symbol":2,"clipDepth":0,"id":95,"matrix":[0.0146484375,-1.58328247070312,0.89129638671875,0.008209228515625,19809,10383]},{"name":null,"type":0,"depth":193,"symbol":2,"clipDepth":0,"id":96,"matrix":[-0.014190673828125,5.93827819824219,-0.9964599609375,-0.0023956298828125,21381,2575]},{"name":null,"type":0,"depth":195,"symbol":2,"clipDepth":0,"id":97,"matrix":[-0.0176849365234375,7.40045166015625,-2.0177001953125,-0.004852294921875,21355,6706]},{"name":null,"type":0,"depth":197,"symbol":2,"clipDepth":0,"id":98,"matrix":[-2.01097106933594,-0.92303466796875,0.272872924804688,-0.594467163085938,17274,5297]},{"name":null,"type":0,"depth":199,"symbol":2,"clipDepth":0,"id":99,"matrix":[-1.9970703125,0.9527587890625,-0.281631469726562,-0.590362548828125,25263,5301]},{"name":null,"type":0,"depth":201,"symbol":2,"clipDepth":0,"id":100,"matrix":[-18.4620513916016,-0.0494842529296875,0.0029449462890625,-1.07937622070312,21276,5376]},{"name":null,"type":0,"depth":203,"symbol":2,"clipDepth":0,"id":101,"matrix":[-1.69877624511719,0.810440063476562,-0.281631469726562,-0.590362548828125,24892,5274]},{"name":null,"type":0,"depth":205,"symbol":2,"clipDepth":0,"id":102,"matrix":[-1.80709838867188,-0.526351928710938,0.182937622070312,-0.628005981445312,17676,5323]},{"name":null,"type":0,"depth":207,"symbol":2,"clipDepth":0,"id":103,"matrix":[-17.8679351806641,13.7109832763672,-0.257827758789062,-0.336029052734375,26196,8147]},{"name":null,"type":0,"depth":209,"symbol":2,"clipDepth":0,"id":104,"matrix":[5.57005310058594,-0.005523681640625,0.0004730224609375,0.524383544921875,28367,5591]},{"name":null,"type":0,"depth":211,"symbol":2,"clipDepth":0,"id":105,"matrix":[4.6043701171875,-0.0045623779296875,0.0004730224609375,0.524383544921875,28343,5803]},{"name":null,"type":0,"depth":213,"symbol":2,"clipDepth":0,"id":106,"matrix":[3.27398681640625,-0.0032501220703125,0.0004730224609375,0.524383544921875,28236,6006]},{"name":null,"type":0,"depth":215,"symbol":2,"clipDepth":0,"id":107,"matrix":[2.5665283203125,-0.0025482177734375,0.0004730224609375,0.524383544921875,28199,6175]},{"name":null,"type":0,"depth":217,"symbol":2,"clipDepth":0,"id":108,"matrix":[1.54122924804688,-0.00152587890625,0.0004730224609375,0.524383544921875,28174,6387]},{"name":null,"type":0,"depth":219,"symbol":2,"clipDepth":0,"id":109,"matrix":[3.83187866210938,-2.75674438476562,0.306198120117188,0.425689697265625,28513,6284]},{"name":null,"type":0,"depth":221,"symbol":2,"clipDepth":0,"id":110,"matrix":[0.0050048828125,3.27392578125,-1.9970703125,0.0028533935546875,23063,9621]},{"name":null,"type":0,"depth":223,"symbol":2,"clipDepth":0,"id":111,"matrix":[1.62236022949219,-1.18704223632812,0.634658813476562,0.867584228515625,23065,10219]},{"name":null,"type":0,"depth":225,"symbol":2,"clipDepth":0,"id":112,"matrix":[0.0012054443359375,0.789703369140625,-0.8486328125,0.0012054443359375,22789,10575]},{"name":null,"type":0,"depth":227,"symbol":2,"clipDepth":0,"id":113,"matrix":[2.97215270996094,-0.0016632080078125,0.000885009765625,1.62101745605469,40768,15046]},{"name":null,"type":0,"depth":229,"symbol":2,"clipDepth":0,"id":114,"matrix":[0.005584716796875,-9.48291015625,2.20416259765625,0.0013580322265625,41109,3283]},{"name":null,"type":0,"depth":231,"symbol":2,"clipDepth":0,"id":115,"matrix":[-0.0037384033203125,5.63623046875,-0.274658203125,-0.00018310546875,36644,6369]},{"name":null,"type":0,"depth":233,"symbol":2,"clipDepth":0,"id":116,"matrix":[0.23883056640625,3.08444213867188,-0.6702880859375,0.0518798828125,36719,9302]},{"name":null,"type":0,"depth":235,"symbol":2,"clipDepth":0,"id":117,"matrix":[2.74893188476562,-0.00152587890625,0.0003204345703125,0.587631225585938,37415,10055]},{"name":null,"type":0,"depth":237,"symbol":2,"clipDepth":0,"id":118,"matrix":[-0.7122802734375,-0.639755249023438,0.449249267578125,-0.500137329101562,36857,9933]},{"name":null,"type":0,"depth":239,"symbol":2,"clipDepth":0,"id":119,"matrix":[-2.28984069824219,0.0034942626953125,-0.00140380859375,-0.908737182617188,41173,9522]},{"name":null,"type":0,"depth":241,"symbol":2,"clipDepth":0,"id":120,"matrix":[-2.28984069824219,0.0034942626953125,-0.00140380859375,-0.908737182617188,41393,9680]},{"name":null,"type":0,"depth":243,"symbol":2,"clipDepth":0,"id":121,"matrix":[7.5191650390625,4.20989990234375,-0.307464599609375,0.54913330078125,28326,14449]},{"name":null,"type":0,"depth":245,"symbol":2,"clipDepth":0,"id":122,"matrix":[-7.49992370605469,4.2440185546875,0.3099365234375,0.547714233398438,31273,14415]},{"name":null,"type":0,"depth":247,"symbol":2,"clipDepth":0,"id":123,"matrix":[7.31214904785156,4.5599365234375,-0.3330078125,0.53399658203125,11212,14515]},{"name":null,"type":0,"depth":249,"symbol":2,"clipDepth":0,"id":124,"matrix":[-7.38749694824219,4.43678283691406,0.324005126953125,0.53948974609375,14275,14506]},{"name":null,"type":0,"depth":251,"symbol":2,"clipDepth":0,"id":125,"matrix":[0.828887939453125,-0.0255279541015625,0.152694702148438,4.95780944824219,8143,12830]},{"name":null,"type":0,"depth":253,"symbol":2,"clipDepth":0,"id":126,"matrix":[-0.828887939453125,-0.0255279541015625,-0.152694702148438,4.95780944824219,34721,12712]},{"name":null,"type":0,"depth":255,"symbol":2,"clipDepth":0,"id":127,"matrix":[-0.305206298828125,0.26611328125,0.8685302734375,0.995361328125,7859,6624]},{"name":null,"type":0,"depth":257,"symbol":2,"clipDepth":0,"id":128,"matrix":[0.305206298828125,0.26611328125,-0.8685302734375,0.995361328125,4257,5350]},{"name":null,"type":0,"depth":259,"symbol":2,"clipDepth":0,"id":129,"matrix":[0.305206298828125,0.26611328125,-0.8685302734375,0.995361328125,6358,5308]},{"name":null,"type":0,"depth":261,"symbol":2,"clipDepth":0,"id":130,"matrix":[0.305206298828125,0.26611328125,-0.8685302734375,0.995361328125,4281,8617]},{"name":null,"type":0,"depth":263,"symbol":2,"clipDepth":0,"id":131,"matrix":[0.305206298828125,0.26611328125,-0.397705078125,0.455780029296875,6349,8849]},{"name":null,"type":0,"depth":265,"symbol":2,"clipDepth":0,"id":132,"matrix":[0.305206298828125,0.26611328125,-0.8685302734375,0.995361328125,4389,13514]},{"name":null,"type":0,"depth":267,"symbol":2,"clipDepth":0,"id":133,"matrix":[0.305206298828125,0.26611328125,-0.8685302734375,0.995361328125,5318,14330]},{"name":null,"type":0,"depth":269,"symbol":2,"clipDepth":0,"id":134,"matrix":[0.828887939453125,-0.0255279541015625,0.152694702148438,4.95780944824219,4476,14378]},{"name":null,"type":0,"depth":271,"symbol":2,"clipDepth":0,"id":135,"matrix":[0.828887939453125,-0.0255279541015625,0.152694702148438,4.95780944824219,5401,15180]},{"name":null,"type":0,"depth":273,"symbol":2,"clipDepth":0,"id":136,"matrix":[0.0276947021484375,0.0662384033203125,-0.10528564453125,0.0439910888671875,17009,12993]},{"name":null,"type":0,"depth":275,"symbol":2,"clipDepth":0,"id":137,"matrix":[0.057159423828125,0.0941925048828125,-0.0816497802734375,0.04949951171875,17207,12762]},{"name":null,"type":0,"depth":277,"symbol":2,"clipDepth":0,"id":138,"matrix":[0.249618530273438,-0.318817138671875,0.246826171875,0.193389892578125,26000,12543]},{"name":null,"type":0,"depth":279,"symbol":2,"clipDepth":0,"id":139,"matrix":[-0.305206298828125,0.26611328125,0.333221435546875,0.381881713867188,16842,5073]},{"name":null,"type":0,"depth":281,"symbol":2,"clipDepth":0,"id":140,"matrix":[-0.305206298828125,0.26611328125,0.8685302734375,0.995361328125,12891,5540]},{"name":null,"type":0,"depth":283,"symbol":2,"clipDepth":0,"id":141,"matrix":[0.0535430908203125,2.28857421875,1.95350646972656,-0.0464324951171875,15469,7502]},{"name":null,"type":0,"depth":285,"symbol":2,"clipDepth":0,"id":142,"matrix":[0.0535430908203125,2.28857421875,1.9534912109375,-0.0464324951171875,27123,7502]},{"name":null,"type":0,"depth":287,"symbol":2,"clipDepth":0,"id":143,"matrix":[-0.305206298828125,0.26611328125,0.5596923828125,0.641448974609375,4124,11919]},{"name":null,"type":0,"depth":289,"symbol":2,"clipDepth":0,"id":144,"matrix":[-0.305206298828125,0.26611328125,0.8685302734375,0.995361328125,2899,13514]},{"name":null,"type":0,"depth":291,"symbol":2,"clipDepth":0,"id":145,"matrix":[0.827743530273438,0.0504150390625,-0.301605224609375,4.95097351074219,2785,14370]},{"name":null,"type":0,"depth":293,"symbol":2,"clipDepth":0,"id":146,"matrix":[0.305206298828125,0.26611328125,-0.8685302734375,0.995361328125,11585,6624]},{"name":null,"type":0,"depth":295,"symbol":2,"clipDepth":0,"id":147,"matrix":[-0.21514892578125,0.187606811523438,0.173065185546875,0.198333740234375,6130,8763]},{"name":null,"type":0,"depth":297,"symbol":2,"clipDepth":0,"id":148,"matrix":[-0.305206298828125,0.26611328125,0.2257080078125,0.2586669921875,8180,11835]},{"name":null,"type":0,"depth":299,"symbol":2,"clipDepth":0,"id":149,"matrix":[-0.305206298828125,0.26611328125,0.8685302734375,0.995361328125,12029,7974]},{"name":null,"type":0,"depth":301,"symbol":2,"clipDepth":0,"id":150,"matrix":[-0.352874755859375,0.198593139648438,0.107513427734375,0.19085693359375,22543,8823]},{"name":null,"type":0,"depth":303,"symbol":2,"clipDepth":0,"id":151,"matrix":[-0.380111694335938,-0.13946533203125,-0.11810302734375,0.322311401367188,19983,8819]},{"name":null,"type":0,"depth":305,"symbol":2,"clipDepth":0,"id":152,"matrix":[-0.186569213867188,0.359375,0.304733276367188,0.158050537109375,25722,5068]},{"name":null,"type":0,"depth":307,"symbol":2,"clipDepth":0,"id":153,"matrix":[-0.305206298828125,0.26611328125,0.2257080078125,0.2586669921875,29755,5444]},{"name":null,"type":0,"depth":309,"symbol":2,"clipDepth":0,"id":154,"matrix":[-0.305206298828125,0.26611328125,0.2257080078125,0.2586669921875,29717,5428]},{"name":null,"type":0,"depth":311,"symbol":2,"clipDepth":0,"id":155,"matrix":[-0.2518310546875,0.317062377929688,0.268890380859375,0.213409423828125,34859,6506]},{"name":null,"type":0,"depth":313,"symbol":2,"clipDepth":0,"id":156,"matrix":[-0.273361206054688,0.2987060546875,0.253326416015625,0.231658935546875,36786,8750]},{"name":null,"type":0,"depth":315,"symbol":2,"clipDepth":0,"id":157,"matrix":[-0.240524291992188,0.32574462890625,0.2762451171875,0.20379638671875,37957,10024]},{"name":null,"type":0,"depth":317,"symbol":2,"clipDepth":0,"id":158,"matrix":[-0.240447998046875,0.325790405273438,0.276275634765625,0.2037353515625,38636,11733]},{"name":null,"type":0,"depth":319,"symbol":2,"clipDepth":0,"id":159,"matrix":[-0.305206298828125,0.26611328125,0.2257080078125,0.2586669921875,40157,13367]},{"name":null,"type":0,"depth":321,"symbol":2,"clipDepth":0,"id":160,"matrix":[-0.305206298828125,0.26611328125,0.318161010742188,0.3646240234375,30847,6506]},{"name":null,"type":0,"depth":323,"symbol":2,"clipDepth":0,"id":161,"matrix":[-0.305206298828125,0.26611328125,0.318161010742188,0.3646240234375,34694,11737]},{"name":null,"type":0,"depth":325,"symbol":2,"clipDepth":0,"id":162,"matrix":[-0.305206298828125,0.26611328125,0.318161010742188,0.3646240234375,36555,8785]},{"name":null,"type":0,"depth":327,"symbol":2,"clipDepth":0,"id":163,"matrix":[-0.211654663085938,0.16748046875,0.222991943359375,0.28155517578125,38612,8487]},{"name":null,"type":0,"depth":329,"symbol":2,"clipDepth":0,"id":164,"matrix":[-0.305206298828125,0.26611328125,0.318161010742188,0.3646240234375,38670,5224]},{"name":null,"type":0,"depth":331,"symbol":2,"clipDepth":0,"id":165,"matrix":[-0.305206298828125,0.26611328125,0.318161010742188,0.3646240234375,36652,5298]},{"name":null,"type":0,"depth":333,"symbol":2,"clipDepth":0,"id":166,"matrix":[-0.264190673828125,0.306854248046875,0.3668212890625,0.315597534179688,30631,7861]},{"name":null,"type":0,"depth":335,"symbol":2,"clipDepth":0,"id":167,"matrix":[-0.305206298828125,0.26611328125,0.318161010742188,0.3646240234375,38493,13388]},{"name":null,"type":0,"depth":337,"symbol":2,"clipDepth":0,"id":168,"matrix":[-0.305206298828125,0.26611328125,0.318161010742188,0.3646240234375,37553,14196]},{"name":null,"type":0,"depth":339,"symbol":2,"clipDepth":0,"id":169,"matrix":[-0.828887939453125,-0.0255279541015625,-0.152694702148438,4.95780944824219,38524,14378]},{"name":null,"type":0,"depth":341,"symbol":2,"clipDepth":0,"id":170,"matrix":[-0.828887939453125,-0.0255279541015625,-0.152694702148438,4.95780944824219,37580,15180]},{"name":null,"type":0,"depth":343,"symbol":2,"clipDepth":0,"id":171,"matrix":[0.36962890625,4.77392578125,-0.6702880859375,0.0518798828125,40203,14346]},{"name":null,"type":0,"depth":345,"symbol":2,"clipDepth":0,"id":172,"matrix":[0.230377197265625,2.97550964355469,-0.192413330078125,0.014892578125,36893,9347]},{"name":null,"type":0,"depth":347,"symbol":2,"clipDepth":0,"id":173,"matrix":[-0.269821166992188,3.08189392089844,-0.66973876953125,-0.0586395263671875,6147,9396]},{"name":null,"type":0,"depth":349,"symbol":2,"clipDepth":0,"id":174,"matrix":[-0.36822509765625,0.2127685546875,0.663131713867188,1.10380554199219,17590,12984]},{"name":null,"type":0,"depth":351,"symbol":2,"clipDepth":0,"id":175,"matrix":[-0.264190673828125,0.306854248046875,0.3668212890625,0.315597534179688,29765,5436]},{"name":null,"type":0,"depth":353,"symbol":2,"clipDepth":0,"id":176,"matrix":[0.249618530273438,-0.318817138671875,0.246826171875,0.193389892578125,26154,12926]},{"name":null,"type":0,"depth":355,"symbol":2,"clipDepth":0,"id":177,"matrix":[-6.810302734375,-4.83274841308594,0.295379638671875,-0.416259765625,38038,6339]},{"name":null,"type":0,"depth":357,"symbol":2,"clipDepth":0,"id":178,"matrix":[6.810302734375,-4.83274841308594,-0.295379638671875,-0.416259765625,4995,6292]},{"name":null,"type":0,"depth":359,"symbol":2,"clipDepth":0,"id":179,"matrix":[0.82928466796875,-0.000457763671875,0.0047149658203125,8.61358642578125,7779,13721]},{"name":null,"type":0,"depth":361,"symbol":2,"clipDepth":0,"id":180,"matrix":[0.82928466796875,-0.000457763671875,0.0047149658203125,8.61358642578125,35130,13420]}]}]},{"type":5,"id":30,"frames":[{"objects":[{"name":null,"type":0,"depth":1,"symbol":29,"clipDepth":0,"id":0,"matrix":[1,0,0,1,0,0]}]}]},{"type":5,"id":2,"frames":[{"objects":[{"name":null,"type":0,"depth":1,"symbol":1,"clipDepth":0,"id":0,"matrix":[1,0,0,1,0,0]}]}]},{"type":4,"id":29,"commands":[3,5,1,16711680,0.250980392156863,8,692,-493,4,980,-206,980,200,4,980,606,692,892,4,405,1180,0,1180,4,-406,1180,-694,892,4,-980,606,-980,200,4,-980,-206,-694,-493,4,-406,-780,0,-780,4,405,-780,692,-493,5]},{"type":4,"id":1,"commands":[3,5,1,10092288,0.498039215686275,8,200,200,7,-200,200,7,-200,-200,7,200,-200,7,200,200,5]},{"type":5,"id":28,"frames":[{"objects":[{"name":null,"type":0,"depth":1,"symbol":27,"clipDepth":0,"id":0,"matrix":[1,0,0,1,0,0]}]}]}],"frameRate":12}