{"root":0,"uuid":"knOE2mXx75ShVXh9EhqM","version":0.1,"symbols":[{"type":5,"frames":[{}]},{"type":4,"id":27,"commands":[3,5,1,16711680,0.250980392156863,8,692,-493,4,980,-206,980,200,4,980,606,692,892,4,405,1180,0,1180,4,-406,1180,-694,892,4,-980,606,-980,200,4,-980,-206,-694,-493,4,-406,-780,0,-780,4,405,-780,692,-493,5]},{"type":5,"id":26,"frames":[{"objects":[{"name":null,"type":0,"depth":1,"symbol":25,"clipDepth":0,"id":0,"matrix":[1,0,0,1,0,0]}]}]},{"type":4,"id":25,"commands":[3,5,1,255,0.250980392156863,8,692,-493,4,980,-206,980,200,4,980,606,692,892,4,405,1180,0,1180,4,-406,1180,-694,892,4,-980,606,-980,200,4,-980,-206,-694,-493,4,-406,-780,0,-780,4,405,-780,692,-493,5]},{"type":5,"id":24,"frames":[{"objects":[{"name":null,"type":0,"depth":1,"symbol":23,"clipDepth":0,"id":0,"matrix":[1,0,0,1,0,0]}]}]},{"type":4,"id":23,"commands":[3,5,1,13311,0,8,1860,640,7,0,640,7,0,0,7,1860,0,7,1860,640,5]},{"type":5,"id":22,"frames":[{"objects":[{"name":null,"type":0,"depth":1,"symbol":17,"clipDepth":0,"id":0,"matrix":[1,0,0,1,2623,11573]},{"name":null,"type":0,"depth":3,"symbol":17,"clipDepth":0,"id":1,"matrix":[1,0,0,1,20103,7729]},{"name":null,"type":0,"depth":5,"symbol":17,"clipDepth":0,"id":2,"matrix":[1,0,0,1,11799,5879]},{"name":null,"type":0,"depth":7,"symbol":17,"clipDepth":0,"id":3,"matrix":[1,0,0,1,18025,14339]},{"name":null,"type":0,"depth":9,"symbol":17,"clipDepth":0,"id":4,"matrix":[1,0,0,1,3268,7904]},{"name":null,"type":0,"depth":11,"symbol":17,"clipDepth":0,"id":5,"matrix":[1,0,0,1,2784,4091]},{"name":null,"type":0,"depth":13,"symbol":17,"clipDepth":0,"id":6,"matrix":[1,0,0,1,20587,11412]},{"name":null,"type":0,"depth":15,"symbol":17,"clipDepth":0,"id":7,"matrix":[1,0,0,1,19337,4172]},{"name":null,"type":0,"depth":17,"symbol":17,"clipDepth":0,"id":8,"matrix":[1,0,0,1,4333,14176]},{"name":null,"type":0,"depth":19,"symbol":17,"clipDepth":0,"id":9,"matrix":[1,0,0,1,11074,15219]}]}]},{"type":5,"id":21,"frames":[{"objects":[{"name":null,"type":0,"depth":1,"symbol":17,"clipDepth":0,"id":0,"matrix":[1,0,0,1,3336,15831]},{"name":null,"type":0,"depth":3,"symbol":17,"clipDepth":0,"id":1,"matrix":[1,0,0,1,7769,16551]},{"name":null,"type":0,"depth":5,"symbol":17,"clipDepth":0,"id":2,"matrix":[1,0,0,1,13510,16509]},{"name":null,"type":0,"depth":7,"symbol":17,"clipDepth":0,"id":3,"matrix":[1,0,0,1,4620,15831]},{"name":null,"type":0,"depth":9,"symbol":17,"clipDepth":0,"id":4,"matrix":[1,0,0,1,18659,15512]},{"name":null,"type":0,"depth":11,"symbol":17,"clipDepth":0,"id":5,"matrix":[1,0,0,1,16715,15531]},{"name":null,"type":0,"depth":13,"symbol":17,"clipDepth":0,"id":6,"matrix":[1,0,0,1,11890,16509]},{"name":null,"type":0,"depth":15,"symbol":17,"clipDepth":0,"id":7,"matrix":[1,0,0,1,17719,15512]},{"name":null,"type":0,"depth":17,"symbol":17,"clipDepth":0,"id":8,"matrix":[1,0,0,1,9480,16531]},{"name":null,"type":0,"depth":19,"symbol":17,"clipDepth":0,"id":9,"matrix":[1,0,0,1,5670,15829]}]}]},{"type":5,"id":20,"frames":[{"objects":[{"name":null,"type":0,"depth":1,"symbol":17,"clipDepth":0,"id":0,"matrix":[1,0,0,1,0,0]},{"name":null,"type":0,"depth":3,"symbol":17,"clipDepth":0,"id":1,"matrix":[1,0,0,1,0,0]},{"name":null,"type":0,"depth":5,"symbol":17,"clipDepth":0,"id":2,"matrix":[1,0,0,1,0,0]},{"name":null,"type":0,"depth":7,"symbol":17,"clipDepth":0,"id":3,"matrix":[1,0,0,1,0,0]},{"name":null,"type":0,"depth":9,"symbol":17,"clipDepth":0,"id":4,"matrix":[1,0,0,1,0,0]},{"name":null,"type":0,"depth":11,"symbol":17,"clipDepth":0,"id":5,"matrix":[1,0,0,1,0,0]},{"name":null,"type":0,"depth":13,"symbol":17,"clipDepth":0,"id":6,"matrix":[1,0,0,1,0,0]},{"name":null,"type":0,"depth":15,"symbol":17,"clipDepth":0,"id":7,"matrix":[1,0,0,1,0,0]},{"name":null,"type":0,"depth":17,"symbol":17,"clipDepth":0,"id":8,"matrix":[1,0,0,1,0,0]},{"name":null,"type":0,"depth":19,"symbol":17,"clipDepth":0,"id":9,"matrix":[1,0,0,1,0,0]},{"name":null,"type":0,"depth":21,"symbol":17,"clipDepth":0,"id":10,"matrix":[1,0,0,1,0,0]},{"name":null,"type":0,"depth":23,"symbol":17,"clipDepth":0,"id":11,"matrix":[1,0,0,1,0,0]},{"name":null,"type":0,"depth":25,"symbol":17,"clipDepth":0,"id":12,"matrix":[1,0,0,1,0,0]},{"name":null,"type":0,"depth":27,"symbol":17,"clipDepth":0,"id":13,"matrix":[1,0,0,1,0,0]},{"name":null,"type":0,"depth":29,"symbol":17,"clipDepth":0,"id":14,"matrix":[1,0,0,1,0,0]},{"name":null,"type":0,"depth":31,"symbol":17,"clipDepth":0,"id":15,"matrix":[1,0,0,1,0,0]},{"name":null,"type":0,"depth":33,"symbol":17,"clipDepth":0,"id":16,"matrix":[1,0,0,1,0,0]},{"name":null,"type":0,"depth":35,"symbol":17,"clipDepth":0,"id":17,"matrix":[1,0,0,1,0,0]},{"name":null,"type":0,"depth":37,"symbol":17,"clipDepth":0,"id":18,"matrix":[1,0,0,1,0,0]},{"name":null,"type":0,"depth":39,"symbol":17,"clipDepth":0,"id":19,"matrix":[1,0,0,1,0,0]},{"name":null,"type":0,"depth":41,"symbol":17,"clipDepth":0,"id":20,"matrix":[1,0,0,1,0,0]}]}]},{"type":5,"id":19,"frames":[{}]},{"type":5,"id":18,"frames":[{"objects":[{"name":null,"type":0,"depth":1,"symbol":17,"clipDepth":0,"id":0,"matrix":[0.77056884765625,0,0,0.77056884765625,3151,8005]},{"name":null,"type":0,"depth":3,"symbol":17,"clipDepth":0,"id":1,"matrix":[0.77056884765625,0,0,0.77056884765625,11899,5100]},{"name":null,"type":0,"depth":5,"symbol":17,"clipDepth":0,"id":2,"matrix":[0.77056884765625,0,0,0.77056884765625,19732,11202]},{"name":null,"type":0,"depth":7,"symbol":17,"clipDepth":0,"id":3,"matrix":[0.77056884765625,0,0,0.77056884765625,13290,14419]},{"name":null,"type":0,"depth":9,"symbol":17,"clipDepth":0,"id":4,"matrix":[0.77056884765625,0,0,0.77056884765625,8546,10117]},{"name":null,"type":0,"depth":11,"symbol":17,"clipDepth":0,"id":5,"matrix":[0.77056884765625,0,0,0.77056884765625,2668,10956]},{"name":null,"type":0,"depth":13,"symbol":17,"clipDepth":0,"id":6,"matrix":[0.77056884765625,0,0,0.77056884765625,6750,5267]},{"name":null,"type":0,"depth":15,"symbol":17,"clipDepth":0,"id":7,"matrix":[0.77056884765625,0,0,0.77056884765625,15220,5166]},{"name":null,"type":0,"depth":17,"symbol":17,"clipDepth":0,"id":8,"matrix":[0.77056884765625,0,0,0.77056884765625,9130,5125]},{"name":null,"type":0,"depth":19,"symbol":17,"clipDepth":0,"id":9,"matrix":[0.77056884765625,0,0,0.77056884765625,6156,9972]},{"name":null,"type":0,"depth":21,"symbol":17,"clipDepth":0,"id":10,"matrix":[0.77056884765625,0,0,0.77056884765625,19164,4150]},{"name":null,"type":0,"depth":23,"symbol":17,"clipDepth":0,"id":11,"matrix":[0.77056884765625,0,0,0.77056884765625,18439,13865]},{"name":null,"type":0,"depth":25,"symbol":17,"clipDepth":0,"id":12,"matrix":[0.77056884765625,0,0,0.77056884765625,11106,14525]},{"name":null,"type":0,"depth":27,"symbol":17,"clipDepth":0,"id":13,"matrix":[0.77056884765625,0,0,0.77056884765625,3218,3714]},{"name":null,"type":0,"depth":29,"symbol":17,"clipDepth":0,"id":14,"matrix":[0.77056884765625,0,0,0.77056884765625,9197,14532]},{"name":null,"type":0,"depth":31,"symbol":17,"clipDepth":0,"id":15,"matrix":[0.77056884765625,0,0,0.77056884765625,14115,9230]},{"name":null,"type":0,"depth":33,"symbol":17,"clipDepth":0,"id":16,"matrix":[0.77056884765625,0,0,0.77056884765625,3454,14202]},{"name":null,"type":0,"depth":35,"symbol":17,"clipDepth":0,"id":17,"matrix":[0.77056884765625,0,0,0.77056884765625,6080,13719]},{"name":null,"type":0,"depth":37,"symbol":17,"clipDepth":0,"id":18,"matrix":[0.77056884765625,0,0,0.77056884765625,19981,7507]},{"name":null,"type":0,"depth":39,"symbol":17,"clipDepth":0,"id":19,"matrix":[0.77056884765625,0,0,0.77056884765625,11040,9696]}]}]},{"type":5,"id":17,"frames":[{}]},{"type":5,"id":16,"frames":[{"objects":[{"type":0,"depth":0,"symbol":15,"clipDepth":0,"id":0,"visible":true,"matrix":[1,0,0,1,0,0]}]}]},{"path":"symbols/15.jpg","type":0,"id":15,"alpha":"symbols/15a.png"},{"type":5,"className":"com.darkness.tdp4.maps.view.MapGFX","baseClassName":null,"id":14,"frames":[{"objects":[{"name":null,"type":0,"depth":1,"symbol":13,"clipDepth":0,"id":0,"matrix":[1,0,0,1,0,0]}]}]},{"type":5,"id":13,"frames":[{"objects":[{"type":0,"depth":0,"symbol":12,"clipDepth":0,"id":0,"visible":true,"matrix":[1,0,0,1,0,0]}]}]},{"path":"symbols/12.jpg","type":0,"id":12,"alpha":"symbols/12a.png"},{"type":5,"className":"com.darkness.tdp4.maps.view.MapPolygonContainer","baseClassName":null,"id":11,"frames":[{"objects":[{"name":null,"type":0,"depth":1,"symbol":2,"clipDepth":0,"id":0,"matrix":[0.383255004882812,0,0,42.5320281982422,26,8454]},{"name":null,"type":0,"depth":3,"symbol":2,"clipDepth":0,"id":1,"matrix":[55.4736022949219,0,0,0.16534423828125,11156,1]},{"name":null,"type":0,"depth":5,"symbol":2,"clipDepth":0,"id":2,"matrix":[0.412841796875,0,0,42.4182281494141,22308,8470]},{"name":null,"type":0,"depth":7,"symbol":2,"clipDepth":0,"id":3,"matrix":[0.0200958251953125,-1.15353393554688,28.6692352294922,0.49749755859375,11150,6746]},{"name":null,"type":0,"depth":9,"symbol":2,"clipDepth":0,"id":4,"matrix":[-0.000213623046875,-0.69708251953125,7.55278015136719,-0.002166748046875,2405,8907]},{"name":null,"type":0,"depth":11,"symbol":2,"clipDepth":0,"id":5,"matrix":[-0.0002288818359375,-0.769577026367188,9.17607116699219,-0.002655029296875,1860,12429]},{"name":null,"type":0,"depth":13,"symbol":2,"clipDepth":0,"id":6,"matrix":[-0.104644775390625,-1.04412841796875,27.5153198242188,-2.757080078125,11109,10707]},{"name":null,"type":0,"depth":15,"symbol":2,"clipDepth":0,"id":7,"matrix":[0.0059814453125,0.76904296875,-10.2257080078125,0.079681396484375,20268,5334]},{"name":null,"type":0,"depth":17,"symbol":2,"clipDepth":0,"id":8,"matrix":[0.0023345947265625,0.768890380859375,-8.8719482421875,0.0269317626953125,20489,12377]},{"name":null,"type":0,"depth":19,"symbol":2,"clipDepth":0,"id":9,"matrix":[-0.0005340576171875,-1.82017517089844,6.22845458984375,-0.0017547607421875,6969,14663]},{"name":null,"type":0,"depth":21,"symbol":2,"clipDepth":0,"id":10,"matrix":[-0.0009765625,-3.3170166015625,17.797607421875,-0.0052032470703125,3488,15658]},{"name":null,"type":0,"depth":23,"symbol":2,"clipDepth":0,"id":11,"matrix":[-0.0010223388671875,-3.46202087402344,17.8583679199219,-0.005218505859375,18715,15671]},{"name":null,"type":0,"depth":25,"symbol":2,"clipDepth":0,"id":12,"matrix":[0.181045532226562,-0.22259521484375,0.93170166015625,0.7578125,3796,8666]},{"name":null,"type":0,"depth":27,"symbol":2,"clipDepth":0,"id":13,"matrix":[-0.000213623046875,-0.69708251953125,2.60221862792969,-0.0007476806640625,3125,8610]},{"name":null,"type":0,"depth":29,"symbol":2,"clipDepth":0,"id":14,"matrix":[0.0199737548828125,-0.769241333007812,4.2496337890625,0.110427856445312,1750,8366]},{"name":null,"type":0,"depth":31,"symbol":2,"clipDepth":0,"id":15,"matrix":[-2.50628662109375,0.0007476806640625,-0.0021209716796875,-7.42044067382812,1584,6818]},{"name":null,"type":0,"depth":33,"symbol":2,"clipDepth":0,"id":16,"matrix":[0.217498779296875,-0.230194091796875,0.963485717773438,0.910324096679688,2743,8454]},{"name":null,"type":0,"depth":35,"symbol":2,"clipDepth":0,"id":17,"matrix":[-0.769577026367188,0.0002288818359375,-0.00177001953125,-6.15155029296875,2747,13750]},{"name":null,"type":0,"depth":37,"symbol":2,"clipDepth":0,"id":18,"matrix":[-0.769577026367188,0.0002288818359375,-0.0029296875,-10.2274322509766,1267,10390]},{"name":null,"type":0,"depth":39,"symbol":2,"clipDepth":0,"id":19,"matrix":[0.00018310546875,-0.6102294921875,-6.59515380859375,-0.001800537109375,19755,8866]},{"name":null,"type":0,"depth":41,"symbol":2,"clipDepth":0,"id":20,"matrix":[-0.167007446289062,-0.194869995117188,-0.859405517578125,0.66339111328125,18539,8638]},{"name":null,"type":0,"depth":43,"symbol":2,"clipDepth":0,"id":21,"matrix":[0.00018310546875,-0.6102294921875,-2.40029907226562,-0.000640869140625,19157,8595]},{"name":null,"type":0,"depth":45,"symbol":2,"clipDepth":0,"id":22,"matrix":[-0.024017333984375,-0.609664916992188,-5.49330139160156,0.216552734375,20659,8327]},{"name":null,"type":0,"depth":47,"symbol":2,"clipDepth":0,"id":23,"matrix":[-0.16351318359375,-0.198959350585938,-0.8699951171875,0.642013549804688,19416,8414]},{"name":null,"type":0,"depth":49,"symbol":2,"clipDepth":0,"id":24,"matrix":[-0.000518798828125,-1.7786865234375,6.30661010742188,-0.0017547607421875,15623,14647]},{"name":null,"type":0,"depth":51,"symbol":2,"clipDepth":0,"id":25,"matrix":[-0.0018463134765625,1.1849365234375,-8.12046813964844,-0.0125579833984375,20719,4985]},{"name":null,"type":0,"depth":53,"symbol":2,"clipDepth":0,"id":26,"matrix":[-0.0061187744140625,0.76904296875,9.1663818359375,0.069915771484375,2194,5305]},{"name":null,"type":0,"depth":55,"symbol":2,"clipDepth":0,"id":27,"matrix":[0.00201416015625,1.25643920898438,7.788818359375,-0.01177978515625,1548,4921]},{"name":null,"type":0,"depth":57,"symbol":2,"clipDepth":0,"id":28,"matrix":[0.0916748046875,-0.413467407226562,1.67509460449219,0.371444702148438,3087,15021]},{"name":null,"type":0,"depth":59,"symbol":2,"clipDepth":0,"id":29,"matrix":[-0.157241821289062,-0.392547607421875,-2.02700805664062,0.8118896484375,18999,14973]},{"name":null,"type":0,"depth":61,"symbol":2,"clipDepth":0,"id":30,"matrix":[0.768890380859375,-0.0023345947265625,0.0191192626953125,6.28984069824219,19471,13751]},{"name":null,"type":0,"depth":63,"symbol":2,"clipDepth":0,"id":31,"matrix":[-0.0333251953125,11.8341674804688,5.91444396972656,0.01715087890625,1167,2400]},{"name":null,"type":0,"depth":65,"symbol":2,"clipDepth":0,"id":32,"matrix":[-0.769577026367188,0.0002288818359375,-0.0021209716796875,-7.42044067382812,20672,6818]},{"name":null,"type":0,"depth":67,"symbol":2,"clipDepth":0,"id":33,"matrix":[-0.769577026367188,0.0002288818359375,-0.0029296875,-10.2274322509766,20992,10390]},{"name":null,"type":0,"depth":69,"symbol":2,"clipDepth":0,"id":34,"matrix":[-2.52658081054688,0.0007476806640625,-0.004852294921875,-16.9504089355469,589,8864]},{"name":null,"type":0,"depth":71,"symbol":2,"clipDepth":0,"id":35,"matrix":[2.67680358886719,-0.0081329345703125,0.0289154052734375,9.51373291015625,21672,10321]},{"name":null,"type":0,"depth":73,"symbol":2,"clipDepth":0,"id":36,"matrix":[6.61398315429688,-0.02008056640625,0.0191192626953125,6.28984069824219,20930,13765]},{"name":null,"type":0,"depth":75,"symbol":2,"clipDepth":0,"id":37,"matrix":[3.6212158203125,-0.0110015869140625,0.0207061767578125,6.81137084960938,21511,6815]},{"name":null,"type":0,"depth":77,"symbol":2,"clipDepth":0,"id":38,"matrix":[6.29649353027344,-0.0191192626953125,0.017822265625,5.86312866210938,1366,13704]},{"name":null,"type":0,"depth":79,"symbol":2,"clipDepth":0,"id":39,"matrix":[-11.3788299560547,0.0033721923828125,-0.0157928466796875,-55.1736450195312,23206,8265]},{"name":null,"type":0,"depth":81,"symbol":2,"clipDepth":0,"id":40,"matrix":[-69.7644500732422,0.0206451416015625,-0.002105712890625,-7.35502624511719,10845,-1286]},{"name":null,"type":0,"depth":83,"symbol":2,"clipDepth":0,"id":41,"matrix":[-11.0821228027344,0.0032806396484375,-0.015106201171875,-52.7532653808594,-895,8620]},{"name":null,"type":0,"depth":85,"symbol":2,"clipDepth":0,"id":42,"matrix":[-70.4792938232422,0.020843505859375,-0.0021209716796875,-7.39718627929688,11132,17573]},{"name":null,"type":0,"depth":87,"symbol":2,"clipDepth":0,"id":43,"matrix":[0.5982666015625,-0.5487060546875,0.497299194335938,0.542205810546875,5401,6624]},{"name":null,"type":0,"depth":89,"symbol":2,"clipDepth":0,"id":44,"matrix":[0.62664794921875,0.57745361328125,-0.498519897460938,0.540985107421875,16910,6825]},{"name":null,"type":0,"depth":91,"symbol":2,"clipDepth":0,"id":45,"matrix":[0.494293212890625,-0.388427734375,0.28643798828125,0.364501953125,5546,11192]},{"name":null,"type":0,"depth":93,"symbol":2,"clipDepth":0,"id":46,"matrix":[0.5394287109375,0.398040771484375,-0.436813354492188,0.591949462890625,16617,10124]},{"name":null,"type":0,"depth":95,"symbol":2,"clipDepth":0,"id":47,"matrix":[0.47357177734375,-0.413467407226562,0.304916381835938,0.349227905273438,18683,12370]},{"name":null,"type":0,"depth":97,"symbol":2,"clipDepth":0,"id":48,"matrix":[0.464462280273438,-0.42364501953125,0.31243896484375,0.342529296875,14335,14442]},{"name":null,"type":0,"depth":99,"symbol":2,"clipDepth":0,"id":49,"matrix":[0.160736083984375,-0.135986328125,0.2994384765625,0.353912353515625,5749,14378]},{"name":null,"type":0,"depth":101,"symbol":2,"clipDepth":0,"id":50,"matrix":[0.509140014648438,0.4361572265625,-0.478622436523438,0.558700561523438,8207,14493]},{"name":null,"type":0,"depth":103,"symbol":2,"clipDepth":0,"id":51,"matrix":[0.191329956054688,0.168441772460938,-0.48614501953125,0.552154541015625,16829,14416]},{"name":null,"type":0,"depth":105,"symbol":2,"clipDepth":0,"id":52,"matrix":[0.373626708984375,0.255233764648438,-0.26025390625,0.3809814453125,3713,12394]},{"name":null,"type":0,"depth":107,"symbol":2,"clipDepth":0,"id":53,"matrix":[0.526275634765625,0.415328979492188,-0.455780029296875,0.5775146484375,4038,5358]},{"name":null,"type":0,"depth":109,"symbol":2,"clipDepth":0,"id":54,"matrix":[0.526275634765625,0.415328979492188,-0.455780029296875,0.5775146484375,3115,4860]},{"name":null,"type":0,"depth":111,"symbol":2,"clipDepth":0,"id":55,"matrix":[0.478988647460938,-0.407135009765625,0.300262451171875,0.353240966796875,18187,5342]},{"name":null,"type":0,"depth":113,"symbol":2,"clipDepth":0,"id":56,"matrix":[0.460739135742188,-0.427703857421875,0.315414428710938,0.33978271484375,19070,4887]},{"name":null,"type":0,"depth":115,"symbol":2,"clipDepth":0,"id":57,"matrix":[-0.769577026367188,0.0002288818359375,-0.0004730224609375,-1.77365112304688,16792,14690]},{"name":null,"type":0,"depth":117,"symbol":2,"clipDepth":0,"id":58,"matrix":[-0.769577026367188,0.0002288818359375,-0.0004425048828125,-1.69557189941406,5825,14675]},{"name":null,"type":0,"depth":119,"symbol":2,"clipDepth":0,"id":59,"matrix":[-0.0333251953125,11.8341674804688,5.91444396972656,0.01715087890625,20939,2396]}]}]},{"type":5,"className":"com.darkness.tdp4.maps.view.MapGFXBack","baseClassName":null,"id":10,"frames":[{"objects":[{"name":null,"type":0,"depth":1,"symbol":9,"clipDepth":0,"id":0,"matrix":[1,0,0,1,0,0]}]}]},{"type":4,"id":9,"commands":[3,5,1,255,0.698039215686274,8,2401,4669,7,3195,4668,7,3195,5159,7,4143,5166,7,4141,5474,7,2101,5458,7,2101,5468,7,1373,5468,7,1373,8243,7,2611,8243,7,2853,8471,7,3645,8471,7,3646,8469,7,4020,8769,7,4020,9047,7,2613,9047,7,2613,9050,7,1421,9050,7,1422,12276,7,3781,12274,7,3781,12582,7,2901,12583,7,2901,14889,7,5755,14888,7,5755,14299,7,8301,14299,7,8301,14919,7,7155,14919,7,7155,15916,7,15143,15916,7,15143,14919,7,14277,14919,7,14277,14299,7,16823,14299,7,16823,14908,7,18299,14907,7,18299,14919,7,19281,14919,7,19281,14697,7,19320,14681,7,19313,12538,7,18567,12540,7,18567,12232,7,20839,12225,7,20838,8990,7,19585,8990,7,19585,8989,7,18332,8989,7,18332,8745,7,18677,8473,7,19276,8473,7,19523,8252,7,20518,8211,7,20518,8163,7,20942,8163,7,20942,5469,7,20711,5469,7,20711,5407,7,18157,5407,7,18155,5196,7,19002,5190,7,19002,4745,7,19767,4747,7,19768,4406,7,20545,4406,7,20545,1360,7,18833,1360,7,18833,1309,7,2770,1309,7,2770,1335,7,1460,1335,7,1460,4633,7,2401,4633,7,2401,4669,8,5426,6972,7,5407,6870,7,5360,6619,7,17017,6619,7,16906,6870,7,16850,6995,7,16936,6995,7,16878,7126,7,6328,7126,7,5456,7097,7,5437,6995,7,6117,6995,7,5426,6972,8,16360,10451,7,16241,10462,7,15982,10484,7,15941,10488,7,6038,11353,7,5941,11276,7,5567,11290,7,5567,10991,7,5600,11003,7,5588,10993,7,16206,10043,7,16206,10039,7,16874,9979,7,16853,10012,7,16853,10419,7,16594,10442,7,16553,10445,7,16553,10431,7,16363,10448,7,16360,10451,8,21965,400,7,21965,16804,7,400,16804,7,401,400,7,21965,400,5]},{"type":5,"className":"com.darkness.tdp4.maps.view.MapTestPolygonContainer","baseClassName":null,"id":8,"frames":[{"objects":[{"name":null,"type":0,"depth":1,"symbol":2,"clipDepth":0,"id":0,"matrix":[-0.0868988037109375,-0.0004730224609375,0.02777099609375,-5.02487182617188,6859,15417]},{"name":null,"type":0,"depth":3,"symbol":2,"clipDepth":0,"id":1,"matrix":[-0.0004730224609375,0.0868988037109375,-5.07249450683594,-0.0280303955078125,7031,11134]},{"name":null,"type":0,"depth":5,"symbol":2,"clipDepth":0,"id":2,"matrix":[-6.103515625e-05,0.0868988037109375,-7.6461181640625,-0.0055084228515625,2072,12469]},{"name":null,"type":0,"depth":7,"symbol":2,"clipDepth":0,"id":3,"matrix":[-6.103515625e-05,0.0868988037109375,-28.1090545654297,-0.0202484130859375,11173,6824]},{"name":null,"type":0,"depth":9,"symbol":2,"clipDepth":0,"id":4,"matrix":[-0.0868988037109375,-0.0004730224609375,0.0299530029296875,-5.41925048828125,15402,15463]},{"name":null,"type":0,"depth":11,"symbol":2,"clipDepth":0,"id":5,"matrix":[-6.103515625e-05,0.0868988037109375,-5.116455078125,-0.003692626953125,6947,14528]},{"name":null,"type":0,"depth":13,"symbol":2,"clipDepth":0,"id":6,"matrix":[-6.103515625e-05,0.0868988037109375,-5.57464599609375,-0.0040283203125,15491,14448]},{"name":null,"type":0,"depth":15,"symbol":2,"clipDepth":0,"id":7,"matrix":[-6.103515625e-05,0.0868988037109375,-7.6461181640625,-0.0055084228515625,20199,12369]},{"name":null,"type":0,"depth":17,"symbol":2,"clipDepth":0,"id":8,"matrix":[-6.103515625e-05,0.0868988037109375,-2.37750244140625,-0.001708984375,18916,8808]},{"name":null,"type":0,"depth":19,"symbol":2,"clipDepth":0,"id":9,"matrix":[-6.103515625e-05,0.0868988037109375,-6.15667724609375,-0.004425048828125,19542,5330]},{"name":null,"type":0,"depth":21,"symbol":2,"clipDepth":0,"id":10,"matrix":[-6.103515625e-05,0.0868988037109375,-6.15667724609375,-0.004425048828125,2760,5289]},{"name":null,"type":0,"depth":23,"symbol":2,"clipDepth":0,"id":11,"matrix":[-6.103515625e-05,0.0868988037109375,-2.32791137695312,-0.001678466796875,3264,8848]},{"name":null,"type":0,"depth":25,"symbol":2,"clipDepth":0,"id":12,"matrix":[-0.0004730224609375,0.0868988037109375,-5.07249450683594,-0.0280303955078125,8780,10969]},{"name":null,"type":0,"depth":27,"symbol":2,"clipDepth":0,"id":13,"matrix":[-0.0004730224609375,0.0868988037109375,-5.07249450683594,-0.0280303955078125,10759,10769]},{"name":null,"type":0,"depth":29,"symbol":2,"clipDepth":0,"id":14,"matrix":[-0.0004730224609375,0.0868988037109375,-5.07249450683594,-0.0280303955078125,12699,10569]},{"name":null,"type":0,"depth":31,"symbol":2,"clipDepth":0,"id":15,"matrix":[-0.0004730224609375,0.0868988037109375,-5.86747741699219,-0.0324249267578125,14941,10350]}]}]},{"type":5,"className":"com.darkness.tdp4.maps.view.MapBGS","baseClassName":null,"id":7,"frames":[{"objects":[{"name":null,"type":0,"depth":1,"symbol":6,"clipDepth":0,"id":0,"matrix":[1,0,0,1,0,0]}]}]},{"type":5,"id":6,"frames":[{"objects":[{"type":0,"depth":0,"symbol":5,"clipDepth":0,"id":0,"visible":true,"matrix":[1,0,0,1,0,0]}]}]},{"path":"symbols/5.jpg","type":0,"id":5},{"type":5,"className":"com.darkness.tdp4.maps.view.MapTop","baseClassName":null,"id":4,"frames":[{}]},{"type":5,"className":"com.darkness.tdp4.maps.view.GameMap","baseClassName":null,"id":31,"frames":[{"objects":[{"name":null,"type":0,"depth":1,"symbol":30,"clipDepth":0,"id":0,"matrix":[1,0,0,1,-5500,-4000]},{"name":null,"type":0,"depth":142,"cacheAsBitmap":true,"symbol":14,"clipDepth":0,"id":1,"matrix":[1,0,0,1,-5500,-4000]},{"name":null,"type":0,"depth":144,"symbol":11,"clipDepth":0,"id":2,"matrix":[1,0,0,1,-5500,-4000]},{"name":null,"type":0,"depth":264,"symbol":10,"clipDepth":0,"id":3,"visible":false,"matrix":[1,0,0,1,-5500,-4000]},{"name":null,"type":0,"depth":266,"symbol":8,"clipDepth":0,"id":4,"visible":false,"matrix":[1,0,0,1,-5500,-4000]}]}]},{"type":5,"className":"com.darkness.tdp4.maps.view.MapBulletProofPolygonContainer","baseClassName":null,"id":3,"frames":[{"objects":[{"name":null,"type":0,"depth":1,"symbol":2,"clipDepth":0,"id":0,"matrix":[0.383255004882812,0,0,42.5320281982422,26,8454]},{"name":null,"type":0,"depth":3,"symbol":2,"clipDepth":0,"id":1,"matrix":[55.6940612792969,0,0,2.7369384765625,10349,16463]},{"name":null,"type":0,"depth":5,"symbol":2,"clipDepth":0,"id":2,"matrix":[55.4736022949219,0,0,0.16534423828125,11156,1]},{"name":null,"type":0,"depth":7,"symbol":2,"clipDepth":0,"id":3,"matrix":[0.412841796875,0,0,42.4182281494141,22308,8470]},{"name":null,"type":0,"depth":9,"symbol":2,"clipDepth":0,"id":4,"matrix":[0.0200958251953125,-1.15353393554688,28.6692352294922,0.49749755859375,11150,6746]},{"name":null,"type":0,"depth":11,"symbol":2,"clipDepth":0,"id":5,"matrix":[-0.000213623046875,-0.69708251953125,7.55278015136719,-0.002166748046875,2405,8907]},{"name":null,"type":0,"depth":13,"symbol":2,"clipDepth":0,"id":6,"matrix":[-0.0002288818359375,-0.769577026367188,9.17607116699219,-0.002655029296875,1860,12429]},{"name":null,"type":0,"depth":15,"symbol":2,"clipDepth":0,"id":7,"matrix":[-0.104644775390625,-1.04412841796875,27.5153198242188,-2.757080078125,11109,10707]},{"name":null,"type":0,"depth":17,"symbol":2,"clipDepth":0,"id":8,"matrix":[0.0059814453125,0.76904296875,-10.2257080078125,0.079681396484375,20268,5334]},{"name":null,"type":0,"depth":19,"symbol":2,"clipDepth":0,"id":9,"matrix":[0.0023345947265625,0.768890380859375,-8.8719482421875,0.0269317626953125,20489,12377]},{"name":null,"type":0,"depth":21,"symbol":2,"clipDepth":0,"id":10,"matrix":[-0.000457763671875,-1.54869079589844,6.22845458984375,-0.0017547607421875,6969,14609]},{"name":null,"type":0,"depth":23,"symbol":2,"clipDepth":0,"id":11,"matrix":[-0.0009765625,-3.3170166015625,17.797607421875,-0.0052032470703125,3595,15551]},{"name":null,"type":0,"depth":25,"symbol":2,"clipDepth":0,"id":12,"matrix":[-0.0010223388671875,-3.46202087402344,17.8583679199219,-0.005218505859375,18715,15599]},{"name":null,"type":0,"depth":27,"symbol":2,"clipDepth":0,"id":13,"matrix":[0.181045532226562,-0.22259521484375,0.93170166015625,0.7578125,3796,8666]},{"name":null,"type":0,"depth":29,"symbol":2,"clipDepth":0,"id":14,"matrix":[-0.000213623046875,-0.69708251953125,2.60221862792969,-0.0007476806640625,3125,8610]},{"name":null,"type":0,"depth":31,"symbol":2,"clipDepth":0,"id":15,"matrix":[0.0199737548828125,-0.769241333007812,4.2496337890625,0.110427856445312,1750,8366]},{"name":null,"type":0,"depth":33,"symbol":2,"clipDepth":0,"id":16,"matrix":[-2.50628662109375,0.0007476806640625,-0.0021209716796875,-7.42044067382812,1584,6818]},{"name":null,"type":0,"depth":35,"symbol":2,"clipDepth":0,"id":17,"matrix":[0.217498779296875,-0.230194091796875,0.963485717773438,0.910324096679688,2743,8454]},{"name":null,"type":0,"depth":37,"symbol":2,"clipDepth":0,"id":18,"matrix":[-0.769577026367188,0.0002288818359375,-0.00177001953125,-6.15155029296875,2747,13750]},{"name":null,"type":0,"depth":39,"symbol":2,"clipDepth":0,"id":19,"matrix":[-0.769577026367188,0.0002288818359375,-0.0029296875,-10.2274322509766,1267,10390]},{"name":null,"type":0,"depth":41,"symbol":2,"clipDepth":0,"id":20,"matrix":[0.00018310546875,-0.6102294921875,-6.59515380859375,-0.001800537109375,19755,8866]},{"name":null,"type":0,"depth":43,"symbol":2,"clipDepth":0,"id":21,"matrix":[-0.167007446289062,-0.194869995117188,-0.859405517578125,0.66339111328125,18539,8638]},{"name":null,"type":0,"depth":45,"symbol":2,"clipDepth":0,"id":22,"matrix":[0.00018310546875,-0.6102294921875,-2.40029907226562,-0.000640869140625,19157,8595]},{"name":null,"type":0,"depth":47,"symbol":2,"clipDepth":0,"id":23,"matrix":[-0.024017333984375,-0.609664916992188,-5.49330139160156,0.216552734375,20659,8327]},{"name":null,"type":0,"depth":49,"symbol":2,"clipDepth":0,"id":24,"matrix":[-0.16351318359375,-0.198959350585938,-0.8699951171875,0.642013549804688,19416,8414]},{"name":null,"type":0,"depth":51,"symbol":2,"clipDepth":0,"id":25,"matrix":[-0.000457763671875,-1.54869079589844,6.30661010742188,-0.0017547607421875,15623,14601]},{"name":null,"type":0,"depth":53,"symbol":2,"clipDepth":0,"id":26,"matrix":[-0.0018463134765625,1.1849365234375,-8.12046813964844,-0.0125579833984375,20719,4985]},{"name":null,"type":0,"depth":55,"symbol":2,"clipDepth":0,"id":27,"matrix":[-0.0061187744140625,0.76904296875,9.1663818359375,0.069915771484375,2194,5305]},{"name":null,"type":0,"depth":57,"symbol":2,"clipDepth":0,"id":28,"matrix":[0.00201416015625,1.25643920898438,7.788818359375,-0.01177978515625,1548,4921]},{"name":null,"type":0,"depth":59,"symbol":2,"clipDepth":0,"id":29,"matrix":[0.0916748046875,-0.413467407226562,1.67509460449219,0.371444702148438,3194,14914]},{"name":null,"type":0,"depth":61,"symbol":2,"clipDepth":0,"id":30,"matrix":[-0.157241821289062,-0.392547607421875,-2.02700805664062,0.8118896484375,18999,14901]},{"name":null,"type":0,"depth":63,"symbol":2,"clipDepth":0,"id":31,"matrix":[0.768890380859375,-0.0023345947265625,0.0191192626953125,6.28984069824219,19471,13751]},{"name":null,"type":0,"depth":65,"symbol":2,"clipDepth":0,"id":32,"matrix":[-0.0333251953125,11.8341674804688,5.91444396972656,0.01715087890625,1167,2400]},{"name":null,"type":0,"depth":67,"symbol":2,"clipDepth":0,"id":33,"matrix":[-0.769577026367188,0.0002288818359375,-0.0021209716796875,-7.42044067382812,20672,6818]},{"name":null,"type":0,"depth":69,"symbol":2,"clipDepth":0,"id":34,"matrix":[-0.769577026367188,0.0002288818359375,-0.0029296875,-10.2274322509766,20992,10390]},{"name":null,"type":0,"depth":71,"symbol":2,"clipDepth":0,"id":35,"matrix":[-2.52658081054688,0.0007476806640625,-0.004852294921875,-16.9504089355469,589,8864]},{"name":null,"type":0,"depth":73,"symbol":2,"clipDepth":0,"id":36,"matrix":[2.67680358886719,-0.0081329345703125,0.0289154052734375,9.51373291015625,21672,10321]},{"name":null,"type":0,"depth":75,"symbol":2,"clipDepth":0,"id":37,"matrix":[6.61398315429688,-0.02008056640625,0.0191192626953125,6.28984069824219,20930,13765]},{"name":null,"type":0,"depth":77,"symbol":2,"clipDepth":0,"id":38,"matrix":[3.6212158203125,-0.0110015869140625,0.0207061767578125,6.81137084960938,21511,6815]},{"name":null,"type":0,"depth":79,"symbol":2,"clipDepth":0,"id":39,"matrix":[6.29649353027344,-0.0191192626953125,0.017822265625,5.86312866210938,1366,13704]},{"name":null,"type":0,"depth":81,"symbol":2,"clipDepth":0,"id":40,"matrix":[-11.3788299560547,0.0033721923828125,-0.0157928466796875,-55.1736450195312,23206,8265]},{"name":null,"type":0,"depth":83,"symbol":2,"clipDepth":0,"id":41,"matrix":[-69.7644500732422,0.0206451416015625,-0.002105712890625,-7.35502624511719,10845,-1286]},{"name":null,"type":0,"depth":85,"symbol":2,"clipDepth":0,"id":42,"matrix":[-11.0821228027344,0.0032806396484375,-0.015106201171875,-52.7532653808594,-895,8620]},{"name":null,"type":0,"depth":87,"symbol":2,"clipDepth":0,"id":43,"matrix":[-70.4792938232422,0.020843505859375,-0.0021209716796875,-7.39718627929688,11132,17573]},{"name":null,"type":0,"depth":89,"symbol":2,"clipDepth":0,"id":44,"matrix":[0.5982666015625,-0.5487060546875,0.497299194335938,0.542205810546875,5401,6624]},{"name":null,"type":0,"depth":91,"symbol":2,"clipDepth":0,"id":45,"matrix":[0.62664794921875,0.57745361328125,-0.498519897460938,0.540985107421875,16910,6825]},{"name":null,"type":0,"depth":93,"symbol":2,"clipDepth":0,"id":46,"matrix":[0.494293212890625,-0.388427734375,0.28643798828125,0.364501953125,5546,11192]},{"name":null,"type":0,"depth":95,"symbol":2,"clipDepth":0,"id":47,"matrix":[0.5394287109375,0.398040771484375,-0.436813354492188,0.591949462890625,16617,10124]},{"name":null,"type":0,"depth":97,"symbol":2,"clipDepth":0,"id":48,"matrix":[0.47357177734375,-0.413467407226562,0.304916381835938,0.349227905273438,18683,12370]},{"name":null,"type":0,"depth":99,"symbol":2,"clipDepth":0,"id":49,"matrix":[0.464462280273438,-0.42364501953125,0.31243896484375,0.342529296875,14335,14442]},{"name":null,"type":0,"depth":101,"symbol":2,"clipDepth":0,"id":50,"matrix":[0.160736083984375,-0.135986328125,0.2994384765625,0.353912353515625,5749,14378]},{"name":null,"type":0,"depth":103,"symbol":2,"clipDepth":0,"id":51,"matrix":[0.509140014648438,0.4361572265625,-0.478622436523438,0.558700561523438,8207,14493]},{"name":null,"type":0,"depth":105,"symbol":2,"clipDepth":0,"id":52,"matrix":[0.191329956054688,0.168441772460938,-0.48614501953125,0.552154541015625,16829,14416]},{"name":null,"type":0,"depth":107,"symbol":2,"clipDepth":0,"id":53,"matrix":[0.373626708984375,0.255233764648438,-0.26025390625,0.3809814453125,3713,12394]},{"name":null,"type":0,"depth":109,"symbol":2,"clipDepth":0,"id":54,"matrix":[0.526275634765625,0.415328979492188,-0.455780029296875,0.5775146484375,4038,5358]},{"name":null,"type":0,"depth":111,"symbol":2,"clipDepth":0,"id":55,"matrix":[0.526275634765625,0.415328979492188,-0.455780029296875,0.5775146484375,3115,4860]},{"name":null,"type":0,"depth":113,"symbol":2,"clipDepth":0,"id":56,"matrix":[0.478988647460938,-0.407135009765625,0.300262451171875,0.353240966796875,18187,5342]},{"name":null,"type":0,"depth":115,"symbol":2,"clipDepth":0,"id":57,"matrix":[0.460739135742188,-0.427703857421875,0.315414428710938,0.33978271484375,19070,4887]},{"name":null,"type":0,"depth":117,"symbol":2,"clipDepth":0,"id":58,"matrix":[-0.769577026367188,0.0002288818359375,-0.000396728515625,-1.47743225097656,16792,14633]},{"name":null,"type":0,"depth":119,"symbol":2,"clipDepth":0,"id":59,"matrix":[-0.769577026367188,0.0002288818359375,-0.000396728515625,-1.4774169921875,5825,14636]},{"name":null,"type":0,"depth":121,"symbol":2,"clipDepth":0,"id":60,"matrix":[-0.0333251953125,11.8341674804688,5.91444396972656,0.01715087890625,20939,2396]}]}]},{"type":5,"className":"com.darkness.tdp4.maps.view.Map","baseClassName":null,"id":30,"frames":[{"objects":[{"name":null,"type":0,"depth":1,"symbol":16,"clipDepth":0,"id":0,"matrix":[1,0,0,1,0,0]},{"name":"respawnCon","type":0,"depth":2,"symbol":18,"clipDepth":0,"id":1,"matrix":[1,0,0,1,0,0]},{"name":"turretRespawn","type":0,"depth":42,"symbol":19,"clipDepth":0,"id":2,"matrix":[1,0,0,1,0,0]},{"name":"singlePlayerRespawnCon","type":0,"depth":44,"symbol":20,"clipDepth":0,"id":3,"matrix":[1,0,0,1,0,0]},{"name":"controllPointsCon","type":0,"depth":86,"symbol":21,"clipDepth":0,"id":4,"matrix":[1,0,0,1,0,0]},{"name":"itemCon","type":0,"depth":106,"symbol":22,"clipDepth":0,"id":5,"matrix":[1,0,0,1,0,0]},{"name":"waypoint_0","type":0,"depth":126,"symbol":24,"clipDepth":0,"id":6,"matrix":[0.58050537109375,0,0,2.5625,11065,14399]},{"name":"waypoint_1","type":0,"depth":128,"symbol":24,"clipDepth":0,"id":7,"matrix":[0.58050537109375,0,0,2.5625,9817,5931]},{"name":"waypoint_2","type":0,"depth":130,"symbol":24,"clipDepth":0,"id":8,"matrix":[0.58050537109375,0,0,2.5625,733,7639]},{"name":"waypoint_3","type":0,"depth":132,"symbol":24,"clipDepth":0,"id":9,"matrix":[0.58050537109375,0,0,2.5625,3212,12826]},{"name":"waypoint_4","type":0,"depth":134,"symbol":24,"clipDepth":0,"id":10,"matrix":[0.58050537109375,0,0,2.5625,14152,11466]},{"name":"waypoint_5","type":0,"depth":136,"symbol":24,"clipDepth":0,"id":11,"matrix":[0.58050537109375,0,0,2.5625,21152,13106]},{"name":"waypoint_6","type":0,"depth":138,"symbol":24,"clipDepth":0,"id":12,"matrix":[0.58050537109375,0,0,2.5625,10509,5077]},{"name":"flagBaseCon","type":0,"depth":140,"symbol":29,"clipDepth":0,"id":13,"matrix":[1,0,0,1,0,0]}]}]},{"type":5,"id":2,"frames":[{"objects":[{"name":null,"type":0,"depth":1,"symbol":1,"clipDepth":0,"id":0,"matrix":[1,0,0,1,0,0]}]}]},{"type":5,"id":29,"frames":[{"objects":[{"name":"base_2","type":0,"depth":1,"symbol":26,"clipDepth":0,"id":0,"filters":[[0,40,40,1]],"matrix":[1,0,0,1,14500,4900]},{"name":"base_1","type":0,"depth":3,"symbol":28,"clipDepth":0,"id":1,"filters":[[0,40,40,1]],"matrix":[1,0,0,1,8000,9600]}]}]},{"type":4,"id":1,"commands":[3,5,1,10092288,0.498039215686275,8,200,200,7,-200,200,7,-200,-200,7,200,-200,7,200,200,5]},{"type":5,"id":28,"frames":[{"objects":[{"name":null,"type":0,"depth":1,"symbol":27,"clipDepth":0,"id":0,"matrix":[1,0,0,1,0,0]}]}]}],"frameRate":12}