{"root":0,"uuid":"WJD1iNL2aERQ4yHbClXy","version":0.1,"symbols":[{"type":5,"frames":[{}]},{"type":4,"id":27,"commands":[3,5,1,255,0.250980392156863,8,692,-493,4,980,-206,980,200,4,980,606,692,892,4,405,1180,0,1180,4,-406,1180,-694,892,4,-980,606,-980,200,4,-980,-206,-694,-493,4,-406,-780,0,-780,4,405,-780,692,-493,5]},{"type":5,"id":26,"frames":[{"objects":[{"name":null,"type":0,"depth":1,"symbol":17,"clipDepth":0,"id":0,"matrix":[1,0,0,1,3149,23950]},{"name":null,"type":0,"depth":3,"symbol":17,"clipDepth":0,"id":1,"matrix":[1,0,0,1,31349,19110]},{"name":null,"type":0,"depth":5,"symbol":17,"clipDepth":0,"id":2,"matrix":[1,0,0,1,32310,25752]},{"name":null,"type":0,"depth":7,"symbol":17,"clipDepth":0,"id":3,"matrix":[1,0,0,1,18866,13950]},{"name":null,"type":0,"depth":9,"symbol":17,"clipDepth":0,"id":4,"matrix":[1,0,0,1,16431,20870]},{"name":null,"type":0,"depth":11,"symbol":17,"clipDepth":0,"id":5,"matrix":[1,0,0,1,9270,16431]},{"name":null,"type":0,"depth":13,"symbol":17,"clipDepth":0,"id":6,"matrix":[1,0,0,1,20587,24551]},{"name":null,"type":0,"depth":15,"symbol":17,"clipDepth":0,"id":7,"matrix":[1,0,0,1,2190,34030]},{"name":null,"type":0,"depth":17,"symbol":17,"clipDepth":0,"id":8,"matrix":[1,0,0,1,19029,30950]},{"name":null,"type":0,"depth":19,"symbol":17,"clipDepth":0,"id":9,"matrix":[1,0,0,1,33910,34270]}]}]},{"type":5,"id":25,"frames":[{"objects":[{"name":null,"type":0,"depth":1,"symbol":24,"clipDepth":0,"id":0,"matrix":[1,0,0,1,0,0]}]}]},{"type":4,"id":24,"commands":[3,5,1,13209,0,8,1860,640,7,0,640,7,0,0,7,1860,0,7,1860,640,5]},{"type":5,"id":23,"frames":[{"objects":[{"name":null,"type":0,"depth":1,"symbol":17,"clipDepth":0,"id":0,"matrix":[1,0,0,1,11366,31246]},{"name":null,"type":0,"depth":3,"symbol":17,"clipDepth":0,"id":1,"matrix":[1,0,0,1,23195,30147]},{"name":null,"type":0,"depth":5,"symbol":17,"clipDepth":0,"id":2,"matrix":[1,0,0,1,32901,22907]},{"name":null,"type":0,"depth":7,"symbol":17,"clipDepth":0,"id":3,"matrix":[1,0,0,1,25017,24113]},{"name":null,"type":0,"depth":9,"symbol":17,"clipDepth":0,"id":4,"matrix":[1,0,0,1,19516,30831]},{"name":null,"type":0,"depth":11,"symbol":17,"clipDepth":0,"id":5,"matrix":[1,0,0,1,31450,33901]},{"name":null,"type":0,"depth":13,"symbol":17,"clipDepth":0,"id":6,"matrix":[1,0,0,1,7586,34078]},{"name":null,"type":0,"depth":15,"symbol":17,"clipDepth":0,"id":7,"matrix":[1,0,0,1,15768,30242]},{"name":null,"type":0,"depth":17,"symbol":17,"clipDepth":0,"id":8,"matrix":[1,0,0,1,22436,18432]},{"name":null,"type":0,"depth":19,"symbol":17,"clipDepth":0,"id":9,"matrix":[1,0,0,1,916,32983]}]}]},{"type":5,"id":22,"frames":[{"objects":[{"name":null,"type":0,"depth":1,"symbol":17,"clipDepth":0,"id":0,"matrix":[1,0,0,1,6409,26287]},{"name":null,"type":0,"depth":3,"symbol":17,"clipDepth":0,"id":1,"matrix":[1,0,0,1,35437,33496]},{"name":null,"type":0,"depth":5,"symbol":17,"clipDepth":0,"id":2,"matrix":[1,0,0,1,775,21275]},{"name":null,"type":0,"depth":7,"symbol":17,"clipDepth":0,"id":3,"matrix":[1,0,0,1,23087,29800]},{"name":null,"type":0,"depth":9,"symbol":17,"clipDepth":0,"id":4,"matrix":[1,0,0,1,25805,18182]},{"name":null,"type":0,"depth":11,"symbol":17,"clipDepth":0,"id":5,"matrix":[1,0,0,1,20988,29723]},{"name":null,"type":0,"depth":13,"symbol":17,"clipDepth":0,"id":6,"matrix":[1,0,0,1,18827,30227]},{"name":null,"type":0,"depth":15,"symbol":17,"clipDepth":0,"id":7,"matrix":[1,0,0,1,29233,25030]},{"name":null,"type":0,"depth":17,"symbol":17,"clipDepth":0,"id":8,"matrix":[1,0,0,1,15075,30136]},{"name":null,"type":0,"depth":19,"symbol":17,"clipDepth":0,"id":9,"matrix":[1,0,0,1,25548,30267]},{"name":null,"type":0,"depth":21,"symbol":17,"clipDepth":0,"id":10,"matrix":[1,0,0,1,25745,24503]},{"name":null,"type":0,"depth":23,"symbol":17,"clipDepth":0,"id":11,"matrix":[1,0,0,1,17493,21085]},{"name":null,"type":0,"depth":25,"symbol":17,"clipDepth":0,"id":12,"matrix":[1,0,0,1,33485,22701]},{"name":null,"type":0,"depth":27,"symbol":17,"clipDepth":0,"id":13,"matrix":[1,0,0,1,9156,15290]},{"name":null,"type":0,"depth":29,"symbol":17,"clipDepth":0,"id":14,"matrix":[1,0,0,1,29697,32736]},{"name":null,"type":0,"depth":31,"symbol":17,"clipDepth":0,"id":15,"matrix":[1,0,0,1,15139,18005]},{"name":null,"type":0,"depth":33,"symbol":17,"clipDepth":0,"id":16,"matrix":[1,0,0,1,10286,28594]},{"name":null,"type":0,"depth":35,"symbol":17,"clipDepth":0,"id":17,"matrix":[1,0,0,1,3120,33699]},{"name":null,"type":0,"depth":37,"symbol":17,"clipDepth":0,"id":18,"matrix":[1,0,0,1,32547,33250]},{"name":null,"type":0,"depth":39,"symbol":17,"clipDepth":0,"id":19,"matrix":[1,0,0,1,6601,33869]}]}]},{"type":5,"id":21,"frames":[{"objects":[{"name":null,"type":0,"depth":1,"symbol":17,"clipDepth":0,"id":0,"matrix":[1,0,0,1,18252,35124]},{"name":null,"type":0,"depth":3,"symbol":17,"clipDepth":0,"id":1,"matrix":[1,0,0,1,22546,32882]},{"name":null,"type":0,"depth":5,"symbol":17,"clipDepth":0,"id":2,"matrix":[1,0,0,1,18010,34039]},{"name":null,"type":0,"depth":7,"symbol":17,"clipDepth":0,"id":3,"matrix":[1,0,0,1,14137,33284]},{"name":null,"type":0,"depth":9,"symbol":17,"clipDepth":0,"id":4,"matrix":[1,0,0,1,23836,34665]},{"name":null,"type":0,"depth":11,"symbol":17,"clipDepth":0,"id":5,"matrix":[1,0,0,1,20452,35124]},{"name":null,"type":0,"depth":13,"symbol":17,"clipDepth":0,"id":6,"matrix":[1,0,0,1,15750,34679]},{"name":null,"type":0,"depth":15,"symbol":17,"clipDepth":0,"id":7,"matrix":[1,0,0,1,24956,34165]},{"name":null,"type":0,"depth":17,"symbol":17,"clipDepth":0,"id":8,"matrix":[1,0,0,1,19877,33344]},{"name":null,"type":0,"depth":19,"symbol":17,"clipDepth":0,"id":9,"matrix":[1,0,0,1,16847,33221]}]}]},{"type":5,"id":20,"frames":[{"objects":[{"name":null,"type":0,"depth":1,"symbol":17,"clipDepth":0,"id":0,"matrix":[0.77056884765625,0,0,0.77056884765625,1930,21700]},{"name":null,"type":0,"depth":3,"symbol":17,"clipDepth":0,"id":1,"matrix":[0.77056884765625,0,0,0.77056884765625,9468,15733]},{"name":null,"type":0,"depth":5,"symbol":17,"clipDepth":0,"id":2,"matrix":[0.77056884765625,0,0,0.77056884765625,36356,18435]},{"name":null,"type":0,"depth":7,"symbol":17,"clipDepth":0,"id":3,"matrix":[0.77056884765625,0,0,0.77056884765625,920,17594]},{"name":null,"type":0,"depth":9,"symbol":17,"clipDepth":0,"id":4,"matrix":[0.77056884765625,0,0,0.77056884765625,31815,13028]},{"name":null,"type":0,"depth":11,"symbol":17,"clipDepth":0,"id":5,"matrix":[0.77056884765625,0,0,0.77056884765625,35874,23403]}]}]},{"type":5,"id":19,"frames":[{"objects":[{"name":null,"type":0,"depth":1,"symbol":17,"clipDepth":0,"id":0,"matrix":[1,0,0,1,32000,13000]},{"name":null,"type":0,"depth":3,"symbol":17,"clipDepth":0,"id":1,"matrix":[1,0,0,1,32000,13000]},{"name":null,"type":0,"depth":5,"symbol":17,"clipDepth":0,"id":2,"matrix":[1,0,0,1,32000,13000]},{"name":null,"type":0,"depth":7,"symbol":17,"clipDepth":0,"id":3,"matrix":[1,0,0,1,32000,13000]},{"name":null,"type":0,"depth":9,"symbol":17,"clipDepth":0,"id":4,"matrix":[1,0,0,1,32000,13000]},{"name":null,"type":0,"depth":11,"symbol":17,"clipDepth":0,"id":5,"matrix":[1,0,0,1,32000,13000]},{"name":null,"type":0,"depth":13,"symbol":17,"clipDepth":0,"id":6,"matrix":[1,0,0,1,32000,13000]},{"name":null,"type":0,"depth":15,"symbol":17,"clipDepth":0,"id":7,"matrix":[1,0,0,1,32000,13000]},{"name":null,"type":0,"depth":17,"symbol":17,"clipDepth":0,"id":8,"matrix":[1,0,0,1,32000,13000]},{"name":null,"type":0,"depth":19,"symbol":17,"clipDepth":0,"id":9,"matrix":[1,0,0,1,32000,13000]},{"name":null,"type":0,"depth":21,"symbol":17,"clipDepth":0,"id":10,"matrix":[1,0,0,1,32000,13000]},{"name":null,"type":0,"depth":23,"symbol":17,"clipDepth":0,"id":11,"matrix":[1,0,0,1,32000,13000]},{"name":null,"type":0,"depth":25,"symbol":17,"clipDepth":0,"id":12,"matrix":[1,0,0,1,32000,13000]},{"name":null,"type":0,"depth":27,"symbol":17,"clipDepth":0,"id":13,"matrix":[1,0,0,1,32000,13000]},{"name":null,"type":0,"depth":29,"symbol":17,"clipDepth":0,"id":14,"matrix":[1,0,0,1,32000,13000]},{"name":null,"type":0,"depth":31,"symbol":17,"clipDepth":0,"id":15,"matrix":[1,0,0,1,32000,13000]},{"name":null,"type":0,"depth":33,"symbol":17,"clipDepth":0,"id":16,"matrix":[1,0,0,1,32000,13000]},{"name":null,"type":0,"depth":35,"symbol":17,"clipDepth":0,"id":17,"matrix":[1,0,0,1,32000,13000]},{"name":null,"type":0,"depth":37,"symbol":17,"clipDepth":0,"id":18,"matrix":[1,0,0,1,32000,13000]},{"name":null,"type":0,"depth":39,"symbol":17,"clipDepth":0,"id":19,"matrix":[1,0,0,1,32000,13000]}]}]},{"type":5,"id":18,"frames":[{"objects":[{"name":null,"type":0,"depth":1,"symbol":17,"clipDepth":0,"id":0,"matrix":[1,0,0,1,8950,15390]},{"name":null,"type":0,"depth":3,"symbol":17,"clipDepth":0,"id":1,"matrix":[1,0,0,1,34950,33030]},{"name":null,"type":0,"depth":5,"symbol":17,"clipDepth":0,"id":2,"matrix":[1,0,0,1,22790,20830]},{"name":null,"type":0,"depth":7,"symbol":17,"clipDepth":0,"id":3,"matrix":[1,0,0,1,18234,23471]},{"name":null,"type":0,"depth":9,"symbol":17,"clipDepth":0,"id":4,"matrix":[1,0,0,1,14869,12992]},{"name":null,"type":0,"depth":11,"symbol":17,"clipDepth":0,"id":5,"matrix":[1,0,0,1,6349,20551]},{"name":null,"type":0,"depth":13,"symbol":17,"clipDepth":0,"id":6,"matrix":[1,0,0,1,2430,32870]},{"name":null,"type":0,"depth":15,"symbol":17,"clipDepth":0,"id":7,"matrix":[1,0,0,1,7709,33150]},{"name":null,"type":0,"depth":17,"symbol":17,"clipDepth":0,"id":8,"matrix":[1,0,0,1,36390,18590]},{"name":null,"type":0,"depth":19,"symbol":17,"clipDepth":0,"id":9,"matrix":[1,0,0,1,36190,16190]},{"name":null,"type":0,"depth":21,"symbol":17,"clipDepth":0,"id":10,"matrix":[1,0,0,1,36190,12590]},{"name":null,"type":0,"depth":23,"symbol":17,"clipDepth":0,"id":11,"matrix":[1,0,0,1,21468,17910]},{"name":null,"type":0,"depth":25,"symbol":17,"clipDepth":0,"id":12,"matrix":[1,0,0,1,15990,20990]},{"name":null,"type":0,"depth":27,"symbol":17,"clipDepth":0,"id":13,"matrix":[1,0,0,1,23352,24072]},{"name":null,"type":0,"depth":29,"symbol":17,"clipDepth":0,"id":14,"matrix":[1,0,0,1,34510,22190]},{"name":null,"type":0,"depth":31,"symbol":17,"clipDepth":0,"id":15,"matrix":[1,0,0,1,24190,29190]},{"name":null,"type":0,"depth":33,"symbol":17,"clipDepth":0,"id":16,"matrix":[1,0,0,1,1270,17910]},{"name":null,"type":0,"depth":35,"symbol":17,"clipDepth":0,"id":17,"matrix":[1,0,0,1,5271,25710]},{"name":null,"type":0,"depth":37,"symbol":17,"clipDepth":0,"id":18,"matrix":[1,0,0,1,29390,14390]},{"name":null,"type":0,"depth":39,"symbol":17,"clipDepth":0,"id":19,"matrix":[1,0,0,1,16871,29750]}]}]},{"type":5,"id":17,"frames":[{}]},{"type":5,"id":16,"frames":[{"objects":[{"type":0,"depth":0,"symbol":15,"clipDepth":0,"id":0,"visible":true,"matrix":[1,0,0,1,0,0]}]}]},{"path":"symbols/15.jpg","type":0,"id":15,"alpha":"symbols/15a.png"},{"type":5,"className":"com.darkness.tdp4.maps.view.MapGFX","baseClassName":null,"id":14,"frames":[{"objects":[{"name":null,"type":0,"depth":1,"symbol":13,"clipDepth":0,"id":0,"matrix":[1,0,0,1,0,0]}]}]},{"type":5,"id":13,"frames":[{"objects":[{"type":0,"depth":0,"symbol":12,"clipDepth":0,"id":0,"visible":true,"matrix":[1,0,0,1,0,0]}]}]},{"path":"symbols/12.jpg","type":0,"id":12,"alpha":"symbols/12a.png"},{"type":5,"className":"com.darkness.tdp4.maps.view.MapPolygonContainer","baseClassName":null,"id":11,"frames":[{"objects":[{"name":null,"type":0,"depth":1,"symbol":2,"clipDepth":0,"id":0,"matrix":[0.651397705078125,0,0,90.0348052978516,79,17954]},{"name":null,"type":0,"depth":3,"symbol":2,"clipDepth":0,"id":1,"matrix":[94.6597290039062,0,0,0.350006103515625,18932,35963]},{"name":null,"type":0,"depth":5,"symbol":2,"clipDepth":0,"id":2,"matrix":[94.2850494384766,0,0,0.350006103515625,18997,63]},{"name":null,"type":0,"depth":7,"symbol":2,"clipDepth":0,"id":3,"matrix":[0.701705932617188,0,0,89.7939147949219,37849,17990]},{"name":null,"type":0,"depth":9,"symbol":2,"clipDepth":0,"id":4,"matrix":[16.0177917480469,0,0,0.707077026367188,18719,31803]},{"name":null,"type":0,"depth":11,"symbol":2,"clipDepth":0,"id":5,"matrix":[-3.91119384765625,4.41087341308594,-0.354843139648438,-0.31463623046875,27688,28952]},{"name":null,"type":0,"depth":13,"symbol":2,"clipDepth":0,"id":6,"matrix":[-2.53652954101562,-1.12515258789062,0.516006469726562,-1.14617919921875,5913,27852]},{"name":null,"type":0,"depth":15,"symbol":2,"clipDepth":0,"id":7,"matrix":[4.25529479980469,-0.262466430664062,0.043487548828125,0.704666137695312,22704,31787]},{"name":null,"type":0,"depth":17,"symbol":2,"clipDepth":0,"id":8,"matrix":[1.67930603027344,0.154205322265625,-0.0401763916015625,0.4375,36591,15236]},{"name":null,"type":0,"depth":19,"symbol":2,"clipDepth":0,"id":9,"matrix":[0.028472900390625,0.735397338867188,-16.8932037353516,0.65386962890625,16130,19789]},{"name":null,"type":0,"depth":21,"symbol":2,"clipDepth":0,"id":10,"matrix":[-5.46202087402344,3.62547302246094,-0.331405639648438,-0.499465942382812,3033,20179]},{"name":null,"type":0,"depth":23,"symbol":2,"clipDepth":0,"id":11,"matrix":[-15.6545562744141,-0.353485107421875,0.0136260986328125,-0.599212646484375,7232,19501]},{"name":null,"type":0,"depth":25,"symbol":2,"clipDepth":0,"id":12,"matrix":[1.54161071777344,0.154434204101562,-0.072906494140625,0.72662353515625,1590,23021]},{"name":null,"type":0,"depth":27,"symbol":2,"clipDepth":0,"id":13,"matrix":[-5.24887084960938,-0.302383422851562,0.04193115234375,-0.724838256835938,19687,22102]},{"name":null,"type":0,"depth":29,"symbol":2,"clipDepth":0,"id":14,"matrix":[0.0906524658203125,0.599761962890625,-2.92051696777344,0.440704345703125,30537,23925]},{"name":null,"type":0,"depth":31,"symbol":2,"clipDepth":0,"id":15,"matrix":[10.2123413085938,-0.161331176757812,-0.006591796875,-0.42254638671875,35846,17783]},{"name":null,"type":0,"depth":33,"symbol":2,"clipDepth":0,"id":16,"matrix":[-11.3476715087891,-0.260848999023438,0.0201873779296875,-0.869781494140625,35614,19976]},{"name":null,"type":0,"depth":35,"symbol":2,"clipDepth":0,"id":17,"matrix":[-7.02508544921875,0.687210083007812,-0.0463409423828125,-0.474899291992188,30797,14378]},{"name":null,"type":0,"depth":37,"symbol":2,"clipDepth":0,"id":18,"matrix":[-10.3209228515625,-0.358169555664062,0.024688720703125,-0.706741333007812,9200,17421]},{"name":null,"type":0,"depth":39,"symbol":2,"clipDepth":0,"id":19,"matrix":[2.606689453125,-0.681594848632812,0.087158203125,0.333297729492188,26908,19605]},{"name":null,"type":0,"depth":41,"symbol":2,"clipDepth":0,"id":20,"matrix":[-2.66943359375,2.0025634765625,-0.364883422851562,-0.486587524414062,13755,14746]},{"name":null,"type":0,"depth":43,"symbol":2,"clipDepth":0,"id":21,"matrix":[-1.51998901367188,-0.548385620117188,0.295150756835938,-0.8175048828125,33018,19813]},{"name":null,"type":0,"depth":45,"symbol":2,"clipDepth":0,"id":22,"matrix":[-1.59054565429688,0.285079956054688,-0.15313720703125,-0.855560302734375,32422,19776]},{"name":null,"type":0,"depth":47,"symbol":2,"clipDepth":0,"id":23,"matrix":[-6.3304443359375,-0.0754852294921875,0.0105743408203125,-0.868545532226562,30811,19828]},{"name":null,"type":0,"depth":49,"symbol":2,"clipDepth":0,"id":24,"matrix":[-0.0977325439453125,0.598876953125,-2.916015625,-0.476608276367188,31728,23960]},{"name":null,"type":0,"depth":51,"symbol":2,"clipDepth":0,"id":25,"matrix":[-0.140823364257812,0.590072631835938,-8.26242065429688,-1.97392272949219,33947,24483]},{"name":null,"type":0,"depth":53,"symbol":2,"clipDepth":0,"id":26,"matrix":[-0.013916015625,0.78094482421875,-10.1620025634766,-0.181259155273438,21554,19692]},{"name":null,"type":0,"depth":55,"symbol":2,"clipDepth":0,"id":27,"matrix":[-12.7159881591797,0.119216918945312,-0.006622314453125,-0.726058959960938,16139,22065]},{"name":null,"type":0,"depth":57,"symbol":2,"clipDepth":0,"id":28,"matrix":[4.48696899414062,1.27264404296875,-0.192367553710938,0.67828369140625,14611,31559]},{"name":null,"type":0,"depth":59,"symbol":2,"clipDepth":0,"id":29,"matrix":[3.03208923339844,0.169219970703125,-0.039306640625,0.704330444335938,24141,31742]},{"name":null,"type":0,"depth":61,"symbol":2,"clipDepth":0,"id":30,"matrix":[2.437255859375,0.74322509765625,-0.20556640625,0.674148559570312,25189,31920]},{"name":null,"type":0,"depth":63,"symbol":2,"clipDepth":0,"id":31,"matrix":[4.4345703125,3.22576904296875,-0.414108276367188,0.569351196289062,26562,32730]},{"name":null,"type":0,"depth":65,"symbol":2,"clipDepth":0,"id":32,"matrix":[4.16880798339844,2.26284790039062,-0.335739135742188,0.618560791015625,28278,33828]},{"name":null,"type":0,"depth":67,"symbol":2,"clipDepth":0,"id":33,"matrix":[4.52236938476562,1.42120361328125,-0.210861206054688,0.6710205078125,29994,34570]},{"name":null,"type":0,"depth":69,"symbol":2,"clipDepth":0,"id":34,"matrix":[4.69015502929688,0.67138671875,-0.0995941162109375,0.695907592773438,31777,34992]},{"name":null,"type":0,"depth":71,"symbol":2,"clipDepth":0,"id":35,"matrix":[13.4473571777344,-0.328582763671875,0.0171966552734375,0.702407836914062,35237,35055]},{"name":null,"type":0,"depth":73,"symbol":2,"clipDepth":0,"id":36,"matrix":[-1.9288330078125,0.0601043701171875,-0.102157592773438,-3.2783203125,29034,27318]},{"name":null,"type":0,"depth":75,"symbol":2,"clipDepth":0,"id":37,"matrix":[-3.04391479492188,0.673721313476562,-0.102142333984375,-0.461593627929688,29246,26675]},{"name":null,"type":0,"depth":77,"symbol":2,"clipDepth":0,"id":38,"matrix":[-1.9290771484375,-0.08447265625,0.02069091796875,-0.472549438476562,30181,26567]},{"name":null,"type":0,"depth":79,"symbol":2,"clipDepth":0,"id":39,"matrix":[-4.86752319335938,-1.10728454589844,0.104354858398438,-0.458648681640625,32856,27288]},{"name":null,"type":0,"depth":81,"symbol":2,"clipDepth":0,"id":40,"matrix":[-4.70310974121094,0.680953979492188,-0.100860595703125,-0.696685791015625,10320,30246]},{"name":null,"type":0,"depth":83,"symbol":2,"clipDepth":0,"id":41,"matrix":[-3.56082153320312,-0.708267211914062,0.245315551757812,-1.2320556640625,4687,27452]},{"name":null,"type":0,"depth":85,"symbol":2,"clipDepth":0,"id":42,"matrix":[-9.61973571777344,-0.0063934326171875,0.0010528564453125,-1.25531005859375,2031,27311]},{"name":null,"type":0,"depth":87,"symbol":2,"clipDepth":0,"id":43,"matrix":[-2.09521484375,0.630874633789062,-0.17254638671875,-0.573379516601562,10730,19377]},{"name":null,"type":0,"depth":89,"symbol":2,"clipDepth":0,"id":44,"matrix":[-3.52484130859375,-1.78485107421875,0.269943237304688,-0.532852172851562,12069,19582]},{"name":null,"type":0,"depth":91,"symbol":2,"clipDepth":0,"id":45,"matrix":[-2.13523864746094,-0.0009613037109375,0.00042724609375,-0.608551025390625,14614,14379]},{"name":null,"type":0,"depth":93,"symbol":2,"clipDepth":0,"id":46,"matrix":[2.02285766601562,0.679351806640625,-0.193740844726562,0.57647705078125,15405,14503]},{"name":null,"type":0,"depth":95,"symbol":2,"clipDepth":0,"id":47,"matrix":[1.84255981445312,1.066162109375,-0.303985595703125,0.525070190429688,19530,15072]},{"name":null,"type":0,"depth":97,"symbol":2,"clipDepth":0,"id":48,"matrix":[2.67361450195312,-0.596435546875,0.131698608398438,0.591018676757812,17699,14973]},{"name":null,"type":0,"depth":99,"symbol":2,"clipDepth":0,"id":49,"matrix":[2.54055786132812,-0.015533447265625,0.0035400390625,0.604995727539062,18720,14854]},{"name":null,"type":0,"depth":101,"symbol":2,"clipDepth":0,"id":50,"matrix":[-3.57644653320312,-0.332229614257812,0.065093994140625,-0.70062255859375,14149,24963]},{"name":null,"type":0,"depth":103,"symbol":2,"clipDepth":0,"id":51,"matrix":[-3.22038269042969,2.00888061523438,-0.372039794921875,-0.596466064453125,12912,25374]},{"name":null,"type":0,"depth":105,"symbol":2,"clipDepth":0,"id":52,"matrix":[-3.38359069824219,0.074554443359375,-0.01544189453125,-0.701751708984375,11609,25803]},{"name":null,"type":0,"depth":107,"symbol":2,"clipDepth":0,"id":53,"matrix":[-23.4665222167969,-1.84872436523438,0.07415771484375,-0.941238403320312,19438,25493]},{"name":null,"type":0,"depth":109,"symbol":2,"clipDepth":0,"id":54,"matrix":[5.74589538574219,0.796920776367188,-0.173187255859375,1.24703979492188,1200,34851]},{"name":null,"type":0,"depth":111,"symbol":2,"clipDepth":0,"id":55,"matrix":[5.78738403320312,0.33343505859375,-0.0726165771484375,1.25604248046875,3440,35064]},{"name":null,"type":0,"depth":113,"symbol":2,"clipDepth":0,"id":56,"matrix":[5.78311157226562,-0.400543212890625,0.086700439453125,1.255126953125,5775,35074]},{"name":null,"type":0,"depth":115,"symbol":2,"clipDepth":0,"id":57,"matrix":[5.88262939453125,0.792037963867188,-0.167999267578125,1.24600219726562,8073,35145]},{"name":null,"type":0,"depth":117,"symbol":2,"clipDepth":0,"id":58,"matrix":[-7.60240173339844,1.273193359375,-0.1158447265625,-0.691802978515625,25663,25564]},{"name":null,"type":0,"depth":119,"symbol":2,"clipDepth":0,"id":59,"matrix":[5.98458862304688,1.70964050292969,-0.198944091796875,0.695724487304688,14398,21716]},{"name":null,"type":0,"depth":121,"symbol":2,"clipDepth":0,"id":60,"matrix":[-1.23411560058594,0.87652587890625,-0.280960083007812,-0.395797729492188,4441,23102]},{"name":null,"type":0,"depth":123,"symbol":2,"clipDepth":0,"id":61,"matrix":[21.8165893554688,-0.562896728515625,0.0185089111328125,0.723861694335938,9418,22180]},{"name":null,"type":0,"depth":125,"symbol":2,"clipDepth":0,"id":62,"matrix":[-3.6002197265625,0.988998413085938,-0.1964111328125,-0.696182250976562,5884,22087]},{"name":null,"type":0,"depth":127,"symbol":2,"clipDepth":0,"id":63,"matrix":[-6.03329467773438,2.59295654296875,-0.285186767578125,-0.6640625,7806,21346]},{"name":null,"type":0,"depth":129,"symbol":2,"clipDepth":0,"id":64,"matrix":[-4.70016479492188,0.0419464111328125,-0.004608154296875,-0.53436279296875,1037,19050]},{"name":null,"type":0,"depth":131,"symbol":2,"clipDepth":0,"id":65,"matrix":[-3.36614990234375,-0.652679443359375,0.137710571289062,-0.709152221679688,727,22889]},{"name":null,"type":0,"depth":133,"symbol":2,"clipDepth":0,"id":66,"matrix":[-4.959228515625,-0.0393524169921875,0.0040435791015625,-0.4935302734375,3009,25094]},{"name":null,"type":0,"depth":135,"symbol":2,"clipDepth":0,"id":67,"matrix":[-2.29367065429688,-2.65904235839844,0.589401245117188,-0.5084228515625,11728,33200]},{"name":null,"type":0,"depth":137,"symbol":2,"clipDepth":0,"id":68,"matrix":[-6.18380737304688,-2.11865234375,0.22686767578125,-0.662109375,13286,34285]},{"name":null,"type":0,"depth":139,"symbol":2,"clipDepth":0,"id":69,"matrix":[-5.61747741699219,-0.194961547851562,0.024688720703125,-0.706741333007812,9295,17058]},{"name":null,"type":0,"depth":141,"symbol":2,"clipDepth":0,"id":70,"matrix":[-2.642822265625,0.929473876953125,-0.129180908203125,-0.367568969726562,7718,17098]},{"name":null,"type":0,"depth":143,"symbol":2,"clipDepth":0,"id":71,"matrix":[1.86871337890625,0.526885986328125,-0.10552978515625,0.37396240234375,10759,17134]},{"name":null,"type":0,"depth":145,"symbol":2,"clipDepth":0,"id":72,"matrix":[-2.91189575195312,0.242919921875,-0.039337158203125,-0.4716796875,28914,28035]},{"name":null,"type":0,"depth":147,"symbol":2,"clipDepth":0,"id":73,"matrix":[-1.99162292480469,-0.0097808837890625,-0.004486083984375,-1.15898132324219,10983,32769]},{"name":null,"type":0,"depth":149,"symbol":2,"clipDepth":0,"id":74,"matrix":[2.05450439453125,-1.4456787109375,0.303817749023438,0.499847412109375,10216,32949]},{"name":null,"type":0,"depth":151,"symbol":2,"clipDepth":0,"id":75,"matrix":[5.63113403320312,1.36923217773438,0.171493530273438,-0.704452514648438,26676,22502]},{"name":null,"type":0,"depth":153,"symbol":2,"clipDepth":0,"id":76,"matrix":[-4.90348815917969,-0.218292236328125,0.031219482421875,-0.701065063476562,10629,23980]},{"name":null,"type":0,"depth":155,"symbol":2,"clipDepth":0,"id":77,"matrix":[6.4312744140625,-0.129150390625,0.0250091552734375,1.25668334960938,10556,35262]},{"name":null,"type":0,"depth":157,"symbol":2,"clipDepth":0,"id":78,"matrix":[1.55461120605469,-0.4073486328125,0.318130493164062,1.21499633789062,11982,35148]},{"name":null,"type":0,"depth":159,"symbol":2,"clipDepth":0,"id":79,"matrix":[-2.74349975585938,2.01823425292969,-0.414993286132812,-0.56414794921875,10470,26187]},{"name":null,"type":0,"depth":161,"symbol":2,"clipDepth":0,"id":80,"matrix":[7.49127197265625,1.26675415039062,-0.1207275390625,0.71282958984375,11701,21122]},{"name":null,"type":0,"depth":163,"symbol":2,"clipDepth":0,"id":81,"matrix":[-3.37472534179688,-0.0287933349609375,0.0063629150390625,-0.722412109375,9526,20859]},{"name":null,"type":0,"depth":165,"symbol":2,"clipDepth":0,"id":82,"matrix":[-0.280532836914062,0.536331176757812,-2.35733032226562,-1.2337646484375,36049,25108]},{"name":null,"type":0,"depth":167,"symbol":2,"clipDepth":0,"id":83,"matrix":[-0.0162506103515625,0.91229248046875,-11.5918121337891,-0.206756591796875,27285,19785]},{"name":null,"type":0,"depth":169,"symbol":2,"clipDepth":0,"id":84,"matrix":[3.24655151367188,-0.530838012695312,-0.116592407226562,-0.714248657226562,23376,22329]},{"name":null,"type":0,"depth":171,"symbol":2,"clipDepth":0,"id":85,"matrix":[0.301986694335938,0.668914794921875,2.28802490234375,-1.03215026855469,21759,22257]},{"name":null,"type":0,"depth":173,"symbol":2,"clipDepth":0,"id":86,"matrix":[-7.93740844726562,-0.479049682617188,0.028839111328125,-0.476043701171875,33796,14355]},{"name":null,"type":0,"depth":175,"symbol":2,"clipDepth":0,"id":87,"matrix":[-2.60882568359375,-0.655838012695312,0.0838623046875,-0.333572387695312,29016,19616]},{"name":null,"type":0,"depth":177,"symbol":2,"clipDepth":0,"id":88,"matrix":[2.691650390625,0.0506744384765625,-0.0064849853515625,0.344161987304688,27954,19476]},{"name":null,"type":0,"depth":179,"symbol":2,"clipDepth":0,"id":89,"matrix":[-10.4825592041016,0.007843017578125,-0.00018310546875,-0.376052856445312,9296,19177]},{"name":null,"type":0,"depth":181,"symbol":2,"clipDepth":0,"id":90,"matrix":[0.0390625,1.2840576171875,-0.388229370117188,0.01171875,11535,18939]},{"name":null,"type":0,"depth":183,"symbol":2,"clipDepth":0,"id":91,"matrix":[0.032562255859375,1.0706787109375,-0.388229370117188,0.01171875,11510,17850]},{"name":null,"type":0,"depth":185,"symbol":2,"clipDepth":0,"id":92,"matrix":[0.07452392578125,2.13677978515625,-0.43890380859375,0.01531982421875,35471,14774]},{"name":null,"type":0,"depth":187,"symbol":2,"clipDepth":0,"id":93,"matrix":[-9.5162353515625,0.227630615234375,-0.01129150390625,-0.476821899414062,30954,16240]},{"name":null,"type":0,"depth":189,"symbol":2,"clipDepth":0,"id":94,"matrix":[4.65727233886719,-0.240524291992188,-0.0188751220703125,-0.366943359375,36871,19828]},{"name":null,"type":0,"depth":191,"symbol":2,"clipDepth":0,"id":95,"matrix":[-11.5632934570312,3.2103271484375,-0.19305419921875,-0.696044921875,4907,19915]},{"name":null,"type":0,"depth":193,"symbol":2,"clipDepth":0,"id":96,"matrix":[-2.62620544433594,-2.60356140136719,0.888900756835938,-0.88677978515625,6936,28624]},{"name":null,"type":0,"depth":195,"symbol":2,"clipDepth":0,"id":97,"matrix":[1.568359375,0.89544677734375,-0.36163330078125,0.633148193359375,2184,23235]},{"name":null,"type":0,"depth":197,"symbol":2,"clipDepth":0,"id":98,"matrix":[1.24359130859375,-1.8809814453125,0.60772705078125,0.401931762695312,4934,22661]},{"name":null,"type":0,"depth":199,"symbol":2,"clipDepth":0,"id":99,"matrix":[-3.77056884765625,-1.26522827148438,0.149520874023438,-0.445510864257812,31182,26811]},{"name":null,"type":0,"depth":201,"symbol":2,"clipDepth":0,"id":100,"matrix":[2.39288330078125,-4.7972412109375,0.629913330078125,0.314224243164062,12483,32380]},{"name":null,"type":0,"depth":203,"symbol":2,"clipDepth":0,"id":101,"matrix":[-2.50201416015625,0.873626708984375,-0.154861450195312,-0.443603515625,34284,27307]},{"name":null,"type":0,"depth":205,"symbol":2,"clipDepth":0,"id":102,"matrix":[-4.0069580078125,-1.84945678710938,0.196914672851562,-0.426605224609375,35541,27532]},{"name":null,"type":0,"depth":207,"symbol":2,"clipDepth":0,"id":103,"matrix":[-1.357666015625,-0.01165771484375,0.004058837890625,-0.470260620117188,37507,27303]},{"name":null,"type":0,"depth":209,"symbol":2,"clipDepth":0,"id":104,"matrix":[0.8995361328125,-0.517303466796875,0.350357055664062,0.6092529296875,13123,31352]},{"name":null,"type":0,"depth":211,"symbol":2,"clipDepth":0,"id":105,"matrix":[1.25494384765625,0.102340698242188,-0.0569915771484375,0.698883056640625,13468,31297]},{"name":null,"type":0,"depth":213,"symbol":2,"clipDepth":0,"id":106,"matrix":[10.7304382324219,0.0208892822265625,-0.002655029296875,1.25492858886719,14361,35075]},{"name":null,"type":0,"depth":215,"symbol":2,"clipDepth":0,"id":107,"matrix":[2.16142272949219,0.0102691650390625,-0.0020751953125,0.438705444335938,35829,15209]},{"name":null,"type":0,"depth":217,"symbol":2,"clipDepth":0,"id":108,"matrix":[0.304733276367188,-0.667236328125,-2.28166198730469,-1.0428466796875,21134,22346]},{"name":null,"type":0,"depth":219,"symbol":2,"clipDepth":0,"id":109,"matrix":[0.281402587890625,-0.67730712890625,-1.93218994140625,-0.803451538085938,22599,22331]},{"name":null,"type":0,"depth":221,"symbol":2,"clipDepth":0,"id":110,"matrix":[-0.426376342773438,-0.595245361328125,-2.12443542480469,1.52081298828125,24345,21933]},{"name":null,"type":0,"depth":223,"symbol":2,"clipDepth":0,"id":111,"matrix":[-0.399139404296875,0.61279296875,2.18620300292969,1.42486572265625,25150,21933]},{"name":null,"type":0,"depth":225,"symbol":2,"clipDepth":0,"id":112,"matrix":[-2.33609008789062,1.47604370117188,-0.250747680664062,-0.396865844726562,36851,27603]},{"name":null,"type":0,"depth":227,"symbol":2,"clipDepth":0,"id":113,"matrix":[0.939712524414062,0.9932861328125,-0.281845092773438,0.266525268554688,11326,17442]},{"name":null,"type":0,"depth":229,"symbol":2,"clipDepth":0,"id":114,"matrix":[0.1640625,9.2318115234375,-27.5405731201172,0.489395141601562,19871,33766]},{"name":null,"type":0,"depth":231,"symbol":2,"clipDepth":0,"id":115,"matrix":[-0.2236328125,-6.89268493652344,3.13969421386719,-0.08453369140625,13786,32857]},{"name":null,"type":0,"depth":233,"symbol":2,"clipDepth":0,"id":116,"matrix":[0.189163208007812,-4.49154663085938,1.37893676757812,0.065673828125,12834,33029]},{"name":null,"type":0,"depth":235,"symbol":2,"clipDepth":0,"id":117,"matrix":[-34.9316864013672,-0.232940673828125,0.0175018310546875,-1.43597412109375,7283,35514]},{"name":null,"type":0,"depth":237,"symbol":2,"clipDepth":0,"id":118,"matrix":[-3.93760681152344,0.122695922851562,-0.238006591796875,-7.63798522949219,25857,34321]},{"name":null,"type":0,"depth":239,"symbol":2,"clipDepth":0,"id":119,"matrix":[-0.0153350830078125,3.91777038574219,-6.4736328125,-0.025390625,27850,35135]},{"name":null,"type":0,"depth":241,"symbol":2,"clipDepth":0,"id":120,"matrix":[-1.9215087890625,-0.0256500244140625,0.0333404541015625,-2.49627685546875,26981,33766]},{"name":null,"type":0,"depth":243,"symbol":2,"clipDepth":0,"id":121,"matrix":[0.008819580078125,1.92973327636719,-7.5504150390625,0.0345001220703125,30554,35454]},{"name":null,"type":0,"depth":245,"symbol":2,"clipDepth":0,"id":122,"matrix":[-0.0171051025390625,1.32196044921875,-14.6679077148438,-0.189926147460938,34839,35530]},{"name":null,"type":0,"depth":247,"symbol":2,"clipDepth":0,"id":123,"matrix":[11.3806762695312,0,0,104.267776489258,-2108,17656]},{"name":null,"type":0,"depth":249,"symbol":2,"clipDepth":0,"id":124,"matrix":[117.123413085938,0,0,8.39361572265625,19179,-1509]},{"name":null,"type":0,"depth":251,"symbol":2,"clipDepth":0,"id":125,"matrix":[12.3593444824219,0,0,104.200134277344,40234,17656]},{"name":null,"type":0,"depth":253,"symbol":2,"clipDepth":0,"id":126,"matrix":[117.375396728516,0,0,7.931884765625,19158,36933]},{"name":null,"type":0,"depth":255,"symbol":2,"clipDepth":0,"id":127,"matrix":[0.34185791015625,0.21563720703125,-0.396331787109375,0.628219604492188,28313,28133]},{"name":null,"type":0,"depth":257,"symbol":2,"clipDepth":0,"id":128,"matrix":[0.233383178710938,0.330047607421875,-0.5047607421875,0.35693359375,28211,28252]},{"name":null,"type":0,"depth":259,"symbol":2,"clipDepth":0,"id":129,"matrix":[0.34185791015625,0.21563720703125,-0.396331787109375,0.628219604492188,28067,28393]},{"name":null,"type":0,"depth":261,"symbol":2,"clipDepth":0,"id":130,"matrix":[0.233383178710938,0.330047607421875,-0.51055908203125,0.36102294921875,27922,28545]},{"name":null,"type":0,"depth":263,"symbol":2,"clipDepth":0,"id":131,"matrix":[0.34185791015625,0.21563720703125,-0.396331787109375,0.628219604492188,27764,28698]},{"name":null,"type":0,"depth":265,"symbol":2,"clipDepth":0,"id":132,"matrix":[0.233383178710938,0.330047607421875,-0.5047607421875,0.35693359375,27623,28854]},{"name":null,"type":0,"depth":267,"symbol":2,"clipDepth":0,"id":133,"matrix":[0.34185791015625,0.21563720703125,-0.396331787109375,0.628219604492188,27480,28995]},{"name":null,"type":0,"depth":269,"symbol":2,"clipDepth":0,"id":134,"matrix":[0.233383178710938,0.330047607421875,-0.51055908203125,0.36102294921875,27334,29147]},{"name":null,"type":0,"depth":271,"symbol":2,"clipDepth":0,"id":135,"matrix":[0.34185791015625,0.21563720703125,-0.396331787109375,0.628219604492188,27177,29300]},{"name":null,"type":0,"depth":273,"symbol":2,"clipDepth":0,"id":136,"matrix":[0.233383178710938,0.330047607421875,-0.51055908203125,0.36102294921875,27059,29418]},{"name":null,"type":0,"depth":275,"symbol":2,"clipDepth":0,"id":137,"matrix":[0.34185791015625,0.21563720703125,-0.396331787109375,0.628219604492188,26899,29572]},{"name":null,"type":0,"depth":277,"symbol":2,"clipDepth":0,"id":138,"matrix":[0.386993408203125,0.18890380859375,-0.358810424804688,0.68817138671875,5033,22319]},{"name":null,"type":0,"depth":279,"symbol":2,"clipDepth":0,"id":139,"matrix":[0.28289794921875,0.31781005859375,-0.508056640625,0.4234619140625,4894,22490]},{"name":null,"type":0,"depth":281,"symbol":2,"clipDepth":0,"id":140,"matrix":[0.386993408203125,0.18890380859375,-0.358810424804688,0.68817138671875,4741,22664]},{"name":null,"type":0,"depth":283,"symbol":2,"clipDepth":0,"id":141,"matrix":[0.28289794921875,0.31781005859375,-0.5023193359375,0.418685913085938,4607,22839]},{"name":null,"type":0,"depth":285,"symbol":2,"clipDepth":0,"id":142,"matrix":[0.386993408203125,0.18890380859375,-0.358810424804688,0.68817138671875,4468,22999]},{"name":null,"type":0,"depth":287,"symbol":2,"clipDepth":0,"id":143,"matrix":[-9.5162353515625,0.227630615234375,-0.01129150390625,-0.476821899414062,30969,16369]},{"name":null,"type":0,"depth":289,"symbol":2,"clipDepth":0,"id":144,"matrix":[-9.75958251953125,0.233444213867188,-0.01129150390625,-0.476821899414062,35760,17905]},{"name":null,"type":0,"depth":291,"symbol":2,"clipDepth":0,"id":145,"matrix":[-15.0652770996094,0.3603515625,-0.01727294921875,-0.72955322265625,32460,14623]},{"name":null,"type":0,"depth":293,"symbol":2,"clipDepth":0,"id":146,"matrix":[-3.7725830078125,0.0902252197265625,-0.01129150390625,-0.476821899414062,36162,15336]},{"name":null,"type":0,"depth":295,"symbol":2,"clipDepth":0,"id":147,"matrix":[-23.4665222167969,-1.84872436523438,0.07415771484375,-0.94122314453125,33369,27891]}]}]},{"type":5,"className":"com.darkness.tdp4.maps.view.MapGFXBack","baseClassName":null,"id":10,"frames":[{"objects":[{"name":null,"type":0,"depth":1,"symbol":9,"clipDepth":0,"id":0,"matrix":[1,0,0,1,0,0]}]}]},{"type":4,"id":9,"commands":[3,5,1,255,0.698039215686274,8,42706,-3184,7,42706,38496,7,42633,38496,7,42633,38519,7,-4317,38519,7,-4317,38510,7,-4384,38510,7,-4384,-3198,7,168,-3198,7,168,-3188,7,42604,-3188,7,42604,-3184,7,42706,-3184,8,29383,14420,7,32193,14146,7,35544,14344,7,35572,15090,7,36715,15150,7,36879,15385,7,35287,15325,7,35085,14546,7,29401,14610,7,29383,14420,8,21346,22312,7,22157,21917,7,22834,22271,7,23865,22194,7,24735,21590,7,25617,22175,7,27846,22685,7,27198,22987,7,13597,22594,7,7179,22379,7,4190,23296,7,5131,22190,7,6552,21754,7,8956,20694,7,10202,20721,7,13223,21232,7,15634,21925,7,18681,21936,7,18681,21939,7,20739,22044,7,21346,22312,8,23589,19572,7,23583,19884,7,12697,20107,7,11310,19612,7,6562,19856,7,1875,20804,7,4104,19310,7,6362,19362,7,7199,19104,7,11278,19118,7,11449,18724,7,11605,18720,7,11631,19234,7,12746,19821,7,19525,19500,7,23589,19572,8,24970,19562,7,26683,19593,7,27417,19397,7,28511,19418,7,29397,19641,7,32073,19662,7,32773,19539,7,33357,19750,7,37710,19852,7,37710,17969,7,33825,17950,7,33823,17730,7,37710,17669,7,37710,170,7,210,170,7,209,18948,7,2006,18933,7,1430,19309,7,209,19380,7,209,22641,7,1913,22907,7,2370,23207,7,2426,23521,7,209,23296,7,209,27059,7,4024,27064,7,5448,27348,7,6523,27848,7,7639,28968,7,209,28881,7,209,34460,7,2298,34746,7,4612,34880,7,6915,34743,7,9265,35037,7,11607,34986,7,12216,34820,7,14288,34824,7,12062,33825,7,11172,33143,7,9732,33118,7,10554,32540,7,11380,32539,7,11923,33187,7,12836,31358,7,13240,31138,7,13752,31168,7,15515,31662,7,23543,31567,7,24755,31635,7,24755,31640,7,25717,31934,7,27532,33261,7,27532,33262,7,29179,34157,7,29175,34166,7,30937,34730,7,32672,34978,7,37709,34855,7,37698,29759,7,26740,29755,7,28304,27991,7,28879,27859,7,28608,26734,7,30453,26484,7,31962,26989,7,33753,27393,7,34753,27043,7,36356,27806,7,37710,27211,7,37710,20198,7,24964,19926,7,24970,19562,8,13436,24882,7,24137,25678,7,27160,25171,7,26678,25639,7,24166,26257,7,9838,26478,7,10936,25670,7,10942,25678,7,12206,25650,7,13436,24882,8,11154,17164,7,11570,17588,7,11595,18062,7,11439,18066,7,10966,17660,7,7131,17490,7,8236,16880,7,10323,16999,7,11154,17164,8,3880,25201,7,2056,25185,7,2318,24987,7,3682,25003,7,3880,25201,8,11604,24164,7,9642,24076,7,10074,23796,7,11356,23884,7,11604,24164,8,9599,30243,7,11021,30011,7,11201,30309,7,9479,30521,7,9599,30243,8,32859,16339,7,29053,16431,7,29049,16191,7,32855,16099,7,32859,16339,8,36436,25428,7,30031,24133,7,31103,23717,7,32331,23935,7,35634,24754,7,36436,25428,5]},{"type":5,"className":"com.darkness.tdp4.maps.view.MapTestPolygonContainer","baseClassName":null,"id":8,"frames":[{"objects":[{"name":null,"type":0,"depth":1,"symbol":2,"clipDepth":0,"id":0,"matrix":[-6.103515625e-05,0.0868988037109375,-17.5533905029297,-0.0126495361328125,7680,19473]},{"name":null,"type":0,"depth":3,"symbol":2,"clipDepth":0,"id":1,"matrix":[-6.103515625e-05,0.0868988037109375,-37.9014587402344,-0.027313232421875,13150,22259]},{"name":null,"type":0,"depth":5,"symbol":2,"clipDepth":0,"id":2,"matrix":[-6.103515625e-05,0.0868988037109375,-24.7022094726562,-0.0178070068359375,21392,22514]},{"name":null,"type":0,"depth":7,"symbol":2,"clipDepth":0,"id":3,"matrix":[-6.103515625e-05,0.0868988037109375,-17.0826568603516,-0.0123138427734375,28595,19834]},{"name":null,"type":0,"depth":9,"symbol":2,"clipDepth":0,"id":4,"matrix":[-6.103515625e-05,0.0868988037109375,-17.0826568603516,-0.0123138427734375,18245,19815]},{"name":null,"type":0,"depth":11,"symbol":2,"clipDepth":0,"id":5,"matrix":[-6.103515625e-05,0.0868988037109375,-12.6631469726562,-0.009124755859375,32120,14473]},{"name":null,"type":0,"depth":13,"symbol":2,"clipDepth":0,"id":6,"matrix":[-6.103515625e-05,0.0868988037109375,-8.38980102539062,-0.00604248046875,35668,17834]},{"name":null,"type":0,"depth":15,"symbol":2,"clipDepth":0,"id":7,"matrix":[-6.103515625e-05,0.0868988037109375,-14.0456237792969,-0.0101165771484375,34850,19956]},{"name":null,"type":0,"depth":17,"symbol":2,"clipDepth":0,"id":8,"matrix":[-6.103515625e-05,0.0868988037109375,-25.3310241699219,-0.01824951171875,32482,29239]},{"name":null,"type":0,"depth":19,"symbol":2,"clipDepth":0,"id":9,"matrix":[-6.103515625e-05,0.0868988037109375,-4.106201171875,-0.002960205078125,31590,24073]},{"name":null,"type":0,"depth":21,"symbol":2,"clipDepth":0,"id":10,"matrix":[-6.103515625e-05,0.0868988037109375,-4.106201171875,-0.002960205078125,33288,24496]},{"name":null,"type":0,"depth":23,"symbol":2,"clipDepth":0,"id":11,"matrix":[-6.103515625e-05,0.0868988037109375,-4.106201171875,-0.002960205078125,34869,24856]},{"name":null,"type":0,"depth":25,"symbol":2,"clipDepth":0,"id":12,"matrix":[-6.103515625e-05,0.0868988037109375,-34.1910552978516,-0.0246429443359375,17851,25941]},{"name":null,"type":0,"depth":27,"symbol":2,"clipDepth":0,"id":13,"matrix":[-6.103515625e-05,0.0868988037109375,-13.4716949462891,-0.00970458984375,2911,28134]},{"name":null,"type":0,"depth":29,"symbol":2,"clipDepth":0,"id":14,"matrix":[-6.103515625e-05,0.0868988037109375,-3.863525390625,-0.002777099609375,814,23055]},{"name":null,"type":0,"depth":31,"symbol":2,"clipDepth":0,"id":15,"matrix":[-6.103515625e-05,0.0868988037109375,-3.06382751464844,-0.002197265625,2978,25096]},{"name":null,"type":0,"depth":33,"symbol":2,"clipDepth":0,"id":16,"matrix":[-6.103515625e-05,0.0868988037109375,-3.06382751464844,-0.002197265625,840,19115]},{"name":null,"type":0,"depth":35,"symbol":2,"clipDepth":0,"id":17,"matrix":[-6.103515625e-05,0.0868988037109375,-8.15234375,-0.0058441162109375,9345,17355]},{"name":null,"type":0,"depth":37,"symbol":2,"clipDepth":0,"id":18,"matrix":[-6.103515625e-05,0.0868988037109375,-2.9144287109375,-0.0020904541015625,10831,32917]},{"name":null,"type":0,"depth":39,"symbol":2,"clipDepth":0,"id":19,"matrix":[-6.103515625e-05,0.0868988037109375,-8.73332214355469,-0.0063018798828125,30884,16295]},{"name":null,"type":0,"depth":41,"symbol":2,"clipDepth":0,"id":20,"matrix":[-6.103515625e-05,0.0868988037109375,-3.06382751464844,-0.002197265625,10682,23996]},{"name":null,"type":0,"depth":43,"symbol":2,"clipDepth":0,"id":21,"matrix":[-0.0868988037109375,-6.103515625e-05,0.0048828125,-6.80276489257812,13539,32828]},{"name":null,"type":0,"depth":45,"symbol":2,"clipDepth":0,"id":22,"matrix":[-0.0868988037109375,-6.103515625e-05,0.0048828125,-6.80276489257812,24466,33179]}]}]},{"type":5,"className":"com.darkness.tdp4.maps.view.MapBGS","baseClassName":null,"id":7,"frames":[{"objects":[{"name":null,"type":0,"depth":1,"symbol":6,"clipDepth":0,"id":0,"matrix":[1,0,0,1,0,0]}]}]},{"type":5,"id":6,"frames":[{"objects":[{"type":0,"depth":0,"symbol":5,"clipDepth":0,"id":0,"visible":true,"matrix":[1,0,0,1,0,0]}]}]},{"type":5,"className":"com.darkness.tdp4.maps.view.GameMap","baseClassName":null,"id":33,"frames":[{"objects":[{"name":null,"type":0,"depth":1,"symbol":32,"clipDepth":0,"id":0,"matrix":[1,0,0,1,-5500,-4000]},{"name":null,"type":0,"depth":210,"symbol":14,"clipDepth":0,"id":1,"matrix":[1,0,0,1,-5500,-4000]},{"name":null,"type":0,"depth":212,"symbol":11,"clipDepth":0,"id":2,"matrix":[1,0,0,1,-5500,-4000]},{"name":null,"type":0,"depth":508,"symbol":10,"clipDepth":0,"id":3,"visible":false,"matrix":[1,0,0,1,-5500,-4000]},{"name":null,"type":0,"depth":510,"symbol":8,"clipDepth":0,"id":4,"visible":false,"matrix":[1,0,0,1,-5500,-4000]}]}]},{"path":"symbols/5.jpg","type":0,"id":5},{"type":5,"className":"com.darkness.tdp4.maps.view.Map","baseClassName":null,"id":32,"frames":[{"objects":[{"name":null,"type":0,"depth":1,"symbol":16,"clipDepth":0,"id":0,"matrix":[1,0,0,1,0,0]},{"name":"respawnCon","type":0,"depth":2,"symbol":18,"clipDepth":0,"id":1,"matrix":[1,0,0,1,0,0]},{"name":"singlePlayerRespawnCon","type":0,"depth":42,"symbol":19,"clipDepth":0,"id":2,"matrix":[1,0,0,1,0,0]},{"name":"dominationRespawn","type":0,"depth":82,"symbol":20,"clipDepth":0,"id":3,"matrix":[1,0,0,1,0,0]},{"name":"controllPointsCon","type":0,"depth":94,"symbol":21,"clipDepth":0,"id":4,"matrix":[1,0,0,1,0,0]},{"name":"botRespawn","type":0,"depth":114,"symbol":22,"clipDepth":0,"id":5,"matrix":[1,0,0,1,0,0]},{"name":"turretRespawn","type":0,"depth":154,"symbol":23,"clipDepth":0,"id":6,"matrix":[1,0,0,1,0,0]},{"name":"waypoint_0","type":0,"depth":174,"symbol":25,"clipDepth":0,"id":7,"matrix":[0.58050537109375,0,0,2.5625,25451,17623]},{"name":"waypoint_1","type":0,"depth":176,"symbol":25,"clipDepth":0,"id":8,"matrix":[0.58050537109375,0,0,2.5625,20709,29850]},{"name":"waypoint_2","type":0,"depth":178,"symbol":25,"clipDepth":0,"id":9,"matrix":[0.58050537109375,0,0,2.5625,2572,33161]},{"name":"waypoint_3","type":0,"depth":180,"symbol":25,"clipDepth":0,"id":10,"matrix":[0.58050537109375,0,0,2.5625,7350,33214]},{"name":"waypoint_4","type":0,"depth":182,"symbol":25,"clipDepth":0,"id":11,"matrix":[0.58050537109375,0,0,2.5625,14623,18062]},{"name":"waypoint_5","type":0,"depth":184,"symbol":25,"clipDepth":0,"id":12,"matrix":[0.58050537109375,0,0,2.5625,34484,32809]},{"name":"waypoint_6","type":0,"depth":186,"symbol":25,"clipDepth":0,"id":13,"matrix":[0.58050537109375,0,0,2.5625,694,17105]},{"name":"itemCon","type":0,"depth":188,"symbol":26,"clipDepth":0,"id":14,"matrix":[1,0,0,1,0,0]},{"name":"flagBaseCon","type":0,"depth":208,"symbol":31,"clipDepth":0,"id":15,"matrix":[1,0,0,1,0,0]}]}]},{"type":5,"className":"com.darkness.tdp4.maps.view.MapTop","baseClassName":null,"id":4,"frames":[{}]},{"type":5,"id":31,"frames":[{"objects":[{"name":"base_2","type":0,"depth":1,"symbol":28,"clipDepth":0,"id":0,"filters":[[0,40,40,1]],"matrix":[1,0,0,1,18700,13800]},{"name":"base_1","type":0,"depth":3,"symbol":30,"clipDepth":0,"id":1,"filters":[[0,40,40,1]],"matrix":[1,0,0,1,16600,30400]}]}]},{"type":5,"className":"com.darkness.tdp4.maps.view.MapBulletProofPolygonContainer","baseClassName":null,"id":3,"frames":[{"objects":[{"name":null,"type":0,"depth":1,"symbol":2,"clipDepth":0,"id":0,"matrix":[0.651397705078125,0,0,90.0348052978516,79,17954]},{"name":null,"type":0,"depth":3,"symbol":2,"clipDepth":0,"id":1,"matrix":[94.6597290039062,0,0,0.350006103515625,18932,35963]},{"name":null,"type":0,"depth":5,"symbol":2,"clipDepth":0,"id":2,"matrix":[94.2850494384766,0,0,0.350006103515625,18997,63]},{"name":null,"type":0,"depth":7,"symbol":2,"clipDepth":0,"id":3,"matrix":[0.701705932617188,0,0,89.7939147949219,37849,17990]},{"name":null,"type":0,"depth":9,"symbol":2,"clipDepth":0,"id":4,"matrix":[16.0177917480469,0,0,0.707077026367188,18719,31803]},{"name":null,"type":0,"depth":11,"symbol":2,"clipDepth":0,"id":5,"matrix":[-3.91119384765625,4.41087341308594,-0.354843139648438,-0.31463623046875,27688,28952]},{"name":null,"type":0,"depth":13,"symbol":2,"clipDepth":0,"id":6,"matrix":[-2.53652954101562,-1.12515258789062,0.516006469726562,-1.14617919921875,5913,27852]},{"name":null,"type":0,"depth":15,"symbol":2,"clipDepth":0,"id":7,"matrix":[4.25529479980469,-0.262466430664062,0.043487548828125,0.704666137695312,22704,31787]},{"name":null,"type":0,"depth":17,"symbol":2,"clipDepth":0,"id":8,"matrix":[1.67930603027344,0.154205322265625,-0.0401763916015625,0.4375,36591,15236]},{"name":null,"type":0,"depth":19,"symbol":2,"clipDepth":0,"id":9,"matrix":[0.028472900390625,0.735397338867188,-16.8932037353516,0.65386962890625,16130,19789]},{"name":null,"type":0,"depth":21,"symbol":2,"clipDepth":0,"id":10,"matrix":[-5.46202087402344,3.62547302246094,-0.331405639648438,-0.499465942382812,3033,20179]},{"name":null,"type":0,"depth":23,"symbol":2,"clipDepth":0,"id":11,"matrix":[-15.6545562744141,-0.353485107421875,0.0136260986328125,-0.599212646484375,7232,19501]},{"name":null,"type":0,"depth":25,"symbol":2,"clipDepth":0,"id":12,"matrix":[1.54161071777344,0.154434204101562,-0.072906494140625,0.72662353515625,1590,23021]},{"name":null,"type":0,"depth":27,"symbol":2,"clipDepth":0,"id":13,"matrix":[-5.24887084960938,-0.302383422851562,0.04193115234375,-0.724838256835938,19687,22102]},{"name":null,"type":0,"depth":29,"symbol":2,"clipDepth":0,"id":14,"matrix":[0.0906524658203125,0.599761962890625,-2.92051696777344,0.440704345703125,30537,23925]},{"name":null,"type":0,"depth":31,"symbol":2,"clipDepth":0,"id":15,"matrix":[10.2123413085938,-0.161331176757812,-0.006591796875,-0.42254638671875,35846,17783]},{"name":null,"type":0,"depth":33,"symbol":2,"clipDepth":0,"id":16,"matrix":[-11.3476715087891,-0.260848999023438,0.0201873779296875,-0.869781494140625,35614,19976]},{"name":null,"type":0,"depth":35,"symbol":2,"clipDepth":0,"id":17,"matrix":[-7.02508544921875,0.687210083007812,-0.0463409423828125,-0.474899291992188,30797,14378]},{"name":null,"type":0,"depth":37,"symbol":2,"clipDepth":0,"id":18,"matrix":[-10.3209228515625,-0.358169555664062,0.024688720703125,-0.706741333007812,9200,17421]},{"name":null,"type":0,"depth":39,"symbol":2,"clipDepth":0,"id":19,"matrix":[2.606689453125,-0.681594848632812,0.087158203125,0.333297729492188,26908,19605]},{"name":null,"type":0,"depth":41,"symbol":2,"clipDepth":0,"id":20,"matrix":[-1.51998901367188,-0.548385620117188,0.295150756835938,-0.8175048828125,33018,19813]},{"name":null,"type":0,"depth":43,"symbol":2,"clipDepth":0,"id":21,"matrix":[-1.59054565429688,0.285079956054688,-0.15313720703125,-0.855560302734375,32422,19776]},{"name":null,"type":0,"depth":45,"symbol":2,"clipDepth":0,"id":22,"matrix":[-6.3304443359375,-0.0754852294921875,0.0105743408203125,-0.868545532226562,30811,19828]},{"name":null,"type":0,"depth":47,"symbol":2,"clipDepth":0,"id":23,"matrix":[-0.0977325439453125,0.598876953125,-2.916015625,-0.476608276367188,31728,23960]},{"name":null,"type":0,"depth":49,"symbol":2,"clipDepth":0,"id":24,"matrix":[-0.140823364257812,0.590072631835938,-8.26242065429688,-1.97392272949219,33947,24483]},{"name":null,"type":0,"depth":51,"symbol":2,"clipDepth":0,"id":25,"matrix":[-0.013916015625,0.78094482421875,-10.1620025634766,-0.181259155273438,21554,19692]},{"name":null,"type":0,"depth":53,"symbol":2,"clipDepth":0,"id":26,"matrix":[-12.7159881591797,0.119216918945312,-0.006622314453125,-0.726058959960938,16139,22065]},{"name":null,"type":0,"depth":55,"symbol":2,"clipDepth":0,"id":27,"matrix":[4.48696899414062,1.27264404296875,-0.192367553710938,0.67828369140625,14611,31559]},{"name":null,"type":0,"depth":57,"symbol":2,"clipDepth":0,"id":28,"matrix":[3.03208923339844,0.169219970703125,-0.039306640625,0.704330444335938,24141,31742]},{"name":null,"type":0,"depth":59,"symbol":2,"clipDepth":0,"id":29,"matrix":[2.437255859375,0.74322509765625,-0.20556640625,0.674148559570312,25189,31920]},{"name":null,"type":0,"depth":61,"symbol":2,"clipDepth":0,"id":30,"matrix":[4.4345703125,3.22576904296875,-0.414108276367188,0.569351196289062,26562,32730]},{"name":null,"type":0,"depth":63,"symbol":2,"clipDepth":0,"id":31,"matrix":[4.16880798339844,2.26284790039062,-0.335739135742188,0.618560791015625,28278,33828]},{"name":null,"type":0,"depth":65,"symbol":2,"clipDepth":0,"id":32,"matrix":[4.52236938476562,1.42120361328125,-0.210861206054688,0.6710205078125,29994,34570]},{"name":null,"type":0,"depth":67,"symbol":2,"clipDepth":0,"id":33,"matrix":[4.69015502929688,0.67138671875,-0.0995941162109375,0.695907592773438,31777,34992]},{"name":null,"type":0,"depth":69,"symbol":2,"clipDepth":0,"id":34,"matrix":[13.4473571777344,-0.328582763671875,0.0171966552734375,0.702407836914062,35237,35055]},{"name":null,"type":0,"depth":71,"symbol":2,"clipDepth":0,"id":35,"matrix":[-1.9288330078125,0.0601043701171875,-0.102157592773438,-3.2783203125,29034,27318]},{"name":null,"type":0,"depth":73,"symbol":2,"clipDepth":0,"id":36,"matrix":[-3.04391479492188,0.673721313476562,-0.102142333984375,-0.461593627929688,29246,26675]},{"name":null,"type":0,"depth":75,"symbol":2,"clipDepth":0,"id":37,"matrix":[-1.9290771484375,-0.08447265625,0.02069091796875,-0.472549438476562,30181,26567]},{"name":null,"type":0,"depth":77,"symbol":2,"clipDepth":0,"id":38,"matrix":[-4.86752319335938,-1.10728454589844,0.104354858398438,-0.458648681640625,32856,27288]},{"name":null,"type":0,"depth":79,"symbol":2,"clipDepth":0,"id":39,"matrix":[-4.70310974121094,0.680953979492188,-0.100860595703125,-0.696685791015625,10320,30246]},{"name":null,"type":0,"depth":81,"symbol":2,"clipDepth":0,"id":40,"matrix":[-3.56082153320312,-0.708267211914062,0.245315551757812,-1.2320556640625,4687,27452]},{"name":null,"type":0,"depth":83,"symbol":2,"clipDepth":0,"id":41,"matrix":[-9.61973571777344,-0.0063934326171875,0.0010528564453125,-1.25531005859375,2031,27311]},{"name":null,"type":0,"depth":85,"symbol":2,"clipDepth":0,"id":42,"matrix":[-2.09521484375,0.630874633789062,-0.17254638671875,-0.573379516601562,10730,19377]},{"name":null,"type":0,"depth":87,"symbol":2,"clipDepth":0,"id":43,"matrix":[-3.52484130859375,-1.78485107421875,0.269943237304688,-0.532852172851562,12069,19582]},{"name":null,"type":0,"depth":89,"symbol":2,"clipDepth":0,"id":44,"matrix":[-3.57644653320312,-0.332229614257812,0.065093994140625,-0.70062255859375,14149,24963]},{"name":null,"type":0,"depth":91,"symbol":2,"clipDepth":0,"id":45,"matrix":[-3.22038269042969,2.00888061523438,-0.372039794921875,-0.596466064453125,12912,25374]},{"name":null,"type":0,"depth":93,"symbol":2,"clipDepth":0,"id":46,"matrix":[-3.38359069824219,0.074554443359375,-0.01544189453125,-0.701751708984375,11609,25803]},{"name":null,"type":0,"depth":95,"symbol":2,"clipDepth":0,"id":47,"matrix":[-23.4665222167969,-1.84872436523438,0.055267333984375,-0.701431274414062,19442,25449]},{"name":null,"type":0,"depth":97,"symbol":2,"clipDepth":0,"id":48,"matrix":[5.74589538574219,0.796920776367188,-0.173187255859375,1.24703979492188,1200,34851]},{"name":null,"type":0,"depth":99,"symbol":2,"clipDepth":0,"id":49,"matrix":[5.78738403320312,0.33343505859375,-0.0726165771484375,1.25604248046875,3440,35064]},{"name":null,"type":0,"depth":101,"symbol":2,"clipDepth":0,"id":50,"matrix":[5.78311157226562,-0.400543212890625,0.086700439453125,1.255126953125,5775,35074]},{"name":null,"type":0,"depth":103,"symbol":2,"clipDepth":0,"id":51,"matrix":[5.88262939453125,0.792037963867188,-0.167999267578125,1.24600219726562,8073,35145]},{"name":null,"type":0,"depth":105,"symbol":2,"clipDepth":0,"id":52,"matrix":[-7.60240173339844,1.273193359375,-0.1158447265625,-0.691802978515625,25663,25564]},{"name":null,"type":0,"depth":107,"symbol":2,"clipDepth":0,"id":53,"matrix":[5.98458862304688,1.70964050292969,-0.198944091796875,0.695724487304688,14398,21716]},{"name":null,"type":0,"depth":109,"symbol":2,"clipDepth":0,"id":54,"matrix":[-1.23411560058594,0.87652587890625,-0.280960083007812,-0.395797729492188,4441,23102]},{"name":null,"type":0,"depth":111,"symbol":2,"clipDepth":0,"id":55,"matrix":[21.8165893554688,-0.562896728515625,0.0185089111328125,0.723861694335938,9418,22180]},{"name":null,"type":0,"depth":113,"symbol":2,"clipDepth":0,"id":56,"matrix":[-3.6002197265625,0.988998413085938,-0.1964111328125,-0.696182250976562,5884,22087]},{"name":null,"type":0,"depth":115,"symbol":2,"clipDepth":0,"id":57,"matrix":[-6.03329467773438,2.59295654296875,-0.285186767578125,-0.6640625,7806,21346]},{"name":null,"type":0,"depth":117,"symbol":2,"clipDepth":0,"id":58,"matrix":[-4.70016479492188,0.0419464111328125,-0.00347900390625,-0.402938842773438,1037,19022]},{"name":null,"type":0,"depth":119,"symbol":2,"clipDepth":0,"id":59,"matrix":[-3.36614990234375,-0.652679443359375,0.137710571289062,-0.709152221679688,727,22889]},{"name":null,"type":0,"depth":121,"symbol":2,"clipDepth":0,"id":60,"matrix":[-4.959228515625,-0.0393524169921875,0.0040435791015625,-0.4935302734375,3009,25094]},{"name":null,"type":0,"depth":123,"symbol":2,"clipDepth":0,"id":61,"matrix":[-2.29367065429688,-2.65904235839844,0.589401245117188,-0.5084228515625,11728,33200]},{"name":null,"type":0,"depth":125,"symbol":2,"clipDepth":0,"id":62,"matrix":[-6.18380737304688,-2.11865234375,0.22686767578125,-0.662109375,13286,34285]},{"name":null,"type":0,"depth":127,"symbol":2,"clipDepth":0,"id":63,"matrix":[-5.61747741699219,-0.194961547851562,0.024688720703125,-0.706741333007812,9295,17058]},{"name":null,"type":0,"depth":129,"symbol":2,"clipDepth":0,"id":64,"matrix":[-2.642822265625,0.929473876953125,-0.129180908203125,-0.367568969726562,7718,17098]},{"name":null,"type":0,"depth":131,"symbol":2,"clipDepth":0,"id":65,"matrix":[1.86871337890625,0.526885986328125,-0.10552978515625,0.37396240234375,10759,17134]},{"name":null,"type":0,"depth":133,"symbol":2,"clipDepth":0,"id":66,"matrix":[-2.91189575195312,0.242919921875,-0.039337158203125,-0.4716796875,28914,28035]},{"name":null,"type":0,"depth":135,"symbol":2,"clipDepth":0,"id":67,"matrix":[-1.99162292480469,-0.0097808837890625,-0.004486083984375,-1.15898132324219,10983,32769]},{"name":null,"type":0,"depth":137,"symbol":2,"clipDepth":0,"id":68,"matrix":[2.05450439453125,-1.4456787109375,0.170089721679688,0.279830932617188,10177,32885]},{"name":null,"type":0,"depth":139,"symbol":2,"clipDepth":0,"id":69,"matrix":[5.63113403320312,1.36923217773438,0.171493530273438,-0.704452514648438,26676,22502]},{"name":null,"type":0,"depth":141,"symbol":2,"clipDepth":0,"id":70,"matrix":[-4.90348815917969,-0.218292236328125,0.031219482421875,-0.701065063476562,10629,23980]},{"name":null,"type":0,"depth":143,"symbol":2,"clipDepth":0,"id":71,"matrix":[6.4312744140625,-0.129150390625,0.0250091552734375,1.25668334960938,10556,35262]},{"name":null,"type":0,"depth":145,"symbol":2,"clipDepth":0,"id":72,"matrix":[1.55461120605469,-0.4073486328125,0.318130493164062,1.21499633789062,11982,35148]},{"name":null,"type":0,"depth":147,"symbol":2,"clipDepth":0,"id":73,"matrix":[-2.74349975585938,2.01823425292969,-0.414993286132812,-0.56414794921875,10470,26187]},{"name":null,"type":0,"depth":149,"symbol":2,"clipDepth":0,"id":74,"matrix":[7.49127197265625,1.26675415039062,-0.1207275390625,0.71282958984375,11701,21122]},{"name":null,"type":0,"depth":151,"symbol":2,"clipDepth":0,"id":75,"matrix":[-3.37472534179688,-0.0287933349609375,0.0063629150390625,-0.722412109375,9526,20859]},{"name":null,"type":0,"depth":153,"symbol":2,"clipDepth":0,"id":76,"matrix":[-0.280532836914062,0.536331176757812,-2.35733032226562,-1.2337646484375,36049,25108]},{"name":null,"type":0,"depth":155,"symbol":2,"clipDepth":0,"id":77,"matrix":[-0.0162506103515625,0.91229248046875,-11.5918121337891,-0.206756591796875,27285,19785]},{"name":null,"type":0,"depth":157,"symbol":2,"clipDepth":0,"id":78,"matrix":[3.24655151367188,-0.530838012695312,-0.116592407226562,-0.714248657226562,23376,22329]},{"name":null,"type":0,"depth":159,"symbol":2,"clipDepth":0,"id":79,"matrix":[0.301986694335938,0.668914794921875,2.28802490234375,-1.03215026855469,21759,22257]},{"name":null,"type":0,"depth":161,"symbol":2,"clipDepth":0,"id":80,"matrix":[-7.93740844726562,-0.479049682617188,0.028839111328125,-0.476043701171875,33796,14355]},{"name":null,"type":0,"depth":163,"symbol":2,"clipDepth":0,"id":81,"matrix":[-2.60882568359375,-0.655838012695312,0.0838623046875,-0.333572387695312,29016,19616]},{"name":null,"type":0,"depth":165,"symbol":2,"clipDepth":0,"id":82,"matrix":[2.691650390625,0.0506744384765625,-0.0064849853515625,0.344161987304688,27954,19476]},{"name":null,"type":0,"depth":167,"symbol":2,"clipDepth":0,"id":83,"matrix":[-10.4825592041016,0.007843017578125,-0.00018310546875,-0.376052856445312,9296,19177]},{"name":null,"type":0,"depth":169,"symbol":2,"clipDepth":0,"id":84,"matrix":[0.0390625,1.2840576171875,-0.388229370117188,0.01171875,11535,18939]},{"name":null,"type":0,"depth":171,"symbol":2,"clipDepth":0,"id":85,"matrix":[0.032562255859375,1.0706787109375,-0.388229370117188,0.01171875,11510,17850]},{"name":null,"type":0,"depth":173,"symbol":2,"clipDepth":0,"id":86,"matrix":[0.07452392578125,2.13677978515625,-0.43890380859375,0.01531982421875,35471,14774]},{"name":null,"type":0,"depth":175,"symbol":2,"clipDepth":0,"id":87,"matrix":[-9.5162353515625,0.227630615234375,-0.01129150390625,-0.476821899414062,30954,16240]},{"name":null,"type":0,"depth":177,"symbol":2,"clipDepth":0,"id":88,"matrix":[4.65727233886719,-0.240524291992188,-0.0188751220703125,-0.366943359375,36871,19828]},{"name":null,"type":0,"depth":179,"symbol":2,"clipDepth":0,"id":89,"matrix":[-11.5632934570312,3.2103271484375,-0.19305419921875,-0.696044921875,4907,19915]},{"name":null,"type":0,"depth":181,"symbol":2,"clipDepth":0,"id":90,"matrix":[-2.62620544433594,-2.60356140136719,0.888900756835938,-0.88677978515625,6936,28624]},{"name":null,"type":0,"depth":183,"symbol":2,"clipDepth":0,"id":91,"matrix":[1.568359375,0.89544677734375,-0.36163330078125,0.633148193359375,2184,23235]},{"name":null,"type":0,"depth":185,"symbol":2,"clipDepth":0,"id":92,"matrix":[1.24359130859375,-1.8809814453125,0.60772705078125,0.401931762695312,4934,22661]},{"name":null,"type":0,"depth":187,"symbol":2,"clipDepth":0,"id":93,"matrix":[-3.77056884765625,-1.26522827148438,0.149520874023438,-0.445510864257812,31182,26811]},{"name":null,"type":0,"depth":189,"symbol":2,"clipDepth":0,"id":94,"matrix":[2.39288330078125,-4.7972412109375,0.629913330078125,0.314224243164062,12483,32380]},{"name":null,"type":0,"depth":191,"symbol":2,"clipDepth":0,"id":95,"matrix":[-2.50201416015625,0.873626708984375,-0.154861450195312,-0.443603515625,34284,27307]},{"name":null,"type":0,"depth":193,"symbol":2,"clipDepth":0,"id":96,"matrix":[-4.0069580078125,-1.84945678710938,0.196914672851562,-0.426605224609375,35541,27532]},{"name":null,"type":0,"depth":195,"symbol":2,"clipDepth":0,"id":97,"matrix":[-1.357666015625,-0.01165771484375,0.004058837890625,-0.470260620117188,37507,27303]},{"name":null,"type":0,"depth":197,"symbol":2,"clipDepth":0,"id":98,"matrix":[0.8995361328125,-0.517303466796875,0.350357055664062,0.6092529296875,13123,31352]},{"name":null,"type":0,"depth":199,"symbol":2,"clipDepth":0,"id":99,"matrix":[1.25494384765625,0.102340698242188,-0.0569915771484375,0.698883056640625,13468,31297]},{"name":null,"type":0,"depth":201,"symbol":2,"clipDepth":0,"id":100,"matrix":[10.7304382324219,0.0208892822265625,-0.002655029296875,1.25492858886719,14361,35075]},{"name":null,"type":0,"depth":203,"symbol":2,"clipDepth":0,"id":101,"matrix":[2.16142272949219,0.0102691650390625,-0.0020751953125,0.438705444335938,35829,15209]},{"name":null,"type":0,"depth":205,"symbol":2,"clipDepth":0,"id":102,"matrix":[0.304733276367188,-0.667236328125,-2.28166198730469,-1.0428466796875,21134,22346]},{"name":null,"type":0,"depth":207,"symbol":2,"clipDepth":0,"id":103,"matrix":[0.281402587890625,-0.67730712890625,-1.93218994140625,-0.803451538085938,22599,22331]},{"name":null,"type":0,"depth":209,"symbol":2,"clipDepth":0,"id":104,"matrix":[-0.426376342773438,-0.595245361328125,-2.12443542480469,1.52081298828125,24345,21933]},{"name":null,"type":0,"depth":211,"symbol":2,"clipDepth":0,"id":105,"matrix":[-0.399139404296875,0.61279296875,2.18620300292969,1.42486572265625,25150,21933]},{"name":null,"type":0,"depth":213,"symbol":2,"clipDepth":0,"id":106,"matrix":[-2.33609008789062,1.47604370117188,-0.250747680664062,-0.396865844726562,36851,27603]},{"name":null,"type":0,"depth":215,"symbol":2,"clipDepth":0,"id":107,"matrix":[0.939712524414062,0.9932861328125,-0.281845092773438,0.266525268554688,11326,17442]},{"name":null,"type":0,"depth":217,"symbol":2,"clipDepth":0,"id":108,"matrix":[0.1640625,9.2318115234375,-27.5405731201172,0.489395141601562,19871,33766]},{"name":null,"type":0,"depth":219,"symbol":2,"clipDepth":0,"id":109,"matrix":[-0.2236328125,-6.89268493652344,3.13969421386719,-0.08453369140625,13786,32857]},{"name":null,"type":0,"depth":221,"symbol":2,"clipDepth":0,"id":110,"matrix":[0.189163208007812,-4.49154663085938,1.37893676757812,0.065673828125,12834,33029]},{"name":null,"type":0,"depth":223,"symbol":2,"clipDepth":0,"id":111,"matrix":[-34.9316864013672,-0.232940673828125,0.0175018310546875,-1.43597412109375,7283,35514]},{"name":null,"type":0,"depth":225,"symbol":2,"clipDepth":0,"id":112,"matrix":[-3.93760681152344,0.122695922851562,-0.238006591796875,-7.63798522949219,25857,34321]},{"name":null,"type":0,"depth":227,"symbol":2,"clipDepth":0,"id":113,"matrix":[-0.0153350830078125,3.91777038574219,-6.4736328125,-0.025390625,27850,35135]},{"name":null,"type":0,"depth":229,"symbol":2,"clipDepth":0,"id":114,"matrix":[-1.9215087890625,-0.0256500244140625,0.0333404541015625,-2.49627685546875,26981,33766]},{"name":null,"type":0,"depth":231,"symbol":2,"clipDepth":0,"id":115,"matrix":[0.008819580078125,1.92973327636719,-7.5504150390625,0.0345001220703125,30554,35454]},{"name":null,"type":0,"depth":233,"symbol":2,"clipDepth":0,"id":116,"matrix":[-0.0171051025390625,1.32196044921875,-14.6679077148438,-0.189926147460938,34839,35530]},{"name":null,"type":0,"depth":235,"symbol":2,"clipDepth":0,"id":117,"matrix":[11.3806762695312,0,0,104.267776489258,-2108,17656]},{"name":null,"type":0,"depth":237,"symbol":2,"clipDepth":0,"id":118,"matrix":[117.123413085938,0,0,8.39361572265625,19179,-1509]},{"name":null,"type":0,"depth":239,"symbol":2,"clipDepth":0,"id":119,"matrix":[12.3593444824219,0,0,104.200134277344,40234,17656]},{"name":null,"type":0,"depth":241,"symbol":2,"clipDepth":0,"id":120,"matrix":[117.375396728516,0,0,7.931884765625,19158,36933]},{"name":null,"type":0,"depth":243,"symbol":2,"clipDepth":0,"id":121,"matrix":[0.34185791015625,0.21563720703125,-0.396331787109375,0.628219604492188,28313,28133]},{"name":null,"type":0,"depth":245,"symbol":2,"clipDepth":0,"id":122,"matrix":[0.233383178710938,0.330047607421875,-0.5047607421875,0.35693359375,28211,28252]},{"name":null,"type":0,"depth":247,"symbol":2,"clipDepth":0,"id":123,"matrix":[0.34185791015625,0.21563720703125,-0.396331787109375,0.628219604492188,28067,28393]},{"name":null,"type":0,"depth":249,"symbol":2,"clipDepth":0,"id":124,"matrix":[0.233383178710938,0.330047607421875,-0.51055908203125,0.36102294921875,27922,28545]},{"name":null,"type":0,"depth":251,"symbol":2,"clipDepth":0,"id":125,"matrix":[0.34185791015625,0.21563720703125,-0.396331787109375,0.628219604492188,27764,28698]},{"name":null,"type":0,"depth":253,"symbol":2,"clipDepth":0,"id":126,"matrix":[0.233383178710938,0.330047607421875,-0.5047607421875,0.35693359375,27623,28854]},{"name":null,"type":0,"depth":255,"symbol":2,"clipDepth":0,"id":127,"matrix":[0.34185791015625,0.21563720703125,-0.396331787109375,0.628219604492188,27480,28995]},{"name":null,"type":0,"depth":257,"symbol":2,"clipDepth":0,"id":128,"matrix":[0.233383178710938,0.330047607421875,-0.51055908203125,0.36102294921875,27334,29147]},{"name":null,"type":0,"depth":259,"symbol":2,"clipDepth":0,"id":129,"matrix":[0.34185791015625,0.21563720703125,-0.396331787109375,0.628219604492188,27177,29300]},{"name":null,"type":0,"depth":261,"symbol":2,"clipDepth":0,"id":130,"matrix":[0.233383178710938,0.330047607421875,-0.51055908203125,0.36102294921875,27059,29418]},{"name":null,"type":0,"depth":263,"symbol":2,"clipDepth":0,"id":131,"matrix":[0.34185791015625,0.21563720703125,-0.396331787109375,0.628219604492188,26899,29572]},{"name":null,"type":0,"depth":265,"symbol":2,"clipDepth":0,"id":132,"matrix":[0.386993408203125,0.18890380859375,-0.358810424804688,0.68817138671875,5033,22319]},{"name":null,"type":0,"depth":267,"symbol":2,"clipDepth":0,"id":133,"matrix":[0.28289794921875,0.31781005859375,-0.508056640625,0.4234619140625,4894,22490]},{"name":null,"type":0,"depth":269,"symbol":2,"clipDepth":0,"id":134,"matrix":[0.386993408203125,0.18890380859375,-0.358810424804688,0.68817138671875,4741,22664]},{"name":null,"type":0,"depth":271,"symbol":2,"clipDepth":0,"id":135,"matrix":[0.28289794921875,0.31781005859375,-0.5023193359375,0.418685913085938,4607,22839]},{"name":null,"type":0,"depth":273,"symbol":2,"clipDepth":0,"id":136,"matrix":[0.386993408203125,0.18890380859375,-0.358810424804688,0.68817138671875,4468,22999]},{"name":null,"type":0,"depth":275,"symbol":2,"clipDepth":0,"id":137,"matrix":[-29.0302124023438,-2.28703308105469,0.055267333984375,-0.701431274414062,32755,30104]},{"name":null,"type":0,"depth":277,"symbol":2,"clipDepth":0,"id":138,"matrix":[-29.0302124023438,-2.28703308105469,0.055267333984375,-0.701431274414062,1591,28585]}]}]},{"type":5,"id":30,"frames":[{"objects":[{"name":null,"type":0,"depth":1,"symbol":29,"clipDepth":0,"id":0,"matrix":[1,0,0,1,0,0]}]}]},{"type":5,"id":2,"frames":[{"objects":[{"name":null,"type":0,"depth":1,"symbol":1,"clipDepth":0,"id":0,"matrix":[1,0,0,1,0,0]}]}]},{"type":4,"id":29,"commands":[3,5,1,16711680,0.250980392156863,8,692,-493,4,980,-206,980,200,4,980,606,692,892,4,405,1180,0,1180,4,-406,1180,-694,892,4,-980,606,-980,200,4,-980,-206,-694,-493,4,-406,-780,0,-780,4,405,-780,692,-493,5]},{"type":4,"id":1,"commands":[3,5,1,10092288,0.498039215686275,8,200,200,7,-200,200,7,-200,-200,7,200,-200,7,200,200,5]},{"type":5,"id":28,"frames":[{"objects":[{"name":null,"type":0,"depth":1,"symbol":27,"clipDepth":0,"id":0,"matrix":[1,0,0,1,0,0]}]}]}],"frameRate":12}