{"root":0,"uuid":"pr8ML0ac0GsQeyEpgjfk","version":0.1,"symbols":[{"type":5,"frames":[{"objects":[{"name":null,"type":0,"depth":1,"symbol":40,"clipDepth":0,"id":46,"matrix":[1,0,0,1,4060,3560]}]}]},{"type":5,"id":27,"frames":[{"objects":[{"name":null,"type":0,"depth":1,"symbol":22,"clipDepth":0,"id":0,"matrix":[1,0,0,1,40100,9160]},{"name":null,"type":0,"depth":3,"symbol":22,"clipDepth":0,"id":1,"matrix":[1,0,0,1,25960,11040]},{"name":null,"type":0,"depth":5,"symbol":22,"clipDepth":0,"id":2,"matrix":[1,0,0,1,42200,8020]},{"name":null,"type":0,"depth":7,"symbol":22,"clipDepth":0,"id":3,"matrix":[1,0,0,1,49360,6760]},{"name":null,"type":0,"depth":9,"symbol":22,"clipDepth":0,"id":4,"matrix":[1,0,0,1,29800,9160]},{"name":null,"type":0,"depth":11,"symbol":22,"clipDepth":0,"id":5,"matrix":[1,0,0,1,21180,11340]},{"name":null,"type":0,"depth":13,"symbol":22,"clipDepth":0,"id":6,"matrix":[1,0,0,1,30780,9160]},{"name":null,"type":0,"depth":15,"symbol":22,"clipDepth":0,"id":7,"matrix":[1,0,0,1,53760,10580]},{"name":null,"type":0,"depth":17,"symbol":22,"clipDepth":0,"id":8,"matrix":[1,0,0,1,14080,12360]},{"name":null,"type":0,"depth":19,"symbol":22,"clipDepth":0,"id":9,"matrix":[1,0,0,1,56460,11340]},{"name":null,"type":0,"depth":21,"symbol":22,"clipDepth":0,"id":10,"matrix":[1,0,0,1,16780,9160]},{"name":null,"type":0,"depth":23,"symbol":22,"clipDepth":0,"id":11,"matrix":[1,0,0,1,35260,8020]},{"name":null,"type":0,"depth":25,"symbol":22,"clipDepth":0,"id":12,"matrix":[1,0,0,1,43860,8020]},{"name":null,"type":0,"depth":27,"symbol":22,"clipDepth":0,"id":13,"matrix":[1,0,0,1,28800,9160]},{"name":null,"type":0,"depth":29,"symbol":22,"clipDepth":0,"id":14,"matrix":[1,0,0,1,36720,8420]},{"name":null,"type":0,"depth":31,"symbol":22,"clipDepth":0,"id":15,"matrix":[1,0,0,1,23680,7360]},{"name":null,"type":0,"depth":33,"symbol":22,"clipDepth":0,"id":16,"matrix":[1,0,0,1,47200,6760]},{"name":null,"type":0,"depth":35,"symbol":22,"clipDepth":0,"id":17,"matrix":[1,0,0,1,12060,9160]},{"name":null,"type":0,"depth":37,"symbol":22,"clipDepth":0,"id":18,"matrix":[1,0,0,1,20200,6000]},{"name":null,"type":0,"depth":39,"symbol":22,"clipDepth":0,"id":19,"matrix":[1,0,0,1,33100,8020]}]}]},{"type":5,"id":26,"frames":[{"objects":[{"name":null,"type":0,"depth":1,"symbol":22,"clipDepth":0,"id":0,"matrix":[1,0,0,1,21240,7640]},{"name":null,"type":0,"depth":3,"symbol":22,"clipDepth":0,"id":1,"matrix":[1,0,0,1,46880,6720]},{"name":null,"type":0,"depth":5,"symbol":22,"clipDepth":0,"id":2,"matrix":[1,0,0,1,7600,4060]},{"name":null,"type":0,"depth":7,"symbol":22,"clipDepth":0,"id":3,"matrix":[1,0,0,1,34600,8380]},{"name":null,"type":0,"depth":9,"symbol":22,"clipDepth":0,"id":4,"matrix":[1,0,0,1,43460,7900]},{"name":null,"type":0,"depth":11,"symbol":22,"clipDepth":0,"id":5,"matrix":[1,0,0,1,49480,6720]},{"name":null,"type":0,"depth":13,"symbol":22,"clipDepth":0,"id":6,"matrix":[1,0,0,1,23820,7640]},{"name":null,"type":0,"depth":15,"symbol":22,"clipDepth":0,"id":7,"matrix":[1,0,0,1,36420,8380]},{"name":null,"type":0,"depth":17,"symbol":22,"clipDepth":0,"id":8,"matrix":[1,0,0,1,26140,11100]},{"name":null,"type":0,"depth":19,"symbol":22,"clipDepth":0,"id":9,"matrix":[1,0,0,1,42020,7900]}]}]},{"type":5,"id":25,"frames":[{"objects":[{"name":null,"type":0,"depth":1,"symbol":22,"clipDepth":0,"id":0,"matrix":[0.77056884765625,0,0,0.77056884765625,4178,11979]},{"name":null,"type":0,"depth":3,"symbol":22,"clipDepth":0,"id":1,"matrix":[0.77056884765625,0,0,0.77056884765625,5618,4578]},{"name":null,"type":0,"depth":5,"symbol":22,"clipDepth":0,"id":2,"matrix":[0.77056884765625,0,0,0.77056884765625,51558,10518]},{"name":null,"type":0,"depth":7,"symbol":22,"clipDepth":0,"id":3,"matrix":[0.77056884765625,0,0,0.77056884765625,2778,5997]},{"name":null,"type":0,"depth":9,"symbol":22,"clipDepth":0,"id":4,"matrix":[0.77056884765625,0,0,0.77056884765625,49738,6838]},{"name":null,"type":0,"depth":11,"symbol":22,"clipDepth":0,"id":5,"matrix":[0.77056884765625,0,0,0.77056884765625,49198,10518]}]}]},{"type":5,"id":24,"frames":[{"objects":[{"name":null,"type":0,"depth":1,"symbol":22,"clipDepth":0,"id":0,"matrix":[1,0,0,1,1350,12070]},{"name":null,"type":0,"depth":3,"symbol":22,"clipDepth":0,"id":1,"matrix":[1,0,0,1,1350,12070]},{"name":null,"type":0,"depth":5,"symbol":22,"clipDepth":0,"id":2,"matrix":[1,0,0,1,1350,12070]},{"name":null,"type":0,"depth":7,"symbol":22,"clipDepth":0,"id":3,"matrix":[1,0,0,1,1350,12070]},{"name":null,"type":0,"depth":9,"symbol":22,"clipDepth":0,"id":4,"matrix":[1,0,0,1,1350,12070]},{"name":null,"type":0,"depth":11,"symbol":22,"clipDepth":0,"id":5,"matrix":[1,0,0,1,1350,12070]},{"name":null,"type":0,"depth":13,"symbol":22,"clipDepth":0,"id":6,"matrix":[1,0,0,1,1350,12070]},{"name":null,"type":0,"depth":15,"symbol":22,"clipDepth":0,"id":7,"matrix":[1,0,0,1,1350,12070]},{"name":null,"type":0,"depth":17,"symbol":22,"clipDepth":0,"id":8,"matrix":[1,0,0,1,1350,12070]},{"name":null,"type":0,"depth":19,"symbol":22,"clipDepth":0,"id":9,"matrix":[1,0,0,1,1350,12070]},{"name":null,"type":0,"depth":21,"symbol":22,"clipDepth":0,"id":10,"matrix":[1,0,0,1,1350,12070]},{"name":null,"type":0,"depth":23,"symbol":22,"clipDepth":0,"id":11,"matrix":[1,0,0,1,1350,12070]},{"name":null,"type":0,"depth":25,"symbol":22,"clipDepth":0,"id":12,"matrix":[1,0,0,1,1350,12070]},{"name":null,"type":0,"depth":27,"symbol":22,"clipDepth":0,"id":13,"matrix":[1,0,0,1,1350,12070]},{"name":null,"type":0,"depth":29,"symbol":22,"clipDepth":0,"id":14,"matrix":[1,0,0,1,1350,12070]},{"name":null,"type":0,"depth":31,"symbol":22,"clipDepth":0,"id":15,"matrix":[1,0,0,1,1350,12070]},{"name":null,"type":0,"depth":33,"symbol":22,"clipDepth":0,"id":16,"matrix":[1,0,0,1,1350,12070]},{"name":null,"type":0,"depth":35,"symbol":22,"clipDepth":0,"id":17,"matrix":[1,0,0,1,1350,12070]},{"name":null,"type":0,"depth":37,"symbol":22,"clipDepth":0,"id":18,"matrix":[1,0,0,1,1350,12070]},{"name":null,"type":0,"depth":39,"symbol":22,"clipDepth":0,"id":19,"matrix":[1,0,0,1,1350,12070]}]}]},{"type":5,"id":23,"frames":[{"objects":[{"name":null,"type":0,"depth":1,"symbol":22,"clipDepth":0,"id":0,"matrix":[1,0,0,1,14430,12470]},{"name":null,"type":0,"depth":3,"symbol":22,"clipDepth":0,"id":1,"matrix":[1,0,0,1,43510,10390]},{"name":null,"type":0,"depth":5,"symbol":22,"clipDepth":0,"id":2,"matrix":[1,0,0,1,56550,11510]},{"name":null,"type":0,"depth":7,"symbol":22,"clipDepth":0,"id":3,"matrix":[1,0,0,1,19670,11510]},{"name":null,"type":0,"depth":9,"symbol":22,"clipDepth":0,"id":4,"matrix":[1,0,0,1,42830,7650]},{"name":null,"type":0,"depth":11,"symbol":22,"clipDepth":0,"id":5,"matrix":[1,0,0,1,5430,11050]},{"name":null,"type":0,"depth":13,"symbol":22,"clipDepth":0,"id":6,"matrix":[1,0,0,1,48590,10390]},{"name":null,"type":0,"depth":15,"symbol":22,"clipDepth":0,"id":7,"matrix":[1,0,0,1,3990,7650]},{"name":null,"type":0,"depth":17,"symbol":22,"clipDepth":0,"id":8,"matrix":[1,0,0,1,950,11990]},{"name":null,"type":0,"depth":19,"symbol":22,"clipDepth":0,"id":9,"matrix":[1,0,0,1,25510,10910]},{"name":null,"type":0,"depth":21,"symbol":22,"clipDepth":0,"id":10,"matrix":[1,0,0,1,6510,3910]},{"name":null,"type":0,"depth":23,"symbol":22,"clipDepth":0,"id":11,"matrix":[1,0,0,1,31770,10390]},{"name":null,"type":0,"depth":25,"symbol":22,"clipDepth":0,"id":12,"matrix":[1,0,0,1,47310,6970]},{"name":null,"type":0,"depth":27,"symbol":22,"clipDepth":0,"id":13,"matrix":[1,0,0,1,18950,7650]},{"name":null,"type":0,"depth":29,"symbol":22,"clipDepth":0,"id":14,"matrix":[1,0,0,1,50190,6970]},{"name":null,"type":0,"depth":31,"symbol":22,"clipDepth":0,"id":15,"matrix":[1,0,0,1,35470,10390]},{"name":null,"type":0,"depth":33,"symbol":22,"clipDepth":0,"id":16,"matrix":[1,0,0,1,38510,10390]},{"name":null,"type":0,"depth":35,"symbol":22,"clipDepth":0,"id":17,"matrix":[1,0,0,1,22850,7650]},{"name":null,"type":0,"depth":37,"symbol":22,"clipDepth":0,"id":18,"matrix":[1,0,0,1,35470,8190]},{"name":null,"type":0,"depth":39,"symbol":22,"clipDepth":0,"id":19,"matrix":[1,0,0,1,9870,5870]}]}]},{"type":5,"id":22,"frames":[{}]},{"type":5,"id":21,"frames":[{"objects":[{"type":0,"depth":0,"symbol":20,"clipDepth":0,"id":0,"visible":true,"matrix":[1,0,0,1,0,0]}]}]},{"path":"symbols/20.jpg","type":0,"id":20,"alpha":"symbols/20a.png"},{"type":5,"className":"com.darkness.tdp4.maps.view.MapGFX","baseClassName":null,"id":19,"frames":[{"objects":[{"name":null,"type":0,"depth":1,"symbol":18,"clipDepth":0,"id":0,"matrix":[1,0,0,1,0,0]}]}]},{"type":5,"id":18,"frames":[{"objects":[{"type":0,"depth":0,"symbol":17,"clipDepth":0,"id":0,"visible":true,"matrix":[1,0,0,1,0,0]}]}]},{"path":"symbols/17.jpg","type":0,"id":17,"alpha":"symbols/17a.png"},{"type":5,"className":"com.darkness.tdp4.maps.view.MapPolygonContainer","baseClassName":null,"id":16,"frames":[{"objects":[{"name":null,"type":0,"depth":1,"symbol":4,"clipDepth":0,"id":0,"matrix":[1.20346069335938,0,0,39.4382019042969,-180,7963]},{"name":null,"type":0,"depth":3,"symbol":4,"clipDepth":0,"id":1,"matrix":[143.867080688477,0,0,1.14976501464844,28844,270]},{"name":null,"type":0,"depth":5,"symbol":4,"clipDepth":0,"id":2,"matrix":[1.172119140625,0,0,39.08251953125,57666,7965]},{"name":null,"type":0,"depth":7,"symbol":4,"clipDepth":0,"id":3,"matrix":[7.4295654296875,-0.452484130859375,0.0684051513671875,1.12359619140625,18250,13343]},{"name":null,"type":0,"depth":9,"symbol":4,"clipDepth":0,"id":4,"matrix":[0.510147094726562,-1.21983337402344,8.16722106933594,3.41606140136719,11110,10679]},{"name":null,"type":0,"depth":11,"symbol":4,"clipDepth":0,"id":5,"matrix":[13.8553161621094,-0.02337646484375,0.001007080078125,0.59771728515625,6431,5278]},{"name":null,"type":0,"depth":13,"symbol":4,"clipDepth":0,"id":6,"matrix":[-2.1385498046875,-0.493759155273438,0.106582641601562,-0.461578369140625,40947,10196]},{"name":null,"type":0,"depth":15,"symbol":4,"clipDepth":0,"id":7,"matrix":[2.834228515625,0.0069122314453125,-0.0037841796875,1.60540771484375,43095,12239]},{"name":null,"type":0,"depth":17,"symbol":4,"clipDepth":0,"id":8,"matrix":[-21.6021881103516,-0.0947265625,0.007476806640625,-1.6959228515625,38202,12461]},{"name":null,"type":0,"depth":19,"symbol":4,"clipDepth":0,"id":9,"matrix":[39.7579040527344,0.096923828125,-0.00274658203125,1.1693115234375,7872,13560]},{"name":null,"type":0,"depth":21,"symbol":4,"clipDepth":0,"id":10,"matrix":[-0.00018310546875,1.37313842773438,-0.951751708984375,-0.0001373291015625,12650,11404]},{"name":null,"type":0,"depth":23,"symbol":4,"clipDepth":0,"id":11,"matrix":[7.8970947265625,-0.099945068359375,0.0208892822265625,1.65139770507812,35485,9689]},{"name":null,"type":0,"depth":25,"symbol":4,"clipDepth":0,"id":12,"matrix":[3.89801025390625,-2.687744140625,1.27914428710938,1.85528564453125,28240,11060]},{"name":null,"type":0,"depth":27,"symbol":4,"clipDepth":0,"id":13,"matrix":[2.03018188476562,1.60272216796875,-1.00613403320312,1.27444458007812,32626,9866]},{"name":null,"type":0,"depth":29,"symbol":4,"clipDepth":0,"id":14,"matrix":[1.89169311523438,0.0045928955078125,-0.0058746337890625,2.48924255371094,39402,11763]},{"name":null,"type":0,"depth":31,"symbol":4,"clipDepth":0,"id":15,"matrix":[8.53440856933594,-0.014404296875,0.001007080078125,0.59771728515625,3884,6880]},{"name":null,"type":0,"depth":33,"symbol":4,"clipDepth":0,"id":16,"matrix":[4.873779296875,-0.0082244873046875,0.001007080078125,0.59771728515625,9870,6941]},{"name":null,"type":0,"depth":35,"symbol":4,"clipDepth":0,"id":17,"matrix":[22.4533386230469,-0.03790283203125,0.0012359619140625,0.729171752929688,6672,8994]},{"name":null,"type":0,"depth":37,"symbol":4,"clipDepth":0,"id":18,"matrix":[-0.00042724609375,3.36737060546875,-4.71238708496094,-0.0006561279296875,10238,9785]},{"name":null,"type":0,"depth":39,"symbol":4,"clipDepth":0,"id":19,"matrix":[-0.0004119873046875,3.2265625,-10.1614990234375,-0.0014190673828125,7552,12720]},{"name":null,"type":0,"depth":41,"symbol":4,"clipDepth":0,"id":20,"matrix":[-0.0006103515625,4.72256469726562,-3.85557556152344,-0.00054931640625,16471,12757]},{"name":null,"type":0,"depth":43,"symbol":4,"clipDepth":0,"id":21,"matrix":[-0.000457763671875,3.639892578125,-3.20367431640625,-0.0004425048828125,16599,11107]},{"name":null,"type":0,"depth":45,"symbol":4,"clipDepth":0,"id":22,"matrix":[16.4571685791016,-0.0009918212890625,4.57763671875e-05,1.12567138671875,21420,8701]},{"name":null,"type":0,"depth":47,"symbol":4,"clipDepth":0,"id":23,"matrix":[1.89598083496094,-0.003204345703125,0.0009002685546875,0.534652709960938,25061,10253]},{"name":null,"type":0,"depth":49,"symbol":4,"clipDepth":0,"id":24,"matrix":[3.69581604003906,-0.006256103515625,0.0010223388671875,0.608444213867188,17760,11217]},{"name":null,"type":0,"depth":51,"symbol":4,"clipDepth":0,"id":25,"matrix":[10.8592987060547,0.188064575195312,-0.0323638916015625,1.8668212890625,25211,12481]},{"name":null,"type":0,"depth":53,"symbol":4,"clipDepth":0,"id":26,"matrix":[-6.39579772949219,4.65185546875,-1.26556396484375,-1.7401123046875,28767,11646]},{"name":null,"type":0,"depth":55,"symbol":4,"clipDepth":0,"id":27,"matrix":[3.24870300292969,-0.57086181640625,0.447036743164062,2.54440307617188,21917,12379]},{"name":null,"type":0,"depth":57,"symbol":4,"clipDepth":0,"id":28,"matrix":[0.710891723632812,2.55076599121094,-2.40702819824219,0.670822143554688,22870,12095]},{"name":null,"type":0,"depth":59,"symbol":4,"clipDepth":0,"id":29,"matrix":[5.5130615234375,-1.44168090820312,0.284759521484375,1.08905029296875,20745,12979]},{"name":null,"type":0,"depth":61,"symbol":4,"clipDepth":0,"id":30,"matrix":[-5.40640258789062,-1.08843994140625,0.361297607421875,-1.794189453125,30289,10723]},{"name":null,"type":0,"depth":63,"symbol":4,"clipDepth":0,"id":31,"matrix":[-2.25967407226562,-0.004058837890625,0.0115203857421875,-6.34173583984375,33419,11509]},{"name":null,"type":0,"depth":65,"symbol":4,"clipDepth":0,"id":32,"matrix":[7.52398681640625,0.0182647705078125,-0.0121612548828125,5.15628051757812,41240,11220]},{"name":null,"type":0,"depth":67,"symbol":4,"clipDepth":0,"id":33,"matrix":[-1.75956726074219,-0.40625,0.106582641601562,-0.461578369140625,42365,10183]},{"name":null,"type":0,"depth":69,"symbol":4,"clipDepth":0,"id":34,"matrix":[1.85618591308594,-0.33502197265625,0.084136962890625,0.4661865234375,40192,10164]},{"name":null,"type":0,"depth":71,"symbol":4,"clipDepth":0,"id":35,"matrix":[2.22564697265625,-0.401702880859375,0.084136962890625,0.4661865234375,41624,10176]},{"name":null,"type":0,"depth":73,"symbol":4,"clipDepth":0,"id":36,"matrix":[9.16046142578125,0.0223388671875,-0.005706787109375,2.420166015625,47708,11721]},{"name":null,"type":0,"depth":75,"symbol":4,"clipDepth":0,"id":37,"matrix":[5.73336791992188,1.14437866210938,-0.473541259765625,2.37339782714844,50577,11951]},{"name":null,"type":0,"depth":77,"symbol":4,"clipDepth":0,"id":38,"matrix":[3.30685424804688,1.2724609375,-0.868988037109375,2.2587890625,52263,12394]},{"name":null,"type":0,"depth":79,"symbol":4,"clipDepth":0,"id":39,"matrix":[6.52104187011719,0.268905639648438,-0.0995330810546875,2.41812133789062,53643,12647]},{"name":null,"type":0,"depth":81,"symbol":4,"clipDepth":0,"id":40,"matrix":[2.39714050292969,-0.015106201171875,0.0249786376953125,3.91217041015625,55335,12288]},{"name":null,"type":0,"depth":83,"symbol":4,"clipDepth":0,"id":41,"matrix":[7.26890563964844,0.0156707763671875,-0.00836181640625,4.01333618164062,56059,13117]},{"name":null,"type":0,"depth":85,"symbol":4,"clipDepth":0,"id":42,"matrix":[7.49078369140625,0.0182647705078125,-0.00128173828125,0.544464111328125,42659,8711]},{"name":null,"type":0,"depth":87,"symbol":4,"clipDepth":0,"id":43,"matrix":[10.6058044433594,0.0258636474609375,-0.00128173828125,0.544464111328125,48297,7922]},{"name":null,"type":0,"depth":89,"symbol":4,"clipDepth":0,"id":44,"matrix":[3.17686462402344,-1.73313903808594,0.768966674804688,1.40924072265625,44145,11970]},{"name":null,"type":0,"depth":91,"symbol":4,"clipDepth":0,"id":45,"matrix":[2.78805541992188,-1.83738708496094,1.2725830078125,1.9306640625,45299,11321]},{"name":null,"type":0,"depth":93,"symbol":4,"clipDepth":0,"id":46,"matrix":[3.58566284179688,2.5606689453125,-0.88055419921875,1.23324584960938,46176,11217]},{"name":null,"type":0,"depth":95,"symbol":4,"clipDepth":0,"id":47,"matrix":[2.43728637695312,-1.14642333984375,0.817550659179688,1.73808288574219,33623,9949]},{"name":null,"type":0,"depth":97,"symbol":4,"clipDepth":0,"id":48,"matrix":[0.298599243164062,2.21446228027344,-3.0186767578125,0.406967163085938,32459,10626]},{"name":null,"type":0,"depth":99,"symbol":4,"clipDepth":0,"id":49,"matrix":[1.17546081542969,2.02432250976562,-1.87590026855469,1.0892333984375,31691,10871]},{"name":null,"type":0,"depth":101,"symbol":4,"clipDepth":0,"id":50,"matrix":[1.50627136230469,-0.0188751220703125,0.0135040283203125,1.07757568359375,37105,9784]},{"name":null,"type":0,"depth":103,"symbol":4,"clipDepth":0,"id":51,"matrix":[0.962310791015625,0.69378662109375,-0.4139404296875,0.574188232421875,37174,9535]},{"name":null,"type":0,"depth":105,"symbol":4,"clipDepth":0,"id":52,"matrix":[0.624359130859375,-1.05514526367188,1.236572265625,0.731781005859375,21707,12121]},{"name":null,"type":0,"depth":107,"symbol":4,"clipDepth":0,"id":53,"matrix":[0.074920654296875,1.556396484375,-1.32501220703125,0.06378173828125,29048,10470]},{"name":null,"type":0,"depth":109,"symbol":4,"clipDepth":0,"id":54,"matrix":[0.7955322265625,0.76336669921875,-0.668304443359375,0.696456909179688,7912,12192]},{"name":null,"type":0,"depth":111,"symbol":4,"clipDepth":0,"id":55,"matrix":[-1.32989501953125,-0.0023956298828125,0.0047149658203125,-2.5943603515625,27493,11741]},{"name":null,"type":0,"depth":113,"symbol":4,"clipDepth":0,"id":56,"matrix":[0.497879028320312,0.416091918945312,-1.30499267578125,1.561767578125,54760,12040]},{"name":null,"type":0,"depth":115,"symbol":4,"clipDepth":0,"id":57,"matrix":[1.56072998046875,2.31634521484375,-4.7755126953125,3.21759033203125,4888,13183]},{"name":null,"type":0,"depth":117,"symbol":4,"clipDepth":0,"id":58,"matrix":[-0.0006866455078125,5.38023376464844,-142.91796875,-0.01995849609375,28919,14786]},{"name":null,"type":0,"depth":119,"symbol":4,"clipDepth":0,"id":59,"matrix":[-0.0003509521484375,2.71792602539062,-82.2525329589844,-0.0114898681640625,38184,13197]},{"name":null,"type":0,"depth":121,"symbol":4,"clipDepth":0,"id":60,"matrix":[-0.0004119873046875,3.2265625,-10.1614990234375,-0.0014190673828125,30931,11918]},{"name":null,"type":0,"depth":123,"symbol":4,"clipDepth":0,"id":61,"matrix":[7.49386596679688,0,0,51.1768188476562,-1498,7877]},{"name":null,"type":0,"depth":125,"symbol":4,"clipDepth":0,"id":62,"matrix":[161.173614501953,0,0,6.7777099609375,29424,-998]},{"name":null,"type":0,"depth":127,"symbol":4,"clipDepth":0,"id":63,"matrix":[9.794189453125,0,0,51.7320556640625,59575,8078]},{"name":null,"type":0,"depth":129,"symbol":4,"clipDepth":0,"id":64,"matrix":[160.259582519531,0,0,12.1577301025391,29315,15916]},{"name":null,"type":0,"depth":131,"symbol":4,"clipDepth":0,"id":65,"matrix":[-0.0002899169921875,2.1309814453125,-3.65910339355469,-0.0005340576171875,14968,12934]},{"name":null,"type":0,"depth":133,"symbol":4,"clipDepth":0,"id":66,"matrix":[-0.000152587890625,1.10832214355469,-3.91709899902344,-0.0005645751953125,15280,11520]},{"name":null,"type":0,"depth":135,"symbol":4,"clipDepth":0,"id":67,"matrix":[-0.000152587890625,1.10832214355469,-2.73516845703125,-0.000396728515625,14613,12667]},{"name":null,"type":0,"depth":137,"symbol":4,"clipDepth":0,"id":68,"matrix":[0.370025634765625,-0.884811401367188,0.73687744140625,0.308212280273438,11100,9000]},{"name":null,"type":0,"depth":139,"symbol":4,"clipDepth":0,"id":69,"matrix":[0.370025634765625,-0.884811401367188,0.73687744140625,0.308212280273438,9600,12240]},{"name":null,"type":0,"depth":141,"symbol":4,"clipDepth":0,"id":70,"matrix":[0.22479248046875,-0.537567138671875,0.73687744140625,0.308212280273438,10844,6918]},{"name":null,"type":0,"depth":143,"symbol":4,"clipDepth":0,"id":71,"matrix":[0.188064575195312,-0.44970703125,0.73687744140625,0.308212280273438,9200,5237]},{"name":null,"type":0,"depth":145,"symbol":4,"clipDepth":0,"id":72,"matrix":[0.154464721679688,-0.369354248046875,0.409774780273438,0.17138671875,5600,6823]},{"name":null,"type":0,"depth":147,"symbol":4,"clipDepth":0,"id":73,"matrix":[0.22479248046875,-0.537567138671875,0.35089111328125,0.146759033203125,24680,8580]},{"name":null,"type":0,"depth":149,"symbol":4,"clipDepth":0,"id":74,"matrix":[0.22479248046875,-0.537567138671875,0.35089111328125,0.146759033203125,25440,10240]},{"name":null,"type":0,"depth":151,"symbol":4,"clipDepth":0,"id":75,"matrix":[0.22479248046875,-0.537567138671875,0.35089111328125,0.146759033203125,23200,11560]},{"name":null,"type":0,"depth":153,"symbol":4,"clipDepth":0,"id":76,"matrix":[0.22479248046875,-0.537567138671875,0.35089111328125,0.146759033203125,18480,11200]},{"name":null,"type":0,"depth":155,"symbol":4,"clipDepth":0,"id":77,"matrix":[0.22479248046875,-0.537567138671875,0.35089111328125,0.146759033203125,17220,10480]},{"name":null,"type":0,"depth":157,"symbol":4,"clipDepth":0,"id":78,"matrix":[0.22479248046875,-0.537567138671875,0.35089111328125,0.146759033203125,44120,8700]},{"name":null,"type":0,"depth":159,"symbol":4,"clipDepth":0,"id":79,"matrix":[0.22479248046875,-0.537567138671875,0.35089111328125,0.146759033203125,55800,11600]},{"name":null,"type":0,"depth":161,"symbol":4,"clipDepth":0,"id":80,"matrix":[-0.22479248046875,-0.537567138671875,-0.35089111328125,0.146759033203125,54860,11600]},{"name":null,"type":0,"depth":163,"symbol":4,"clipDepth":0,"id":81,"matrix":[-0.22479248046875,-0.537567138671875,-0.35089111328125,0.146759033203125,46180,7920]},{"name":null,"type":0,"depth":165,"symbol":4,"clipDepth":0,"id":82,"matrix":[-0.22479248046875,-0.537567138671875,-0.35089111328125,0.146759033203125,41180,8700]},{"name":null,"type":0,"depth":167,"symbol":4,"clipDepth":0,"id":83,"matrix":[-0.22479248046875,-0.537567138671875,-0.35089111328125,0.146759033203125,39800,10260]},{"name":null,"type":0,"depth":169,"symbol":4,"clipDepth":0,"id":84,"matrix":[0.220947265625,-0.53912353515625,-0.3519287109375,-0.144195556640625,44519,11397]},{"name":null,"type":0,"depth":171,"symbol":4,"clipDepth":0,"id":85,"matrix":[-0.22479248046875,-0.537567138671875,-0.35089111328125,0.146759033203125,39040,11360]},{"name":null,"type":0,"depth":173,"symbol":4,"clipDepth":0,"id":86,"matrix":[-0.22479248046875,-0.537567138671875,-0.35089111328125,0.146759033203125,24700,10240]},{"name":null,"type":0,"depth":175,"symbol":4,"clipDepth":0,"id":87,"matrix":[-0.22479248046875,-0.537567138671875,-0.35089111328125,0.146759033203125,18140,8580]},{"name":null,"type":0,"depth":177,"symbol":4,"clipDepth":0,"id":88,"matrix":[-0.22479248046875,-0.537567138671875,-0.35089111328125,0.146759033203125,21200,12080]},{"name":null,"type":0,"depth":179,"symbol":4,"clipDepth":0,"id":89,"matrix":[-0.22479248046875,-0.537567138671875,-0.35089111328125,0.146759033203125,15980,10480]},{"name":null,"type":0,"depth":181,"symbol":4,"clipDepth":0,"id":90,"matrix":[-0.00042724609375,3.1046142578125,-3.91709899902344,-0.0005645751953125,15279,12320]},{"name":null,"type":0,"depth":183,"symbol":4,"clipDepth":0,"id":91,"matrix":[-0.22479248046875,-0.537567138671875,-0.35089111328125,0.146759033203125,2200,8960]},{"name":null,"type":0,"depth":185,"symbol":4,"clipDepth":0,"id":92,"matrix":[-0.22479248046875,-0.537567138671875,-0.35089111328125,0.146759033203125,2200,6860]},{"name":null,"type":0,"depth":187,"symbol":4,"clipDepth":0,"id":93,"matrix":[-0.22479248046875,-0.537567138671875,-0.35089111328125,0.146759033203125,3680,5260]},{"name":null,"type":0,"depth":189,"symbol":4,"clipDepth":0,"id":94,"matrix":[-0.22479248046875,-0.537567138671875,-0.35089111328125,0.146759033203125,14540,11400]},{"name":null,"type":0,"depth":191,"symbol":4,"clipDepth":0,"id":95,"matrix":[0.22479248046875,-0.537567138671875,0.35089111328125,0.146759033203125,42720,10280]},{"name":null,"type":0,"depth":193,"symbol":4,"clipDepth":0,"id":96,"matrix":[-0.15460205078125,2.23577880859375,-0.59625244140625,-0.0412139892578125,15973,10860]},{"name":null,"type":0,"depth":195,"symbol":4,"clipDepth":0,"id":97,"matrix":[-0.33660888671875,2.96195983886719,-0.5938720703125,-0.067474365234375,14511,11945]},{"name":null,"type":0,"depth":197,"symbol":4,"clipDepth":0,"id":98,"matrix":[0.247055053710938,3.10739135742188,-0.777008056640625,0.0617828369140625,9684,12766]},{"name":null,"type":0,"depth":199,"symbol":4,"clipDepth":0,"id":99,"matrix":[0.187713623046875,4.552001953125,-0.778778076171875,0.0321197509765625,11200,9838]},{"name":null,"type":0,"depth":201,"symbol":4,"clipDepth":0,"id":100,"matrix":[-0.22479248046875,-0.537567138671875,-0.35089111328125,0.146759033203125,8920,6920]},{"name":null,"type":0,"depth":203,"symbol":4,"clipDepth":0,"id":101,"matrix":[-0.18182373046875,2.9754638671875,-0.5965576171875,-0.03643798828125,39783,10809]},{"name":null,"type":0,"depth":205,"symbol":4,"clipDepth":0,"id":102,"matrix":[-0.143798828125,2.9775390625,-0.59698486328125,-0.0287933349609375,39030,11891]},{"name":null,"type":0,"depth":207,"symbol":4,"clipDepth":0,"id":103,"matrix":[0.378097534179688,5.0694580078125,-0.59600830078125,0.044464111328125,42783,11232]},{"name":null,"type":0,"depth":209,"symbol":4,"clipDepth":0,"id":104,"matrix":[-0.22479248046875,-0.537567138671875,-0.35089111328125,0.146759033203125,14075,12560]},{"name":null,"type":0,"depth":211,"symbol":4,"clipDepth":0,"id":105,"matrix":[-0.33660888671875,2.96195983886719,-0.5938720703125,-0.067474365234375,14029,13100]},{"name":null,"type":0,"depth":213,"symbol":4,"clipDepth":0,"id":106,"matrix":[-0.34796142578125,0.351669311523438,0.537872314453125,0.532150268554688,50442,7962]},{"name":null,"type":0,"depth":215,"symbol":4,"clipDepth":0,"id":107,"matrix":[-0.455963134765625,0.191818237304688,0.3525390625,0.837921142578125,50587,8162]},{"name":null,"type":0,"depth":217,"symbol":4,"clipDepth":0,"id":108,"matrix":[-0.34796142578125,0.351669311523438,0.544036865234375,0.538238525390625,50733,8374]},{"name":null,"type":0,"depth":219,"symbol":4,"clipDepth":0,"id":109,"matrix":[-0.455963134765625,0.191818237304688,0.3525390625,0.837921142578125,50893,8591]},{"name":null,"type":0,"depth":221,"symbol":4,"clipDepth":0,"id":110,"matrix":[-0.34796142578125,0.351669311523438,0.537872314453125,0.532150268554688,51031,8807]},{"name":null,"type":0,"depth":223,"symbol":4,"clipDepth":0,"id":111,"matrix":[-0.455963134765625,0.191818237304688,0.3525390625,0.837921142578125,51176,9006]},{"name":null,"type":0,"depth":225,"symbol":4,"clipDepth":0,"id":112,"matrix":[-0.34796142578125,0.351669311523438,0.544036865234375,0.538238525390625,51322,9219]},{"name":null,"type":0,"depth":227,"symbol":4,"clipDepth":0,"id":113,"matrix":[-0.455963134765625,0.191818237304688,0.3525390625,0.837921142578125,51481,9436]},{"name":null,"type":0,"depth":229,"symbol":4,"clipDepth":0,"id":114,"matrix":[-0.34796142578125,0.351669311523438,0.544036865234375,0.538238525390625,51599,9601]},{"name":null,"type":0,"depth":231,"symbol":4,"clipDepth":0,"id":115,"matrix":[-0.455963134765625,0.191818237304688,0.3525390625,0.837921142578125,51760,9820]},{"name":null,"type":0,"depth":233,"symbol":4,"clipDepth":0,"id":116,"matrix":[-0.0060272216796875,2.67303466796875,-1.40365600585938,-0.0058746337890625,20079,7979]},{"name":null,"type":0,"depth":235,"symbol":4,"clipDepth":0,"id":117,"matrix":[-0.560104370117188,1.25506591796875,0.15887451171875,0.126251220703125,20255,7699]},{"name":null,"type":0,"depth":237,"symbol":4,"clipDepth":0,"id":118,"matrix":[0.4644775390625,1.50657653808594,-0.1690673828125,0.0916595458984375,19879,7738]},{"name":null,"type":0,"depth":239,"symbol":4,"clipDepth":0,"id":119,"matrix":[0.12567138671875,-1.42509460449219,-0.3851318359375,-0.0497894287109375,19808,7770]},{"name":null,"type":0,"depth":241,"symbol":4,"clipDepth":0,"id":120,"matrix":[-0.13055419921875,-1.44732666015625,0.384918212890625,-0.053924560546875,20343,7774]},{"name":null,"type":0,"depth":243,"symbol":4,"clipDepth":0,"id":121,"matrix":[-0.0874481201171875,-1.4505615234375,0.386337280273438,-0.042449951171875,20388,8343]},{"name":null,"type":0,"depth":245,"symbol":4,"clipDepth":0,"id":122,"matrix":[0.102035522460938,-1.42697143554688,-0.385894775390625,-0.04339599609375,19763,8320]},{"name":null,"type":0,"depth":247,"symbol":4,"clipDepth":0,"id":123,"matrix":[-0.34796142578125,0.351669311523438,0.537872314453125,0.532150268554688,50289,7996]},{"name":null,"type":0,"depth":249,"symbol":4,"clipDepth":0,"id":124,"matrix":[-0.455963134765625,0.191818237304688,0.3525390625,0.837921142578125,50434,8196]},{"name":null,"type":0,"depth":251,"symbol":4,"clipDepth":0,"id":125,"matrix":[-0.34796142578125,0.351669311523438,0.544036865234375,0.538238525390625,50580,8408]},{"name":null,"type":0,"depth":253,"symbol":4,"clipDepth":0,"id":126,"matrix":[-0.455963134765625,0.191818237304688,0.3525390625,0.837921142578125,50740,8625]},{"name":null,"type":0,"depth":255,"symbol":4,"clipDepth":0,"id":127,"matrix":[-0.34796142578125,0.351669311523438,0.537872314453125,0.532150268554688,50878,8841]},{"name":null,"type":0,"depth":257,"symbol":4,"clipDepth":0,"id":128,"matrix":[-0.455963134765625,0.191818237304688,0.3525390625,0.837921142578125,51023,9040]},{"name":null,"type":0,"depth":259,"symbol":4,"clipDepth":0,"id":129,"matrix":[-0.34796142578125,0.351669311523438,0.544036865234375,0.538238525390625,51169,9253]},{"name":null,"type":0,"depth":261,"symbol":4,"clipDepth":0,"id":130,"matrix":[-0.455963134765625,0.191818237304688,0.3525390625,0.837921142578125,51328,9470]},{"name":null,"type":0,"depth":263,"symbol":4,"clipDepth":0,"id":131,"matrix":[-0.34796142578125,0.351669311523438,0.544036865234375,0.538238525390625,51446,9635]},{"name":null,"type":0,"depth":265,"symbol":4,"clipDepth":0,"id":132,"matrix":[-0.455963134765625,0.191818237304688,0.3525390625,0.837921142578125,51607,9854]}]}]},{"type":5,"className":"com.darkness.tdp4.maps.view.MapGFXBack","baseClassName":null,"id":15,"frames":[{"objects":[{"name":null,"type":0,"depth":1,"symbol":14,"clipDepth":0,"id":0,"matrix":[1,0,0,1,0,0]}]}]},{"type":4,"id":14,"commands":[3,5,1,255,0.698039215686274,8,57900,148,7,57900,11602,7,57854,11602,7,57854,16083,7,-401,16083,7,-401,15,7,81,15,7,81,40,7,57617,40,7,57617,148,7,57900,148,8,54851,11509,7,55809,11503,7,55814,12314,7,57432,12317,7,57433,500,7,82,500,7,81,13248,7,3712,13256,7,5540,12024,7,5540,12015,7,7266,12015,7,7266,12022,7,8334,12022,7,8334,12015,7,9604,12015,7,9604,13270,7,15720,13285,7,15720,11752,7,15978,11752,7,15978,10319,7,17260,10319,7,17260,11752,7,17262,11752,7,17262,13118,7,19669,12973,7,21307,12545,7,21198,11924,7,21507,11870,7,21605,11704,7,21799,11819,7,22288,11733,7,22267,11659,7,23229,11391,7,23403,12016,7,27226,12083,7,27228,11160,7,27217,11144,7,28777,10068,7,28807,10111,7,29300,10087,7,29300,10086,7,29304,10087,7,29318,10086,7,29318,10090,7,31324,10494,7,31816,10209,7,31815,10204,7,31826,10203,7,31851,10188,7,31857,10199,7,32509,10111,7,32039,9740,7,32441,9230,7,33075,9731,7,33922,9333,7,33922,9319,7,33952,9319,7,33966,9312,7,33969,9319,7,37080,9279,7,37081,9303,7,37088,9292,7,37381,9505,7,37423,9504,7,37424,9535,7,37430,9540,7,37424,9549,7,37429,9936,7,36827,9944,7,36827,9943,7,34279,9975,7,34294,10008,7,33893,10197,7,33890,12103,7,39023,12126,7,39025,11264,7,39735,11266,7,39737,10185,7,39810,10185,7,39800,10132,7,40506,10004,7,40521,10088,7,40540,10005,7,41327,10188,7,41324,10171,7,42027,10044,7,42034,10010,7,42738,10172,7,42733,10193,7,42747,10193,7,42744,11918,7,43569,11919,7,44542,11387,7,44486,11302,7,45517,10624,7,45635,10458,7,46723,11235,7,49541,11241,7,49541,11250,7,51773,11696,7,51776,11688,7,52934,12133,7,54460,12196,7,54853,11727,7,54851,11509,8,51859,10128,7,51639,10128,7,51639,9890,7,51859,9890,7,51859,10128,8,54855,12129,7,54788,12210,7,54856,12213,7,54855,12129,8,54605,13172,7,52752,13095,7,52750,13100,7,52735,13094,7,52319,13077,7,52325,12937,7,51552,12640,7,49394,12209,7,45875,12201,7,45877,11495,7,44996,12074,7,44898,11925,7,43664,12599,7,43644,12561,7,42527,12559,7,42528,12255,7,42523,12255,7,42521,12819,7,33881,12781,7,33881,12718,7,32985,12716,7,32988,10949,7,32231,11051,7,31571,11434,7,31354,11060,7,31318,11240,7,30282,11031,7,27761,12864,7,27405,12374,7,27397,12832,7,23053,12756,7,23057,12538,7,22665,12648,7,22676,12714,7,21924,12846,7,21925,12849,7,19770,13412,7,19770,13418,7,19739,13420,7,19719,13425,7,19718,13421,7,17262,13570,7,17262,13600,7,54604,13600,7,54605,13172,8,50418,7818,7,50418,8021,7,50640,8021,7,50640,8249,7,50760,8249,7,50760,8468,7,50897,8468,7,50897,8706,7,50679,8706,7,50679,8487,7,50540,8487,7,50540,8259,7,50340,8259,7,50340,8036,7,46176,8026,7,46176,7808,7,50418,7818,8,44157,8824,7,41161,8816,7,41161,8598,7,44157,8606,7,44157,8824,8,50979,8948,7,51259,8948,7,51259,9186,7,50979,9186,7,50979,8948,8,51418,9188,7,51418,9426,7,51160,9426,7,51160,9188,7,51418,9188,8,51340,9429,7,51580,9429,7,51580,9650,7,51719,9650,7,51719,9888,7,51481,9888,7,51481,9667,7,51340,9667,7,51340,9429,8,50820,8947,7,50820,8709,7,51060,8709,7,51060,8947,7,50820,8947,8,33120,10041,7,33037,10146,7,33042,10180,7,33185,10181,7,33120,10041,8,20383,7458,7,20383,8476,7,24711,8476,7,24711,8926,7,18129,8926,7,18129,8476,7,19737,8476,7,19737,7458,7,20383,7458,8,18501,11279,7,17841,11281,7,17841,11093,7,18501,11091,7,18501,11279,8,25440,10359,7,24682,10361,7,24682,10147,7,25440,10145,7,25440,10359,8,9202,5393,7,3660,5403,7,3660,5163,7,9202,5153,7,9202,5393,8,8895,6823,7,10845,6819,7,10845,7059,7,8895,7063,7,8895,6823,8,2177,6763,7,5591,6757,7,5591,6997,7,2177,7003,7,2177,6763,8,2181,8856,7,11163,8840,7,11163,9112,7,11180,9112,7,11180,10422,7,12845,11118,7,12840,11130,7,12840,11679,7,12460,11679,7,12460,11531,7,9896,10458,7,9296,10458,7,9296,9136,7,2181,9148,7,2181,8856,5]},{"type":5,"className":"com.darkness.tdp4.maps.view.MapTestPolygonContainer","baseClassName":null,"id":13,"frames":[{"objects":[{"name":null,"type":0,"depth":1,"symbol":4,"clipDepth":0,"id":0,"matrix":[-0.0868988037109375,-0.0004730224609375,0.076995849609375,-13.9323120117188,32707,12595]},{"name":null,"type":0,"depth":3,"symbol":4,"clipDepth":0,"id":1,"matrix":[-0.0868988037109375,-0.0004730224609375,0.015106201171875,-2.73342895507812,20060,8060]},{"name":null,"type":0,"depth":5,"symbol":4,"clipDepth":0,"id":2,"matrix":[-6.103515625e-05,0.0868988037109375,-21.2149353027344,-0.015289306640625,6746,9020]},{"name":null,"type":0,"depth":7,"symbol":4,"clipDepth":0,"id":3,"matrix":[-6.103515625e-05,0.0868988037109375,-15.1128845214844,-0.010894775390625,21291,8718]},{"name":null,"type":0,"depth":9,"symbol":4,"clipDepth":0,"id":4,"matrix":[-6.103515625e-05,0.0868988037109375,-13.06005859375,-0.0094146728515625,6411,5261]},{"name":null,"type":0,"depth":11,"symbol":4,"clipDepth":0,"id":5,"matrix":[-0.0868988037109375,-0.0004730224609375,0.0299835205078125,-5.42594909667969,9037,13190]},{"name":null,"type":0,"depth":13,"symbol":4,"clipDepth":0,"id":6,"matrix":[-0.0868988037109375,-0.0004730224609375,0.0643310546875,-11.6441802978516,16370,12832]},{"name":null,"type":0,"depth":15,"symbol":4,"clipDepth":0,"id":7,"matrix":[-6.103515625e-05,0.0868988037109375,-7.43974304199219,-0.0053558349609375,3824,6859]},{"name":null,"type":0,"depth":17,"symbol":4,"clipDepth":0,"id":8,"matrix":[-6.103515625e-05,0.0868988037109375,-4.034423828125,-0.002899169921875,9836,6940]},{"name":null,"type":0,"depth":19,"symbol":4,"clipDepth":0,"id":9,"matrix":[-6.103515625e-05,0.0868988037109375,-11.1102905273438,-0.0080108642578125,34664,9799]},{"name":null,"type":0,"depth":21,"symbol":4,"clipDepth":0,"id":10,"matrix":[-0.0868988037109375,-0.0004730224609375,0.076995849609375,-13.9323120117188,40572,12859]},{"name":null,"type":0,"depth":23,"symbol":4,"clipDepth":0,"id":11,"matrix":[-6.103515625e-05,0.0868988037109375,-6.21511840820312,-0.004486083984375,42560,8719]},{"name":null,"type":0,"depth":25,"symbol":4,"clipDepth":0,"id":12,"matrix":[-6.103515625e-05,0.0868988037109375,-9.96879577636719,-0.0072021484375,48284,7901]}]}]},{"type":6,"id":40,"records":[{"color":-16777216,"offset":[0,220],"fontID":39,"glyphs":[7,17,15,0,8,6,19,13,16,9,20,20,0,21,8,18,1,0,15,6,18,20,0,23],"fontHeight":240,"advances":[120,133,200,67,133,133,80,120,133,133,120,120,67,67,133,133,133,67,200,133,133,120,67,120]},{"offset":[40,520],"glyphs":[12,9,24,0,4,6,18,2,22,14,14,9,21,5,19,17,17,10,5,17,14,25,11,17],"fontHeight":240,"advances":[53,133,160,67,200,133,133,160,133,53,53,133,67,160,80,133,133,67,160,133,53,120,133,133]},{"offset":[860,820],"glyphs":[16,3,17,16,21,6,12,16,9,19],"fontHeight":240,"advances":[133,173,133,133,67,133,53,133,133,80]}],"matrix":[1,0,0,1,0,0]},{"type":5,"className":"com.darkness.tdp4.maps.view.MapBGS","baseClassName":null,"id":12,"frames":[{"objects":[{"name":null,"type":0,"depth":1,"symbol":11,"clipDepth":0,"id":0,"matrix":[1,0,0,1,0,0]}]}]},{"bold":false,"ascent":0,"name":"Arial","codes":[46,52,66,67,77,80,97,99,100,101,102,103,105,107,108,109,110,111,112,114,115,116,117,118,119,121],"type":3,"id":39,"italic":false,"leading":0,"descent":0,"glyphs":[[3,5,1,16777215,1,8,1860,0,7,3910,0,7,3910,-2050,7,1860,-2050,7,1860,0,5],[3,5,1,16777215,1,8,6620,-5160,7,2030,-5160,4,4330,-8460,6620,-11770,7,6620,-5160,8,6620,0,7,8420,0,7,8420,-3510,7,10400,-3510,7,10400,-5160,7,8420,-5160,7,8420,-14660,7,6950,-14660,7,260,-5160,7,260,-3510,7,6620,-3510,7,6620,0,5],[3,5,1,16777215,1,8,3440,-1730,7,3440,-6770,7,6830,-6770,4,8230,-6770,8980,-6520,4,9720,-6280,10140,-5670,4,10560,-5070,10560,-4250,4,10560,-3550,10270,-3010,4,9980,-2480,9530,-2200,4,9080,-1920,8410,-1800,4,8030,-1730,7090,-1730,7,3440,-1730,8,3440,-8500,7,3440,-12930,7,6370,-12930,4,7950,-12930,8600,-12720,4,9250,-12520,9600,-11960,4,9950,-11410,9950,-10680,4,9950,-9910,9580,-9400,4,9200,-8890,8460,-8670,4,7900,-8500,6610,-8500,7,3440,-8500,8,1500,0,7,7090,0,4,8490,0,9460,-240,4,10420,-490,11060,-970,4,11700,-1450,12140,-2330,4,12570,-3220,12570,-4250,4,12570,-5530,11860,-6470,4,11140,-7410,9810,-7800,4,10840,-8310,11350,-9140,4,11860,-9970,11860,-10910,4,11860,-11920,11290,-12840,4,10710,-13770,9700,-14210,4,8680,-14660,7000,-14660,7,1500,-14660,7,1500,0,5],[3,5,1,16777215,1,8,12040,-5140,4,11640,-3290,10510,-2350,4,9380,-1410,7750,-1410,4,6410,-1410,5260,-2100,4,4110,-2790,3570,-4180,4,3020,-5580,3020,-7450,4,3020,-8900,3480,-10260,4,3940,-11630,5080,-12440,4,6210,-13250,7900,-13250,4,9370,-13250,10340,-12520,4,11310,-11790,11820,-10190,4,12780,-10410,13730,-10640,4,13140,-12670,11640,-13790,4,10140,-14910,7940,-14910,4,6000,-14910,4390,-14020,4,2770,-13140,1900,-11430,4,1020,-9730,1020,-7440,4,1020,-5340,1800,-3510,4,2570,-1680,4060,-710,4,5540,250,7910,250,4,10200,250,11790,-1000,4,13370,-2260,13980,-4650,4,13010,-4890,12040,-5140,5],[3,5,1,16777215,1,8,1520,0,7,3390,0,7,3390,-12480,7,7630,0,7,9380,0,7,13640,-12270,7,13640,0,7,15510,0,7,15510,-14660,7,12900,-14660,4,11150,-9560,9390,-4460,4,8860,-2910,8610,-2110,4,8390,-2830,7910,-4280,4,6180,-9470,4440,-14660,7,1520,-14660,7,1520,0,5],[3,5,1,16777215,1,8,3520,-7690,7,3520,-12930,7,7270,-12930,4,8590,-12930,9080,-12800,4,9840,-12590,10310,-11930,4,10770,-11280,10770,-10360,4,10770,-9090,9980,-8390,4,9190,-7690,7310,-7690,7,3520,-7690,8,1580,0,7,3520,0,7,3520,-5960,7,7280,-5960,4,10390,-5960,11580,-7250,4,12770,-8550,12770,-10420,4,12770,-11510,12330,-12420,4,11880,-13330,11150,-13830,4,10420,-14340,9340,-14520,4,8570,-14660,7110,-14660,7,1580,-14660,7,1580,0,5],[3,5,1,16777215,1,8,8130,-5330,7,8130,-4670,4,8130,-3480,7840,-2870,4,7460,-2080,6650,-1620,4,5840,-1170,4800,-1170,4,3750,-1170,3210,-1650,4,2660,-2130,2660,-2850,4,2660,-3320,2910,-3700,4,3160,-4090,3620,-4290,4,4080,-4490,5190,-4650,4,7150,-4930,8130,-5330,8,8280,-1310,4,8360,-560,8640,0,7,10520,0,4,10180,-610,10070,-1270,4,9950,-1940,9950,-4450,7,9950,-6850,4,9950,-8050,9860,-8510,4,9700,-9250,9300,-9730,4,8900,-10220,8050,-10540,4,7200,-10860,5840,-10860,4,4470,-10860,3430,-10480,4,2390,-10110,1840,-9410,4,1290,-8720,1050,-7590,7,2810,-7350,4,3100,-8480,3710,-8920,4,4310,-9370,5580,-9370,4,6940,-9370,7630,-8760,4,8140,-8310,8140,-7210,7,8130,-6740,4,7100,-6380,4920,-6120,4,3850,-5990,3320,-5850,4,2600,-5650,2030,-5260,4,1450,-4870,1100,-4220,4,740,-3580,740,-2800,4,740,-1470,1680,-610,4,2620,240,4370,240,4,5430,240,6360,-110,4,7280,-460,8280,-1310,5],[3,5,1,16777215,1,8,8280,-3890,4,8090,-2540,7380,-1890,4,6670,-1240,5610,-1240,4,4290,-1240,3470,-2210,4,2650,-3180,2650,-5320,4,2650,-7430,3500,-8400,4,4350,-9380,5710,-9380,4,6610,-9380,7250,-8840,4,7880,-8300,8130,-7230,7,9880,-7500,4,9570,-9110,8470,-9980,4,7370,-10860,5640,-10860,4,4270,-10860,3110,-10210,4,1940,-9570,1370,-8280,4,800,-6990,800,-5270,4,800,-2610,2130,-1180,4,3450,240,5630,240,4,7370,240,8570,-790,4,9760,-1830,10050,-3660,7,8280,-3890,5],[3,5,1,16777215,1,8,2550,-5300,4,2550,-7410,3360,-8390,4,4160,-9370,5360,-9370,4,6590,-9370,7430,-8350,4,8270,-7330,8270,-5150,4,8270,-3170,7450,-2200,4,6620,-1240,5440,-1240,4,4270,-1240,3410,-2250,4,2550,-3260,2550,-5300,8,8240,0,7,9910,0,7,9910,-14660,7,8120,-14660,7,8120,-9400,4,7650,-10050,6900,-10450,4,6150,-10860,5190,-10860,4,3880,-10860,2820,-10170,4,1760,-9480,1230,-8180,4,700,-6890,700,-5300,4,700,-3670,1290,-2410,4,1870,-1160,2940,-460,4,4000,240,5270,240,4,7230,240,8240,-1340,7,8240,0,5],[3,5,1,16777215,1,8,2710,-6330,4,2800,-7720,3650,-8550,4,4490,-9380,5730,-9380,4,7100,-9380,7960,-8340,4,8520,-7670,8640,-6330,7,2710,-6330,8,8620,-3420,4,8210,-2280,7510,-1760,4,6810,-1240,5820,-1240,4,4490,-1240,3600,-2170,4,2710,-3100,2610,-4850,7,10530,-4850,7,10540,-5330,4,10540,-7960,9190,-9410,4,7840,-10860,5710,-10860,4,3510,-10860,2130,-9380,4,750,-7900,750,-5220,4,750,-2630,2120,-1190,4,3480,240,5810,240,4,7660,240,8850,-660,4,10040,-1560,10480,-3190,7,8620,-3420,5],[3,5,1,16777215,1,8,1780,0,7,3570,0,7,3570,-9220,7,5640,-9220,7,5640,-10620,7,3570,-10620,7,3570,-11600,4,3570,-12560,3910,-12910,4,4250,-13260,5070,-13260,4,5570,-13260,6130,-13160,4,6270,-13940,6400,-14730,4,5480,-14910,4720,-14910,4,3540,-14910,2890,-14470,4,2230,-14040,1970,-13340,4,1780,-12820,1780,-11750,7,1780,-10620,7,190,-10620,7,190,-9220,7,1780,-9220,7,1780,0,5],[3,5,1,16777215,1,8,2510,-5500,4,2510,-7420,3350,-8390,4,4190,-9370,5390,-9370,4,6610,-9370,7480,-8380,4,8340,-7390,8340,-5440,4,8340,-3400,7500,-2440,4,6660,-1490,5420,-1490,4,4170,-1490,3340,-2450,4,2510,-3410,2510,-5500,8,1020,880,4,980,2600,2150,3460,4,3320,4310,5220,4310,4,6820,4310,7920,3710,4,9010,3110,9520,2080,4,10020,1040,10020,-1440,7,10020,-10620,7,8360,-10620,7,8360,-9340,4,7140,-10860,5260,-10860,4,3850,-10860,2810,-10160,4,1760,-9460,1210,-8170,4,660,-6890,660,-5370,4,660,-3160,1860,-1580,4,3060,0,5250,0,4,7010,0,8190,-1390,4,8200,370,8060,920,4,7820,1820,7140,2320,4,6460,2820,5210,2820,4,4050,2820,3380,2320,4,2880,1950,2770,1140,7,1020,880,5],[3,5,1,16777215,1,8,1360,0,7,3160,0,7,3160,-10620,7,1360,-10620,7,1360,0,8,1360,-12590,7,3160,-12590,7,3160,-14660,7,1360,-14660,7,1360,-12590,5],[3,5,1,16777215,1,8,1360,0,7,3160,0,7,3160,-4210,7,4430,-5430,7,7940,0,7,10160,0,4,7930,-3340,5690,-6680,7,9750,-10620,7,7420,-10620,7,3160,-6300,7,3160,-14660,7,1360,-14660,7,1360,0,5],[3,5,1,16777215,1,8,1310,0,7,3110,0,7,3110,-14660,7,1310,-14660,7,1310,0,5],[3,5,1,16777215,1,8,1350,0,7,3150,0,7,3150,-5510,4,3150,-6960,3440,-7730,4,3730,-8500,4380,-8900,4,5020,-9300,5780,-9300,4,6780,-9300,7220,-8700,4,7660,-8100,7660,-6900,7,7660,0,7,9460,0,7,9460,-6170,4,9460,-7810,10200,-8550,4,10940,-9300,12060,-9300,4,12680,-9300,13140,-9010,4,13600,-8720,13780,-8240,4,13950,-7770,13950,-6690,7,13950,0,7,15740,0,7,15740,-7290,4,15740,-9110,14890,-9980,4,14040,-10860,12460,-10860,4,10440,-10860,9180,-9000,4,8870,-9880,8120,-10370,4,7360,-10860,6180,-10860,4,5120,-10860,4290,-10380,4,3460,-9910,2960,-9130,7,2960,-10620,7,1350,-10620,7,1350,0,5],[3,5,1,16777215,1,8,1350,0,7,3150,0,7,3150,-5800,4,3150,-7840,3990,-8570,4,4820,-9300,5970,-9300,4,6690,-9300,7230,-8970,4,7760,-8650,7970,-8100,4,8180,-7560,8180,-6460,7,8180,0,7,9980,0,7,9980,-6530,4,9980,-7780,9880,-8280,4,9720,-9050,9320,-9610,4,8920,-10170,8120,-10510,4,7310,-10860,6350,-10860,4,4140,-10860,2970,-9110,7,2970,-10620,7,1350,-10620,7,1350,0,5],[3,5,1,16777215,1,8,2530,-5310,4,2530,-7350,3420,-8360,4,4310,-9370,5660,-9370,4,6990,-9370,7890,-8350,4,8780,-7340,8780,-5370,4,8780,-3280,7890,-2260,4,7000,-1240,5660,-1240,4,4310,-1240,3420,-2250,4,2530,-3270,2530,-5310,8,680,-5310,4,680,-2620,2060,-1190,4,3430,240,5660,240,4,7050,240,8230,-410,4,9400,-1060,10020,-2230,4,10630,-3410,10630,-5460,4,10630,-7990,9240,-9420,4,7850,-10860,5660,-10860,4,3690,-10860,2320,-9680,4,680,-8260,680,-5310,5],[3,5,1,16777215,1,8,2980,-5250,4,2980,-7300,3870,-8370,4,4750,-9450,5900,-9450,4,7060,-9450,7900,-8440,4,8730,-7430,8730,-5400,4,8730,-3270,7880,-2250,4,7020,-1240,5820,-1240,4,4640,-1240,3810,-2220,4,2980,-3200,2980,-5250,8,1350,4070,7,3150,4070,7,3150,-1100,4,3610,-520,4330,-140,4,5040,240,5940,240,4,7170,240,8290,-450,4,9400,-1150,9990,-2450,4,10570,-3760,10570,-5390,4,10570,-6910,10040,-8180,4,9510,-9460,8470,-10160,4,7430,-10860,6070,-10860,4,5030,-10860,4300,-10450,4,3570,-10050,2990,-9240,7,2990,-10620,7,1350,-10620,7,1350,4070,5],[3,5,1,16777215,1,8,1330,0,7,3130,0,7,3130,-5560,4,3130,-6700,3430,-7660,4,3630,-8290,4100,-8640,4,4570,-9000,5160,-9000,4,5820,-9000,6480,-8610,7,7100,-10280,4,6160,-10860,5250,-10860,4,4620,-10860,4100,-10500,4,3570,-10140,2950,-9010,7,2950,-10620,7,1330,-10620,7,1330,0,5],[3,5,1,16777215,1,8,630,-3170,4,930,-1480,2020,-620,4,3100,240,5170,240,4,6420,240,7410,-190,4,8400,-630,8930,-1420,4,9450,-2220,9450,-3120,4,9450,-4040,9020,-4660,4,8590,-5280,7840,-5600,4,7080,-5930,5170,-6440,4,3850,-6800,3580,-6900,4,3110,-7090,2890,-7380,4,2670,-7660,2670,-8010,4,2670,-8560,3200,-8970,4,3730,-9380,4970,-9380,4,6020,-9380,6600,-8920,4,7170,-8460,7290,-7640,7,9050,-7880,4,8880,-8910,8430,-9520,4,7980,-10140,7040,-10500,4,6090,-10860,4840,-10860,4,4010,-10860,3290,-10640,4,2560,-10430,2140,-10120,4,1580,-9720,1260,-9110,4,930,-8510,930,-7800,4,930,-7020,1330,-6370,4,1720,-5730,2490,-5360,4,3250,-5000,5230,-4500,4,6700,-4130,7070,-3890,4,7600,-3540,7600,-2930,4,7600,-2250,7000,-1740,4,6400,-1240,5160,-1240,4,3930,-1240,3250,-1810,4,2560,-2380,2410,-3450,7,630,-3170,5],[3,5,1,16777215,1,8,5280,-1610,4,4790,-1540,4490,-1540,4,4090,-1540,3880,-1670,4,3660,-1800,3570,-2020,4,3470,-2240,3470,-3010,7,3470,-9220,7,5280,-9220,7,5280,-10620,7,3470,-10620,7,3470,-14330,7,1680,-13250,7,1680,-10620,7,360,-10620,7,360,-9220,7,1680,-9220,7,1680,-3110,4,1680,-1490,1900,-980,4,2120,-480,2660,-170,4,3200,140,4180,140,4,4780,140,5540,-20,7,5280,-1610,5],[3,5,1,16777215,1,8,8310,0,7,9920,0,7,9920,-10620,7,8120,-10620,7,8120,-4930,4,8120,-3570,7830,-2850,4,7530,-2140,6820,-1720,4,6110,-1310,5300,-1310,4,4490,-1310,3940,-1710,4,3390,-2120,3220,-2830,4,3110,-3320,3110,-4730,7,3110,-10620,7,1310,-10620,7,1310,-4040,4,1310,-2890,1420,-2360,4,1580,-1570,1980,-1020,4,2370,-480,3190,-120,4,4000,240,4940,240,4,7070,240,8310,-1560,7,8310,0,5],[3,5,1,16777215,1,8,4300,0,7,5980,0,7,10000,-10620,7,8150,-10620,7,5790,-4140,4,5360,-2960,5120,-2120,4,4810,-3230,4440,-4260,7,2160,-10620,7,260,-10620,7,4300,0,5],[3,5,1,16777215,1,8,3310,0,7,5190,0,4,6270,-4080,7340,-8170,7,7750,-6360,4,8600,-3180,9440,0,7,11310,0,7,14630,-10620,7,12880,-10620,7,11060,-4480,4,10760,-3450,10450,-2430,7,9920,-4460,4,9130,-7540,8330,-10620,7,6480,-10620,4,5640,-7510,4790,-4400,4,4280,-2380,4240,-2210,4,3930,-3350,3610,-4490,7,1920,-10620,7,60,-10620,4,1690,-5310,3310,0,5],[3,5,1,16777215,1,8,1270,4090,4,1910,4310,2430,4310,4,3290,4310,3910,3900,4,4530,3480,5010,2590,4,5370,1930,6020,180,7,10060,-10620,7,8260,-10620,4,7130,-7520,5990,-4430,4,5560,-3250,5250,-2010,4,4910,-3300,4480,-4470,7,2270,-10620,7,330,-10620,4,2350,-5300,4360,20,4,4250,310,4200,460,4,3820,1530,3650,1800,4,3420,2160,3060,2360,4,2700,2560,2100,2560,4,1660,2560,1070,2400,7,1270,4090,5]],"advances":[null,null,null,null,null,null,null,null,null,null,null,null,null,null,null,null,null,null,null,null,null,null,null,null,null,null]},{"type":5,"id":11,"frames":[{"objects":[{"type":0,"depth":0,"symbol":10,"clipDepth":0,"id":0,"visible":true,"matrix":[1,0,0,1,0,0]}]}]},{"type":5,"className":"com.darkness.tdp4.maps.view.GameMap","baseClassName":null,"id":38,"frames":[{"objects":[{"name":null,"type":0,"depth":1,"symbol":37,"clipDepth":0,"id":0,"matrix":[1,0,0,1,-5500,-4000]},{"name":null,"type":0,"depth":210,"symbol":19,"clipDepth":0,"id":1,"matrix":[1,0,0,1,-5500,-4000]},{"name":null,"type":0,"depth":212,"symbol":16,"clipDepth":0,"id":2,"matrix":[1,0,0,1,-5500,-4000]},{"name":null,"type":0,"depth":478,"symbol":15,"clipDepth":0,"id":3,"visible":false,"matrix":[1,0,0,1,-5500,-4000]},{"name":null,"type":0,"depth":480,"symbol":13,"clipDepth":0,"id":4,"matrix":[1,0,0,1,-5500,-4000]}]}]},{"path":"symbols/10.jpg","type":0,"id":10},{"type":5,"className":"com.darkness.tdp4.maps.view.Map","baseClassName":null,"id":37,"frames":[{"objects":[{"name":null,"type":0,"depth":1,"symbol":21,"clipDepth":0,"id":0,"matrix":[1,0,0,1,0,0]},{"name":"respawnCon","type":0,"depth":2,"symbol":23,"clipDepth":0,"id":1,"matrix":[1,0,0,1,0,0]},{"name":"singlePlayerRespawnCon","type":0,"depth":42,"symbol":24,"clipDepth":0,"id":2,"matrix":[1,0,0,1,0,0]},{"name":"dominationRespawn","type":0,"depth":82,"symbol":25,"clipDepth":0,"id":3,"matrix":[1,0,0,1,0,0]},{"name":"turretRespawn","type":0,"depth":94,"symbol":26,"clipDepth":0,"id":4,"matrix":[1,0,0,1,0,0]},{"name":"botRespawn","type":0,"depth":114,"symbol":27,"clipDepth":0,"id":5,"matrix":[1,0,0,1,0,0]},{"name":"controllPointsCon","type":0,"depth":154,"symbol":28,"clipDepth":0,"id":6,"matrix":[1,0,0,1,0,0]},{"name":"itemCon","type":0,"depth":174,"symbol":29,"clipDepth":0,"id":7,"matrix":[1,0,0,1,0,0]},{"name":"waypoint_0","type":0,"depth":194,"symbol":31,"clipDepth":0,"id":8,"matrix":[0.58050537109375,0,0,2.5625,23740,10140]},{"name":"waypoint_1","type":0,"depth":196,"symbol":31,"clipDepth":0,"id":9,"matrix":[0.58050537109375,0,0,2.5625,30100,10140]},{"name":"waypoint_2","type":0,"depth":198,"symbol":31,"clipDepth":0,"id":10,"matrix":[0.58050537109375,0,0,2.5625,12735,3040]},{"name":"waypoint_3","type":0,"depth":200,"symbol":31,"clipDepth":0,"id":11,"matrix":[0.58050537109375,0,0,2.5625,15214,8227]},{"name":"waypoint_4","type":0,"depth":202,"symbol":31,"clipDepth":0,"id":12,"matrix":[0.58050537109375,0,0,2.5625,26154,6867]},{"name":"waypoint_5","type":0,"depth":204,"symbol":31,"clipDepth":0,"id":13,"matrix":[0.58050537109375,0,0,2.5625,33154,8507]},{"name":"waypoint_6","type":0,"depth":206,"symbol":31,"clipDepth":0,"id":14,"matrix":[0.58050537109375,0,0,2.5625,42794,4687]},{"name":"flagBaseCon","type":0,"depth":208,"symbol":36,"clipDepth":0,"id":15,"matrix":[1,0,0,1,0,0]}]}]},{"type":5,"className":"com.darkness.tdp4.maps.view.MapBGScrollable","baseClassName":null,"id":9,"frames":[{"objects":[{"name":null,"type":0,"depth":1,"symbol":8,"clipDepth":0,"id":0,"matrix":[1,0,0,1,0,0]}]}]},{"type":5,"id":36,"frames":[{"objects":[{"name":"base_2","type":0,"depth":1,"symbol":33,"clipDepth":0,"id":0,"filters":[[0,40,40,1]],"matrix":[1,0,0,1,48300,6000]},{"name":"base_1","type":0,"depth":3,"symbol":35,"clipDepth":0,"id":1,"filters":[[0,40,40,1]],"matrix":[1,0,0,1,6800,3400]}]}]},{"type":5,"id":8,"frames":[{"objects":[{"type":0,"depth":0,"symbol":7,"clipDepth":0,"id":0,"visible":true,"matrix":[1,0,0,1,0,7000]}]}]},{"type":5,"id":35,"frames":[{"objects":[{"name":null,"type":0,"depth":1,"symbol":34,"clipDepth":0,"id":0,"matrix":[1,0,0,1,0,0]}]}]},{"path":"symbols/7.jpg","type":0,"id":7,"alpha":"symbols/7a.png"},{"type":4,"id":34,"commands":[3,5,1,16711680,0.250980392156863,8,692,-493,4,980,-206,980,200,4,980,606,692,892,4,405,1180,0,1180,4,-406,1180,-694,892,4,-980,606,-980,200,4,-980,-206,-694,-493,4,-406,-780,0,-780,4,405,-780,692,-493,5]},{"type":5,"className":"com.darkness.tdp4.maps.view.MapTop","baseClassName":null,"id":6,"frames":[{}]},{"type":5,"id":33,"frames":[{"objects":[{"name":null,"type":0,"depth":1,"symbol":32,"clipDepth":0,"id":0,"matrix":[1,0,0,1,0,0]}]}]},{"type":5,"className":"com.darkness.tdp4.maps.view.MapBulletProofPolygonContainer","baseClassName":null,"id":5,"frames":[{"objects":[{"name":null,"type":0,"depth":1,"symbol":4,"clipDepth":0,"id":0,"matrix":[1.20346069335938,0,0,39.4382019042969,-180,7963]},{"name":null,"type":0,"depth":3,"symbol":4,"clipDepth":0,"id":1,"matrix":[143.867080688477,0,0,1.14976501464844,28844,270]},{"name":null,"type":0,"depth":5,"symbol":4,"clipDepth":0,"id":2,"matrix":[1.172119140625,0,0,39.08251953125,57666,7965]},{"name":null,"type":0,"depth":7,"symbol":4,"clipDepth":0,"id":3,"matrix":[7.4295654296875,-0.452484130859375,0.0684051513671875,1.12359619140625,18250,13343]},{"name":null,"type":0,"depth":9,"symbol":4,"clipDepth":0,"id":4,"matrix":[0.510147094726562,-1.21983337402344,8.16722106933594,3.41606140136719,11110,10679]},{"name":null,"type":0,"depth":11,"symbol":4,"clipDepth":0,"id":5,"matrix":[13.8553161621094,-0.02337646484375,0.001007080078125,0.59771728515625,6431,5278]},{"name":null,"type":0,"depth":13,"symbol":4,"clipDepth":0,"id":6,"matrix":[-2.1385498046875,-0.493759155273438,0.106582641601562,-0.461578369140625,40947,10196]},{"name":null,"type":0,"depth":15,"symbol":4,"clipDepth":0,"id":7,"matrix":[2.834228515625,0.0069122314453125,-0.0037841796875,1.60540771484375,43095,12239]},{"name":null,"type":0,"depth":17,"symbol":4,"clipDepth":0,"id":8,"matrix":[-21.6021881103516,-0.0947265625,0.007476806640625,-1.6959228515625,38202,12461]},{"name":null,"type":0,"depth":19,"symbol":4,"clipDepth":0,"id":9,"matrix":[39.7579040527344,0.096923828125,-0.00274658203125,1.1693115234375,7872,13560]},{"name":null,"type":0,"depth":21,"symbol":4,"clipDepth":0,"id":10,"matrix":[-0.00018310546875,1.37313842773438,-0.951751708984375,-0.0001373291015625,12650,11404]},{"name":null,"type":0,"depth":23,"symbol":4,"clipDepth":0,"id":11,"matrix":[7.8970947265625,-0.099945068359375,0.0208892822265625,1.65139770507812,35485,9689]},{"name":null,"type":0,"depth":25,"symbol":4,"clipDepth":0,"id":12,"matrix":[3.89801025390625,-2.687744140625,1.27914428710938,1.85528564453125,28240,11060]},{"name":null,"type":0,"depth":27,"symbol":4,"clipDepth":0,"id":13,"matrix":[2.03018188476562,1.60272216796875,-1.00613403320312,1.27444458007812,32626,9866]},{"name":null,"type":0,"depth":29,"symbol":4,"clipDepth":0,"id":14,"matrix":[1.89169311523438,0.0045928955078125,-0.0058746337890625,2.48924255371094,39402,11763]},{"name":null,"type":0,"depth":31,"symbol":4,"clipDepth":0,"id":15,"matrix":[8.53440856933594,-0.014404296875,0.001007080078125,0.59771728515625,3884,6880]},{"name":null,"type":0,"depth":33,"symbol":4,"clipDepth":0,"id":16,"matrix":[4.873779296875,-0.0082244873046875,0.001007080078125,0.59771728515625,9870,6941]},{"name":null,"type":0,"depth":35,"symbol":4,"clipDepth":0,"id":17,"matrix":[22.4533386230469,-0.03790283203125,0.0012359619140625,0.729171752929688,6672,8994]},{"name":null,"type":0,"depth":37,"symbol":4,"clipDepth":0,"id":18,"matrix":[-0.00042724609375,3.36737060546875,-4.71238708496094,-0.0006561279296875,10238,9785]},{"name":null,"type":0,"depth":39,"symbol":4,"clipDepth":0,"id":19,"matrix":[-0.0004119873046875,3.2265625,-10.1614990234375,-0.0014190673828125,7552,12720]},{"name":null,"type":0,"depth":41,"symbol":4,"clipDepth":0,"id":20,"matrix":[-0.0006103515625,4.72256469726562,-3.85557556152344,-0.00054931640625,16471,12757]},{"name":null,"type":0,"depth":43,"symbol":4,"clipDepth":0,"id":21,"matrix":[-0.000457763671875,3.639892578125,-3.20367431640625,-0.0004425048828125,16599,11107]},{"name":null,"type":0,"depth":45,"symbol":4,"clipDepth":0,"id":22,"matrix":[16.4571685791016,-0.0009918212890625,4.57763671875e-05,1.12567138671875,21420,8701]},{"name":null,"type":0,"depth":47,"symbol":4,"clipDepth":0,"id":23,"matrix":[1.89598083496094,-0.003204345703125,0.0009002685546875,0.534652709960938,25061,10253]},{"name":null,"type":0,"depth":49,"symbol":4,"clipDepth":0,"id":24,"matrix":[3.69581604003906,-0.006256103515625,0.00079345703125,0.469223022460938,17760,11186]},{"name":null,"type":0,"depth":51,"symbol":4,"clipDepth":0,"id":25,"matrix":[10.8592987060547,0.188064575195312,-0.0323638916015625,1.8668212890625,25211,12481]},{"name":null,"type":0,"depth":53,"symbol":4,"clipDepth":0,"id":26,"matrix":[-6.39579772949219,4.65185546875,-1.26556396484375,-1.7401123046875,28767,11646]},{"name":null,"type":0,"depth":55,"symbol":4,"clipDepth":0,"id":27,"matrix":[3.24870300292969,-0.57086181640625,0.447036743164062,2.54440307617188,21917,12379]},{"name":null,"type":0,"depth":57,"symbol":4,"clipDepth":0,"id":28,"matrix":[0.710891723632812,2.55076599121094,-2.40702819824219,0.670822143554688,22870,12095]},{"name":null,"type":0,"depth":59,"symbol":4,"clipDepth":0,"id":29,"matrix":[5.5130615234375,-1.44168090820312,0.284759521484375,1.08905029296875,20745,12979]},{"name":null,"type":0,"depth":61,"symbol":4,"clipDepth":0,"id":30,"matrix":[-5.40640258789062,-1.08843994140625,0.361297607421875,-1.794189453125,30289,10723]},{"name":null,"type":0,"depth":63,"symbol":4,"clipDepth":0,"id":31,"matrix":[-2.25967407226562,-0.004058837890625,0.0115203857421875,-6.34173583984375,33419,11509]},{"name":null,"type":0,"depth":65,"symbol":4,"clipDepth":0,"id":32,"matrix":[7.52398681640625,0.0182647705078125,-0.0121612548828125,5.15628051757812,41240,11220]},{"name":null,"type":0,"depth":67,"symbol":4,"clipDepth":0,"id":33,"matrix":[-1.75956726074219,-0.40625,0.106582641601562,-0.461578369140625,42365,10183]},{"name":null,"type":0,"depth":69,"symbol":4,"clipDepth":0,"id":34,"matrix":[1.85618591308594,-0.33502197265625,0.084136962890625,0.4661865234375,40192,10164]},{"name":null,"type":0,"depth":71,"symbol":4,"clipDepth":0,"id":35,"matrix":[2.22564697265625,-0.401702880859375,0.084136962890625,0.4661865234375,41624,10176]},{"name":null,"type":0,"depth":73,"symbol":4,"clipDepth":0,"id":36,"matrix":[9.16046142578125,0.0223388671875,-0.005706787109375,2.420166015625,47708,11721]},{"name":null,"type":0,"depth":75,"symbol":4,"clipDepth":0,"id":37,"matrix":[5.73336791992188,1.14437866210938,-0.473541259765625,2.37339782714844,50577,11951]},{"name":null,"type":0,"depth":77,"symbol":4,"clipDepth":0,"id":38,"matrix":[3.30685424804688,1.2724609375,-0.868988037109375,2.2587890625,52263,12394]},{"name":null,"type":0,"depth":79,"symbol":4,"clipDepth":0,"id":39,"matrix":[6.52104187011719,0.268905639648438,-0.0995330810546875,2.41812133789062,53643,12647]},{"name":null,"type":0,"depth":81,"symbol":4,"clipDepth":0,"id":40,"matrix":[2.39714050292969,-0.015106201171875,0.0249786376953125,3.91217041015625,55335,12288]},{"name":null,"type":0,"depth":83,"symbol":4,"clipDepth":0,"id":41,"matrix":[7.26890563964844,0.0156707763671875,-0.00836181640625,4.01333618164062,56059,13117]},{"name":null,"type":0,"depth":85,"symbol":4,"clipDepth":0,"id":42,"matrix":[7.49078369140625,0.0182647705078125,-0.00128173828125,0.544464111328125,42659,8711]},{"name":null,"type":0,"depth":87,"symbol":4,"clipDepth":0,"id":43,"matrix":[10.6058044433594,0.0258636474609375,-0.00128173828125,0.544464111328125,48297,7922]},{"name":null,"type":0,"depth":89,"symbol":4,"clipDepth":0,"id":44,"matrix":[3.17686462402344,-1.73313903808594,0.768966674804688,1.40924072265625,44145,11970]},{"name":null,"type":0,"depth":91,"symbol":4,"clipDepth":0,"id":45,"matrix":[2.78805541992188,-1.83738708496094,1.2725830078125,1.9306640625,45299,11321]},{"name":null,"type":0,"depth":93,"symbol":4,"clipDepth":0,"id":46,"matrix":[3.58566284179688,2.5606689453125,-0.88055419921875,1.23324584960938,46176,11217]},{"name":null,"type":0,"depth":95,"symbol":4,"clipDepth":0,"id":47,"matrix":[2.43728637695312,-1.14642333984375,0.817550659179688,1.73808288574219,33623,9949]},{"name":null,"type":0,"depth":97,"symbol":4,"clipDepth":0,"id":48,"matrix":[0.298599243164062,2.21446228027344,-3.0186767578125,0.406967163085938,32459,10626]},{"name":null,"type":0,"depth":99,"symbol":4,"clipDepth":0,"id":49,"matrix":[1.17546081542969,2.02432250976562,-1.87590026855469,1.0892333984375,31691,10871]},{"name":null,"type":0,"depth":101,"symbol":4,"clipDepth":0,"id":50,"matrix":[1.50627136230469,-0.0188751220703125,0.0135040283203125,1.07757568359375,37105,9784]},{"name":null,"type":0,"depth":103,"symbol":4,"clipDepth":0,"id":51,"matrix":[0.962310791015625,0.69378662109375,-0.4139404296875,0.574188232421875,37174,9535]},{"name":null,"type":0,"depth":105,"symbol":4,"clipDepth":0,"id":52,"matrix":[0.624359130859375,-1.05514526367188,1.236572265625,0.731781005859375,21707,12121]},{"name":null,"type":0,"depth":107,"symbol":4,"clipDepth":0,"id":53,"matrix":[0.074920654296875,1.556396484375,-1.32501220703125,0.06378173828125,29048,10470]},{"name":null,"type":0,"depth":109,"symbol":4,"clipDepth":0,"id":54,"matrix":[0.7955322265625,0.76336669921875,-0.668304443359375,0.696456909179688,7912,12192]},{"name":null,"type":0,"depth":111,"symbol":4,"clipDepth":0,"id":55,"matrix":[-1.32989501953125,-0.0023956298828125,0.0047149658203125,-2.5943603515625,27493,11741]},{"name":null,"type":0,"depth":113,"symbol":4,"clipDepth":0,"id":56,"matrix":[0.497879028320312,0.416091918945312,-1.30499267578125,1.561767578125,54760,12040]},{"name":null,"type":0,"depth":115,"symbol":4,"clipDepth":0,"id":57,"matrix":[1.56072998046875,2.31634521484375,-4.7755126953125,3.21759033203125,4888,13183]},{"name":null,"type":0,"depth":117,"symbol":4,"clipDepth":0,"id":58,"matrix":[-0.0006866455078125,5.38023376464844,-142.91796875,-0.01995849609375,28919,14786]},{"name":null,"type":0,"depth":119,"symbol":4,"clipDepth":0,"id":59,"matrix":[-0.0003509521484375,2.71792602539062,-82.2525329589844,-0.0114898681640625,38184,13197]},{"name":null,"type":0,"depth":121,"symbol":4,"clipDepth":0,"id":60,"matrix":[-0.0004119873046875,3.2265625,-10.1614990234375,-0.0014190673828125,30931,11918]},{"name":null,"type":0,"depth":123,"symbol":4,"clipDepth":0,"id":61,"matrix":[7.49386596679688,0,0,51.1768188476562,-1498,7877]},{"name":null,"type":0,"depth":125,"symbol":4,"clipDepth":0,"id":62,"matrix":[161.173614501953,0,0,6.7777099609375,29424,-998]},{"name":null,"type":0,"depth":127,"symbol":4,"clipDepth":0,"id":63,"matrix":[9.794189453125,0,0,51.7320556640625,59575,8078]},{"name":null,"type":0,"depth":129,"symbol":4,"clipDepth":0,"id":64,"matrix":[160.259582519531,0,0,12.1577301025391,29315,15916]},{"name":null,"type":0,"depth":131,"symbol":4,"clipDepth":0,"id":65,"matrix":[-0.0002899169921875,2.1309814453125,-3.65910339355469,-0.0005340576171875,14968,12934]},{"name":null,"type":0,"depth":133,"symbol":4,"clipDepth":0,"id":66,"matrix":[-0.000152587890625,1.10832214355469,-3.91709899902344,-0.0005645751953125,15280,11520]},{"name":null,"type":0,"depth":135,"symbol":4,"clipDepth":0,"id":67,"matrix":[-0.000152587890625,1.10832214355469,-2.73516845703125,-0.000396728515625,14613,12667]},{"name":null,"type":0,"depth":137,"symbol":4,"clipDepth":0,"id":68,"matrix":[0.370025634765625,-0.884811401367188,0.73687744140625,0.308212280273438,11100,9000]},{"name":null,"type":0,"depth":139,"symbol":4,"clipDepth":0,"id":69,"matrix":[0.370025634765625,-0.884811401367188,0.73687744140625,0.308212280273438,9600,12240]},{"name":null,"type":0,"depth":141,"symbol":4,"clipDepth":0,"id":70,"matrix":[0.22479248046875,-0.537567138671875,0.73687744140625,0.308212280273438,10844,6918]},{"name":null,"type":0,"depth":143,"symbol":4,"clipDepth":0,"id":71,"matrix":[0.188064575195312,-0.44970703125,0.73687744140625,0.308212280273438,9200,5237]},{"name":null,"type":0,"depth":145,"symbol":4,"clipDepth":0,"id":72,"matrix":[0.154464721679688,-0.369354248046875,0.409774780273438,0.17138671875,5600,6823]},{"name":null,"type":0,"depth":147,"symbol":4,"clipDepth":0,"id":73,"matrix":[0.22479248046875,-0.537567138671875,0.35089111328125,0.146759033203125,24680,8580]},{"name":null,"type":0,"depth":149,"symbol":4,"clipDepth":0,"id":74,"matrix":[0.22479248046875,-0.537567138671875,0.35089111328125,0.146759033203125,25440,10240]},{"name":null,"type":0,"depth":151,"symbol":4,"clipDepth":0,"id":75,"matrix":[0.22479248046875,-0.537567138671875,0.35089111328125,0.146759033203125,23200,11560]},{"name":null,"type":0,"depth":153,"symbol":4,"clipDepth":0,"id":76,"matrix":[0.22479248046875,-0.537567138671875,0.35089111328125,0.146759033203125,18480,11200]},{"name":null,"type":0,"depth":155,"symbol":4,"clipDepth":0,"id":77,"matrix":[0.22479248046875,-0.537567138671875,0.35089111328125,0.146759033203125,17220,10480]},{"name":null,"type":0,"depth":157,"symbol":4,"clipDepth":0,"id":78,"matrix":[0.22479248046875,-0.537567138671875,0.35089111328125,0.146759033203125,44120,8700]},{"name":null,"type":0,"depth":159,"symbol":4,"clipDepth":0,"id":79,"matrix":[0.22479248046875,-0.537567138671875,0.35089111328125,0.146759033203125,55800,11600]},{"name":null,"type":0,"depth":161,"symbol":4,"clipDepth":0,"id":80,"matrix":[-0.22479248046875,-0.537567138671875,-0.35089111328125,0.146759033203125,54860,11600]},{"name":null,"type":0,"depth":163,"symbol":4,"clipDepth":0,"id":81,"matrix":[-0.22479248046875,-0.537567138671875,-0.35089111328125,0.146759033203125,46180,7920]},{"name":null,"type":0,"depth":165,"symbol":4,"clipDepth":0,"id":82,"matrix":[-0.22479248046875,-0.537567138671875,-0.35089111328125,0.146759033203125,41180,8700]},{"name":null,"type":0,"depth":167,"symbol":4,"clipDepth":0,"id":83,"matrix":[-0.22479248046875,-0.537567138671875,-0.35089111328125,0.146759033203125,39800,10260]},{"name":null,"type":0,"depth":169,"symbol":4,"clipDepth":0,"id":84,"matrix":[0.220947265625,-0.53912353515625,-0.3519287109375,-0.144195556640625,44519,11397]},{"name":null,"type":0,"depth":171,"symbol":4,"clipDepth":0,"id":85,"matrix":[-0.22479248046875,-0.537567138671875,-0.35089111328125,0.146759033203125,39040,11360]},{"name":null,"type":0,"depth":173,"symbol":4,"clipDepth":0,"id":86,"matrix":[-0.22479248046875,-0.537567138671875,-0.35089111328125,0.146759033203125,24700,10240]},{"name":null,"type":0,"depth":175,"symbol":4,"clipDepth":0,"id":87,"matrix":[-0.22479248046875,-0.537567138671875,-0.35089111328125,0.146759033203125,18140,8580]},{"name":null,"type":0,"depth":177,"symbol":4,"clipDepth":0,"id":88,"matrix":[-0.22479248046875,-0.537567138671875,-0.35089111328125,0.146759033203125,21200,12080]},{"name":null,"type":0,"depth":179,"symbol":4,"clipDepth":0,"id":89,"matrix":[-0.22479248046875,-0.537567138671875,-0.35089111328125,0.146759033203125,15980,10480]},{"name":null,"type":0,"depth":181,"symbol":4,"clipDepth":0,"id":90,"matrix":[-0.00042724609375,3.1046142578125,-3.91709899902344,-0.0005645751953125,15279,12320]},{"name":null,"type":0,"depth":183,"symbol":4,"clipDepth":0,"id":91,"matrix":[-0.22479248046875,-0.537567138671875,-0.35089111328125,0.146759033203125,2200,8960]},{"name":null,"type":0,"depth":185,"symbol":4,"clipDepth":0,"id":92,"matrix":[-0.22479248046875,-0.537567138671875,-0.35089111328125,0.146759033203125,2200,6860]},{"name":null,"type":0,"depth":187,"symbol":4,"clipDepth":0,"id":93,"matrix":[-0.22479248046875,-0.537567138671875,-0.35089111328125,0.146759033203125,3680,5260]},{"name":null,"type":0,"depth":189,"symbol":4,"clipDepth":0,"id":94,"matrix":[-0.22479248046875,-0.537567138671875,-0.35089111328125,0.146759033203125,14540,11400]},{"name":null,"type":0,"depth":191,"symbol":4,"clipDepth":0,"id":95,"matrix":[0.22479248046875,-0.537567138671875,0.35089111328125,0.146759033203125,42720,10280]},{"name":null,"type":0,"depth":193,"symbol":4,"clipDepth":0,"id":96,"matrix":[-0.15460205078125,2.23577880859375,-0.59625244140625,-0.0412139892578125,15973,10860]},{"name":null,"type":0,"depth":195,"symbol":4,"clipDepth":0,"id":97,"matrix":[-0.33660888671875,2.96195983886719,-0.5938720703125,-0.067474365234375,14511,11945]},{"name":null,"type":0,"depth":197,"symbol":4,"clipDepth":0,"id":98,"matrix":[0.247055053710938,3.10739135742188,-0.777008056640625,0.0617828369140625,9684,12766]},{"name":null,"type":0,"depth":199,"symbol":4,"clipDepth":0,"id":99,"matrix":[0.187713623046875,4.552001953125,-0.778778076171875,0.0321197509765625,11200,9838]},{"name":null,"type":0,"depth":201,"symbol":4,"clipDepth":0,"id":100,"matrix":[-0.22479248046875,-0.537567138671875,-0.35089111328125,0.146759033203125,8920,6920]},{"name":null,"type":0,"depth":203,"symbol":4,"clipDepth":0,"id":101,"matrix":[-0.18182373046875,2.9754638671875,-0.5965576171875,-0.03643798828125,39783,10809]},{"name":null,"type":0,"depth":205,"symbol":4,"clipDepth":0,"id":102,"matrix":[-0.143798828125,2.9775390625,-0.59698486328125,-0.0287933349609375,39030,11891]},{"name":null,"type":0,"depth":207,"symbol":4,"clipDepth":0,"id":103,"matrix":[0.378097534179688,5.0694580078125,-0.59600830078125,0.044464111328125,42783,11232]},{"name":null,"type":0,"depth":209,"symbol":4,"clipDepth":0,"id":104,"matrix":[-0.22479248046875,-0.537567138671875,-0.35089111328125,0.146759033203125,14075,12560]},{"name":null,"type":0,"depth":211,"symbol":4,"clipDepth":0,"id":105,"matrix":[-0.33660888671875,2.96195983886719,-0.5938720703125,-0.067474365234375,14029,13100]},{"name":null,"type":0,"depth":213,"symbol":4,"clipDepth":0,"id":106,"matrix":[-0.34796142578125,0.351669311523438,0.537872314453125,0.532150268554688,50442,7962]},{"name":null,"type":0,"depth":215,"symbol":4,"clipDepth":0,"id":107,"matrix":[-0.455963134765625,0.191818237304688,0.3525390625,0.837921142578125,50587,8162]},{"name":null,"type":0,"depth":217,"symbol":4,"clipDepth":0,"id":108,"matrix":[-0.34796142578125,0.351669311523438,0.544036865234375,0.538238525390625,50733,8374]},{"name":null,"type":0,"depth":219,"symbol":4,"clipDepth":0,"id":109,"matrix":[-0.455963134765625,0.191818237304688,0.3525390625,0.837921142578125,50893,8591]},{"name":null,"type":0,"depth":221,"symbol":4,"clipDepth":0,"id":110,"matrix":[-0.34796142578125,0.351669311523438,0.537872314453125,0.532150268554688,51031,8807]},{"name":null,"type":0,"depth":223,"symbol":4,"clipDepth":0,"id":111,"matrix":[-0.455963134765625,0.191818237304688,0.3525390625,0.837921142578125,51176,9006]},{"name":null,"type":0,"depth":225,"symbol":4,"clipDepth":0,"id":112,"matrix":[-0.34796142578125,0.351669311523438,0.544036865234375,0.538238525390625,51322,9219]},{"name":null,"type":0,"depth":227,"symbol":4,"clipDepth":0,"id":113,"matrix":[-0.455963134765625,0.191818237304688,0.3525390625,0.837921142578125,51481,9436]},{"name":null,"type":0,"depth":229,"symbol":4,"clipDepth":0,"id":114,"matrix":[-0.34796142578125,0.351669311523438,0.544036865234375,0.538238525390625,51599,9601]},{"name":null,"type":0,"depth":231,"symbol":4,"clipDepth":0,"id":115,"matrix":[-0.455963134765625,0.191818237304688,0.3525390625,0.837921142578125,51760,9820]},{"name":null,"type":0,"depth":233,"symbol":4,"clipDepth":0,"id":116,"matrix":[-0.0060272216796875,2.67303466796875,-1.40365600585938,-0.0058746337890625,20079,7979]},{"name":null,"type":0,"depth":235,"symbol":4,"clipDepth":0,"id":117,"matrix":[-0.560104370117188,1.25506591796875,0.15887451171875,0.126251220703125,20255,7699]},{"name":null,"type":0,"depth":237,"symbol":4,"clipDepth":0,"id":118,"matrix":[0.4644775390625,1.50657653808594,-0.1690673828125,0.0916595458984375,19879,7738]},{"name":null,"type":0,"depth":239,"symbol":4,"clipDepth":0,"id":119,"matrix":[0.12567138671875,-1.42509460449219,-0.3851318359375,-0.0497894287109375,19808,7770]},{"name":null,"type":0,"depth":241,"symbol":4,"clipDepth":0,"id":120,"matrix":[-0.13055419921875,-1.44732666015625,0.384918212890625,-0.053924560546875,20343,7774]},{"name":null,"type":0,"depth":243,"symbol":4,"clipDepth":0,"id":121,"matrix":[-0.0874481201171875,-1.4505615234375,0.386337280273438,-0.042449951171875,20388,8343]},{"name":null,"type":0,"depth":245,"symbol":4,"clipDepth":0,"id":122,"matrix":[0.102035522460938,-1.42697143554688,-0.385894775390625,-0.04339599609375,19763,8320]}]}]},{"type":4,"id":32,"commands":[3,5,1,255,0.250980392156863,8,692,-493,4,980,-206,980,200,4,980,606,692,892,4,405,1180,0,1180,4,-406,1180,-694,892,4,-980,606,-980,200,4,-980,-206,-694,-493,4,-406,-780,0,-780,4,405,-780,692,-493,5]},{"type":5,"id":4,"frames":[{"objects":[{"name":null,"type":0,"depth":1,"symbol":3,"clipDepth":0,"id":0,"matrix":[1,0,0,1,0,0]}]}]},{"type":5,"id":31,"frames":[{"objects":[{"name":null,"type":0,"depth":1,"symbol":30,"clipDepth":0,"id":0,"matrix":[1,0,0,1,0,0]}]}]},{"type":4,"id":3,"commands":[3,5,1,10092288,0.498039215686275,8,200,200,7,-200,200,7,-200,-200,7,200,-200,7,200,200,5]},{"type":4,"id":30,"commands":[3,5,1,13311,0,8,1860,640,7,0,640,7,0,0,7,1860,0,7,1860,640,5]},{"type":5,"className":"com.darkness.tdp4.components.game.view.objects.physics.BodyRectangle","baseClassName":null,"id":2,"frames":[{"objects":[{"name":null,"type":0,"depth":1,"symbol":1,"clipDepth":0,"id":0,"matrix":[1,0,0,1,0,0]}]}]},{"type":5,"id":29,"frames":[{"objects":[{"name":null,"type":0,"depth":1,"symbol":22,"clipDepth":0,"id":0,"matrix":[1,0,0,1,42790,7650]},{"name":null,"type":0,"depth":3,"symbol":22,"clipDepth":0,"id":1,"matrix":[1,0,0,1,16650,9590]},{"name":null,"type":0,"depth":5,"symbol":22,"clipDepth":0,"id":2,"matrix":[1,0,0,1,38470,7350]},{"name":null,"type":0,"depth":7,"symbol":22,"clipDepth":0,"id":3,"matrix":[1,0,0,1,22310,10830]},{"name":null,"type":0,"depth":9,"symbol":22,"clipDepth":0,"id":4,"matrix":[1,0,0,1,21950,7650]},{"name":null,"type":0,"depth":11,"symbol":22,"clipDepth":0,"id":5,"matrix":[1,0,0,1,49670,6870]},{"name":null,"type":0,"depth":13,"symbol":22,"clipDepth":0,"id":6,"matrix":[1,0,0,1,34550,8610]},{"name":null,"type":0,"depth":15,"symbol":22,"clipDepth":0,"id":7,"matrix":[1,0,0,1,35390,10830]},{"name":null,"type":0,"depth":17,"symbol":22,"clipDepth":0,"id":8,"matrix":[1,0,0,1,4110,8110]},{"name":null,"type":0,"depth":19,"symbol":22,"clipDepth":0,"id":9,"matrix":[1,0,0,1,8610,3750]}]}]},{"type":4,"id":1,"commands":[3,5,1,65535,0.498039215686275,8,70,70,7,-70,70,7,-70,-70,7,70,-70,7,70,70,5]},{"type":5,"id":28,"frames":[{"objects":[{"name":null,"type":0,"depth":1,"symbol":22,"clipDepth":0,"id":0,"matrix":[1,0,0,1,8070,12690]},{"name":null,"type":0,"depth":3,"symbol":22,"clipDepth":0,"id":1,"matrix":[1,0,0,1,28790,11530]},{"name":null,"type":0,"depth":5,"symbol":22,"clipDepth":0,"id":2,"matrix":[1,0,0,1,41750,11530]},{"name":null,"type":0,"depth":7,"symbol":22,"clipDepth":0,"id":3,"matrix":[1,0,0,1,16470,12690]},{"name":null,"type":0,"depth":9,"symbol":22,"clipDepth":0,"id":4,"matrix":[1,0,0,1,47730,12070]},{"name":null,"type":0,"depth":11,"symbol":22,"clipDepth":0,"id":5,"matrix":[1,0,0,1,45950,12070]},{"name":null,"type":0,"depth":13,"symbol":22,"clipDepth":0,"id":6,"matrix":[1,0,0,1,30990,11530]},{"name":null,"type":0,"depth":15,"symbol":22,"clipDepth":0,"id":7,"matrix":[1,0,0,1,49770,12070]},{"name":null,"type":0,"depth":17,"symbol":22,"clipDepth":0,"id":8,"matrix":[1,0,0,1,6090,12690]},{"name":null,"type":0,"depth":19,"symbol":22,"clipDepth":0,"id":9,"matrix":[1,0,0,1,40290,11530]}]}]}],"frameRate":12}