{"root":0,"uuid":"zv9IRluHKuLdFacci2Tt","version":0.1,"symbols":[{"type":5,"frames":[{}]},{"type":5,"id":27,"frames":[{"objects":[{"name":null,"type":0,"depth":1,"symbol":26,"clipDepth":0,"id":0,"matrix":[1,0,0,1,0,0]}]}]},{"type":4,"id":26,"commands":[3,5,1,255,0.250980392156863,8,692,-493,4,980,-206,980,200,4,980,606,692,892,4,405,1180,0,1180,4,-406,1180,-694,892,4,-980,606,-980,200,4,-980,-206,-694,-493,4,-406,-780,0,-780,4,405,-780,692,-493,5]},{"type":5,"id":25,"frames":[{"objects":[{"name":null,"type":0,"depth":1,"symbol":17,"clipDepth":0,"id":0,"matrix":[1,0,0,1,69990,4750]},{"name":null,"type":0,"depth":3,"symbol":17,"clipDepth":0,"id":1,"matrix":[1,0,0,1,21490,5410]},{"name":null,"type":0,"depth":5,"symbol":17,"clipDepth":0,"id":2,"matrix":[1,0,0,1,16810,4570]},{"name":null,"type":0,"depth":7,"symbol":17,"clipDepth":0,"id":3,"matrix":[1,0,0,1,29590,6790]},{"name":null,"type":0,"depth":9,"symbol":17,"clipDepth":0,"id":4,"matrix":[1,0,0,1,41090,5950]},{"name":null,"type":0,"depth":11,"symbol":17,"clipDepth":0,"id":5,"matrix":[1,0,0,1,29390,4610]},{"name":null,"type":0,"depth":13,"symbol":17,"clipDepth":0,"id":6,"matrix":[1,0,0,1,6510,5810]},{"name":null,"type":0,"depth":15,"symbol":17,"clipDepth":0,"id":7,"matrix":[1,0,0,1,56730,5010]},{"name":null,"type":0,"depth":17,"symbol":17,"clipDepth":0,"id":8,"matrix":[1,0,0,1,46670,5950]},{"name":null,"type":0,"depth":19,"symbol":17,"clipDepth":0,"id":9,"matrix":[1,0,0,1,3250,6710]}]}]},{"type":5,"id":24,"frames":[{"objects":[{"name":null,"type":0,"depth":1,"symbol":23,"clipDepth":0,"id":0,"matrix":[1,0,0,1,0,0]}]}]},{"type":4,"id":23,"commands":[3,5,1,13311,0,8,1860,640,7,0,640,7,0,0,7,1860,0,7,1860,640,5]},{"type":5,"id":22,"frames":[{"objects":[{"name":null,"type":0,"depth":1,"symbol":17,"clipDepth":0,"id":0,"matrix":[1,0,0,1,68270,6890]},{"name":null,"type":0,"depth":3,"symbol":17,"clipDepth":0,"id":1,"matrix":[1,0,0,1,20870,7170]},{"name":null,"type":0,"depth":5,"symbol":17,"clipDepth":0,"id":2,"matrix":[1,0,0,1,17010,7090]},{"name":null,"type":0,"depth":7,"symbol":17,"clipDepth":0,"id":3,"matrix":[1,0,0,1,41270,7590]},{"name":null,"type":0,"depth":9,"symbol":17,"clipDepth":0,"id":4,"matrix":[1,0,0,1,56170,7390]},{"name":null,"type":0,"depth":11,"symbol":17,"clipDepth":0,"id":5,"matrix":[1,0,0,1,70470,6890]},{"name":null,"type":0,"depth":13,"symbol":17,"clipDepth":0,"id":6,"matrix":[1,0,0,1,14110,7150]},{"name":null,"type":0,"depth":15,"symbol":17,"clipDepth":0,"id":7,"matrix":[1,0,0,1,57290,6890]},{"name":null,"type":0,"depth":17,"symbol":17,"clipDepth":0,"id":8,"matrix":[1,0,0,1,47010,7150]},{"name":null,"type":0,"depth":19,"symbol":17,"clipDepth":0,"id":9,"matrix":[1,0,0,1,7170,7430]},{"name":null,"type":0,"depth":21,"symbol":17,"clipDepth":0,"id":10,"matrix":[1,0,0,1,2750,2430]},{"name":null,"type":0,"depth":23,"symbol":17,"clipDepth":0,"id":11,"matrix":[1,0,0,1,4110,2530]},{"name":null,"type":0,"depth":25,"symbol":17,"clipDepth":0,"id":12,"matrix":[1,0,0,1,5130,2230]},{"name":null,"type":0,"depth":27,"symbol":17,"clipDepth":0,"id":13,"matrix":[1,0,0,1,13200,7420]},{"name":null,"type":0,"depth":29,"symbol":17,"clipDepth":0,"id":14,"matrix":[1,0,0,1,3610,1810]},{"name":null,"type":0,"depth":31,"symbol":17,"clipDepth":0,"id":15,"matrix":[1,0,0,1,4530,1550]},{"name":null,"type":0,"depth":33,"symbol":17,"clipDepth":0,"id":16,"matrix":[1,0,0,1,5890,1650]},{"name":null,"type":0,"depth":35,"symbol":17,"clipDepth":0,"id":17,"matrix":[1,0,0,1,6910,1350]},{"name":null,"type":0,"depth":37,"symbol":17,"clipDepth":0,"id":18,"matrix":[1,0,0,1,5390,930]},{"name":null,"type":0,"depth":39,"symbol":17,"clipDepth":0,"id":19,"matrix":[1,0,0,1,6910,2170]},{"name":null,"type":0,"depth":41,"symbol":17,"clipDepth":0,"id":20,"matrix":[1,0,0,1,8270,2270]},{"name":null,"type":0,"depth":43,"symbol":17,"clipDepth":0,"id":21,"matrix":[1,0,0,1,9290,1970]},{"name":null,"type":0,"depth":45,"symbol":17,"clipDepth":0,"id":22,"matrix":[1,0,0,1,7770,1550]},{"name":null,"type":0,"depth":47,"symbol":17,"clipDepth":0,"id":23,"matrix":[1,0,0,1,9810,2170]},{"name":null,"type":0,"depth":49,"symbol":17,"clipDepth":0,"id":24,"matrix":[1,0,0,1,11170,2270]},{"name":null,"type":0,"depth":51,"symbol":17,"clipDepth":0,"id":25,"matrix":[1,0,0,1,12590,2270]},{"name":null,"type":0,"depth":53,"symbol":17,"clipDepth":0,"id":26,"matrix":[1,0,0,1,10670,1550]},{"name":null,"type":0,"depth":55,"symbol":17,"clipDepth":0,"id":27,"matrix":[1,0,0,1,11690,1290]},{"name":null,"type":0,"depth":57,"symbol":17,"clipDepth":0,"id":28,"matrix":[1,0,0,1,12950,1390]},{"name":null,"type":0,"depth":59,"symbol":17,"clipDepth":0,"id":29,"matrix":[1,0,0,1,13970,1090]},{"name":null,"type":0,"depth":61,"symbol":17,"clipDepth":0,"id":30,"matrix":[1,0,0,1,12450,670]},{"name":null,"type":0,"depth":63,"symbol":17,"clipDepth":0,"id":31,"matrix":[1,0,0,1,13970,1910]},{"name":null,"type":0,"depth":65,"symbol":17,"clipDepth":0,"id":32,"matrix":[1,0,0,1,15330,2010]},{"name":null,"type":0,"depth":67,"symbol":17,"clipDepth":0,"id":33,"matrix":[1,0,0,1,16350,1710]},{"name":null,"type":0,"depth":69,"symbol":17,"clipDepth":0,"id":34,"matrix":[1,0,0,1,14830,1290]},{"name":null,"type":0,"depth":71,"symbol":17,"clipDepth":0,"id":35,"matrix":[1,0,0,1,17410,2110]},{"name":null,"type":0,"depth":73,"symbol":17,"clipDepth":0,"id":36,"matrix":[1,0,0,1,17770,1230]},{"name":null,"type":0,"depth":75,"symbol":17,"clipDepth":0,"id":37,"matrix":[1,0,0,1,18790,930]},{"name":null,"type":0,"depth":77,"symbol":17,"clipDepth":0,"id":38,"matrix":[1,0,0,1,18790,1750]},{"name":null,"type":0,"depth":79,"symbol":17,"clipDepth":0,"id":39,"matrix":[1,0,0,1,20150,1850]},{"name":null,"type":0,"depth":81,"symbol":17,"clipDepth":0,"id":40,"matrix":[1,0,0,1,21170,1550]},{"name":null,"type":0,"depth":83,"symbol":17,"clipDepth":0,"id":41,"matrix":[1,0,0,1,23910,1390]},{"name":null,"type":0,"depth":85,"symbol":17,"clipDepth":0,"id":42,"matrix":[1,0,0,1,21750,2230]},{"name":null,"type":0,"depth":87,"symbol":17,"clipDepth":0,"id":43,"matrix":[1,0,0,1,22770,1930]},{"name":null,"type":0,"depth":89,"symbol":17,"clipDepth":0,"id":44,"matrix":[1,0,0,1,24530,2110]},{"name":null,"type":0,"depth":91,"symbol":17,"clipDepth":0,"id":45,"matrix":[1,0,0,1,24890,1230]},{"name":null,"type":0,"depth":93,"symbol":17,"clipDepth":0,"id":46,"matrix":[1,0,0,1,25910,930]},{"name":null,"type":0,"depth":95,"symbol":17,"clipDepth":0,"id":47,"matrix":[1,0,0,1,25910,1750]},{"name":null,"type":0,"depth":97,"symbol":17,"clipDepth":0,"id":48,"matrix":[1,0,0,1,27270,1850]},{"name":null,"type":0,"depth":99,"symbol":17,"clipDepth":0,"id":49,"matrix":[1,0,0,1,28290,1550]},{"name":null,"type":0,"depth":101,"symbol":17,"clipDepth":0,"id":50,"matrix":[1,0,0,1,31030,1390]},{"name":null,"type":0,"depth":103,"symbol":17,"clipDepth":0,"id":51,"matrix":[1,0,0,1,28870,2230]},{"name":null,"type":0,"depth":105,"symbol":17,"clipDepth":0,"id":52,"matrix":[1,0,0,1,29890,1930]},{"name":null,"type":0,"depth":107,"symbol":17,"clipDepth":0,"id":53,"matrix":[1,0,0,1,32190,2270]},{"name":null,"type":0,"depth":109,"symbol":17,"clipDepth":0,"id":54,"matrix":[1,0,0,1,32550,1390]},{"name":null,"type":0,"depth":111,"symbol":17,"clipDepth":0,"id":55,"matrix":[1,0,0,1,33570,1090]},{"name":null,"type":0,"depth":113,"symbol":17,"clipDepth":0,"id":56,"matrix":[1,0,0,1,33570,1910]},{"name":null,"type":0,"depth":115,"symbol":17,"clipDepth":0,"id":57,"matrix":[1,0,0,1,34930,2010]},{"name":null,"type":0,"depth":117,"symbol":17,"clipDepth":0,"id":58,"matrix":[1,0,0,1,35950,1710]},{"name":null,"type":0,"depth":119,"symbol":17,"clipDepth":0,"id":59,"matrix":[1,0,0,1,38690,1550]},{"name":null,"type":0,"depth":121,"symbol":17,"clipDepth":0,"id":60,"matrix":[1,0,0,1,36530,2390]},{"name":null,"type":0,"depth":123,"symbol":17,"clipDepth":0,"id":61,"matrix":[1,0,0,1,37550,2090]},{"name":null,"type":0,"depth":125,"symbol":17,"clipDepth":0,"id":62,"matrix":[1,0,0,1,39550,2270]},{"name":null,"type":0,"depth":127,"symbol":17,"clipDepth":0,"id":63,"matrix":[1,0,0,1,39910,1390]},{"name":null,"type":0,"depth":129,"symbol":17,"clipDepth":0,"id":64,"matrix":[1,0,0,1,40930,1090]},{"name":null,"type":0,"depth":131,"symbol":17,"clipDepth":0,"id":65,"matrix":[1,0,0,1,40930,1910]},{"name":null,"type":0,"depth":133,"symbol":17,"clipDepth":0,"id":66,"matrix":[1,0,0,1,42290,2010]},{"name":null,"type":0,"depth":135,"symbol":17,"clipDepth":0,"id":67,"matrix":[1,0,0,1,43310,1710]},{"name":null,"type":0,"depth":137,"symbol":17,"clipDepth":0,"id":68,"matrix":[1,0,0,1,46050,1550]},{"name":null,"type":0,"depth":139,"symbol":17,"clipDepth":0,"id":69,"matrix":[1,0,0,1,43890,2390]},{"name":null,"type":0,"depth":141,"symbol":17,"clipDepth":0,"id":70,"matrix":[1,0,0,1,44910,2090]},{"name":null,"type":0,"depth":143,"symbol":17,"clipDepth":0,"id":71,"matrix":[1,0,0,1,56050,6890]},{"name":null,"type":0,"depth":145,"symbol":17,"clipDepth":0,"id":72,"matrix":[1,0,0,1,58290,7430]},{"name":null,"type":0,"depth":147,"symbol":17,"clipDepth":0,"id":73,"matrix":[1,0,0,1,47430,1290]},{"name":null,"type":0,"depth":149,"symbol":17,"clipDepth":0,"id":74,"matrix":[1,0,0,1,47430,2110]},{"name":null,"type":0,"depth":151,"symbol":17,"clipDepth":0,"id":75,"matrix":[1,0,0,1,48790,2210]},{"name":null,"type":0,"depth":153,"symbol":17,"clipDepth":0,"id":76,"matrix":[1,0,0,1,49810,1910]},{"name":null,"type":0,"depth":155,"symbol":17,"clipDepth":0,"id":77,"matrix":[1,0,0,1,52550,1750]},{"name":null,"type":0,"depth":157,"symbol":17,"clipDepth":0,"id":78,"matrix":[1,0,0,1,50390,2590]},{"name":null,"type":0,"depth":159,"symbol":17,"clipDepth":0,"id":79,"matrix":[1,0,0,1,51410,2290]},{"name":null,"type":0,"depth":161,"symbol":17,"clipDepth":0,"id":80,"matrix":[1,0,0,1,56170,1290]},{"name":null,"type":0,"depth":163,"symbol":17,"clipDepth":0,"id":81,"matrix":[1,0,0,1,56170,2110]},{"name":null,"type":0,"depth":165,"symbol":17,"clipDepth":0,"id":82,"matrix":[1,0,0,1,57530,2210]},{"name":null,"type":0,"depth":167,"symbol":17,"clipDepth":0,"id":83,"matrix":[1,0,0,1,58550,1910]},{"name":null,"type":0,"depth":169,"symbol":17,"clipDepth":0,"id":84,"matrix":[1,0,0,1,61290,1750]},{"name":null,"type":0,"depth":171,"symbol":17,"clipDepth":0,"id":85,"matrix":[1,0,0,1,59130,2590]},{"name":null,"type":0,"depth":173,"symbol":17,"clipDepth":0,"id":86,"matrix":[1,0,0,1,60150,2290]},{"name":null,"type":0,"depth":175,"symbol":17,"clipDepth":0,"id":87,"matrix":[1,0,0,1,62310,1090]},{"name":null,"type":0,"depth":177,"symbol":17,"clipDepth":0,"id":88,"matrix":[1,0,0,1,62310,1910]},{"name":null,"type":0,"depth":179,"symbol":17,"clipDepth":0,"id":89,"matrix":[1,0,0,1,63670,2010]},{"name":null,"type":0,"depth":181,"symbol":17,"clipDepth":0,"id":90,"matrix":[1,0,0,1,64690,1710]},{"name":null,"type":0,"depth":183,"symbol":17,"clipDepth":0,"id":91,"matrix":[1,0,0,1,67430,1550]},{"name":null,"type":0,"depth":185,"symbol":17,"clipDepth":0,"id":92,"matrix":[1,0,0,1,65270,2390]},{"name":null,"type":0,"depth":187,"symbol":17,"clipDepth":0,"id":93,"matrix":[1,0,0,1,66290,2090]},{"name":null,"type":0,"depth":189,"symbol":17,"clipDepth":0,"id":94,"matrix":[1,0,0,1,59970,3550]},{"name":null,"type":0,"depth":191,"symbol":17,"clipDepth":0,"id":95,"matrix":[1,0,0,1,60550,4230]},{"name":null,"type":0,"depth":193,"symbol":17,"clipDepth":0,"id":96,"matrix":[1,0,0,1,61570,3930]},{"name":null,"type":0,"depth":195,"symbol":17,"clipDepth":0,"id":97,"matrix":[1,0,0,1,62770,3550]},{"name":null,"type":0,"depth":197,"symbol":17,"clipDepth":0,"id":98,"matrix":[1,0,0,1,62670,3930]},{"name":null,"type":0,"depth":199,"symbol":17,"clipDepth":0,"id":99,"matrix":[1,0,0,1,61570,3410]},{"name":null,"type":0,"depth":201,"symbol":17,"clipDepth":0,"id":100,"matrix":[1,0,0,1,67610,6510]},{"name":null,"type":0,"depth":203,"symbol":17,"clipDepth":0,"id":101,"matrix":[1,0,0,1,66710,7330]},{"name":null,"type":0,"depth":205,"symbol":17,"clipDepth":0,"id":102,"matrix":[1,0,0,1,68070,7430]},{"name":null,"type":0,"depth":207,"symbol":17,"clipDepth":0,"id":103,"matrix":[1,0,0,1,69090,7130]},{"name":null,"type":0,"depth":209,"symbol":17,"clipDepth":0,"id":104,"matrix":[1,0,0,1,71830,6970]},{"name":null,"type":0,"depth":211,"symbol":17,"clipDepth":0,"id":105,"matrix":[1,0,0,1,69670,7810]},{"name":null,"type":0,"depth":213,"symbol":17,"clipDepth":0,"id":106,"matrix":[1,0,0,1,70690,7510]},{"name":null,"type":0,"depth":215,"symbol":17,"clipDepth":0,"id":107,"matrix":[1,0,0,1,59010,590]},{"name":null,"type":0,"depth":217,"symbol":17,"clipDepth":0,"id":108,"matrix":[1,0,0,1,60030,-70]},{"name":null,"type":0,"depth":219,"symbol":17,"clipDepth":0,"id":109,"matrix":[1,0,0,1,60030,750]},{"name":null,"type":0,"depth":221,"symbol":17,"clipDepth":0,"id":110,"matrix":[1,0,0,1,61390,850]},{"name":null,"type":0,"depth":223,"symbol":17,"clipDepth":0,"id":111,"matrix":[1,0,0,1,62410,550]},{"name":null,"type":0,"depth":225,"symbol":17,"clipDepth":0,"id":112,"matrix":[1,0,0,1,62990,1230]},{"name":null,"type":0,"depth":227,"symbol":17,"clipDepth":0,"id":113,"matrix":[1,0,0,1,64010,930]},{"name":null,"type":0,"depth":229,"symbol":17,"clipDepth":0,"id":114,"matrix":[1,0,0,1,55550,1030]},{"name":null,"type":0,"depth":231,"symbol":17,"clipDepth":0,"id":115,"matrix":[1,0,0,1,56570,370]},{"name":null,"type":0,"depth":233,"symbol":17,"clipDepth":0,"id":116,"matrix":[1,0,0,1,56570,1190]},{"name":null,"type":0,"depth":235,"symbol":17,"clipDepth":0,"id":117,"matrix":[1,0,0,1,57930,1290]},{"name":null,"type":0,"depth":237,"symbol":17,"clipDepth":0,"id":118,"matrix":[1,0,0,1,58950,990]},{"name":null,"type":0,"depth":239,"symbol":17,"clipDepth":0,"id":119,"matrix":[1,0,0,1,59530,1670]},{"name":null,"type":0,"depth":241,"symbol":17,"clipDepth":0,"id":120,"matrix":[1,0,0,1,60550,1370]},{"name":null,"type":0,"depth":243,"symbol":17,"clipDepth":0,"id":121,"matrix":[1,0,0,1,65470,1010]},{"name":null,"type":0,"depth":245,"symbol":17,"clipDepth":0,"id":122,"matrix":[1,0,0,1,66490,350]},{"name":null,"type":0,"depth":247,"symbol":17,"clipDepth":0,"id":123,"matrix":[1,0,0,1,66490,1170]},{"name":null,"type":0,"depth":249,"symbol":17,"clipDepth":0,"id":124,"matrix":[1,0,0,1,67850,1270]},{"name":null,"type":0,"depth":251,"symbol":17,"clipDepth":0,"id":125,"matrix":[1,0,0,1,68870,970]},{"name":null,"type":0,"depth":253,"symbol":17,"clipDepth":0,"id":126,"matrix":[1,0,0,1,69450,1650]},{"name":null,"type":0,"depth":255,"symbol":17,"clipDepth":0,"id":127,"matrix":[1,0,0,1,70470,1350]},{"name":null,"type":0,"depth":257,"symbol":17,"clipDepth":0,"id":128,"matrix":[1,0,0,1,67030,1750]},{"name":null,"type":0,"depth":259,"symbol":17,"clipDepth":0,"id":129,"matrix":[1,0,0,1,68050,1090]},{"name":null,"type":0,"depth":261,"symbol":17,"clipDepth":0,"id":130,"matrix":[1,0,0,1,68050,1910]},{"name":null,"type":0,"depth":263,"symbol":17,"clipDepth":0,"id":131,"matrix":[1,0,0,1,69410,2010]},{"name":null,"type":0,"depth":265,"symbol":17,"clipDepth":0,"id":132,"matrix":[1,0,0,1,70430,1710]},{"name":null,"type":0,"depth":267,"symbol":17,"clipDepth":0,"id":133,"matrix":[1,0,0,1,71010,2390]},{"name":null,"type":0,"depth":269,"symbol":17,"clipDepth":0,"id":134,"matrix":[1,0,0,1,72030,2090]},{"name":null,"type":0,"depth":271,"symbol":17,"clipDepth":0,"id":135,"matrix":[1,0,0,1,51050,1690]},{"name":null,"type":0,"depth":273,"symbol":17,"clipDepth":0,"id":136,"matrix":[1,0,0,1,52070,1030]},{"name":null,"type":0,"depth":275,"symbol":17,"clipDepth":0,"id":137,"matrix":[1,0,0,1,52070,1850]},{"name":null,"type":0,"depth":277,"symbol":17,"clipDepth":0,"id":138,"matrix":[1,0,0,1,53430,1950]},{"name":null,"type":0,"depth":279,"symbol":17,"clipDepth":0,"id":139,"matrix":[1,0,0,1,54450,1650]},{"name":null,"type":0,"depth":281,"symbol":17,"clipDepth":0,"id":140,"matrix":[1,0,0,1,55030,2330]},{"name":null,"type":0,"depth":283,"symbol":17,"clipDepth":0,"id":141,"matrix":[1,0,0,1,56050,2030]},{"name":null,"type":0,"depth":285,"symbol":17,"clipDepth":0,"id":142,"matrix":[1,0,0,1,37430,1330]},{"name":null,"type":0,"depth":287,"symbol":17,"clipDepth":0,"id":143,"matrix":[1,0,0,1,37790,450]},{"name":null,"type":0,"depth":289,"symbol":17,"clipDepth":0,"id":144,"matrix":[1,0,0,1,38810,150]},{"name":null,"type":0,"depth":291,"symbol":17,"clipDepth":0,"id":145,"matrix":[1,0,0,1,38810,970]},{"name":null,"type":0,"depth":293,"symbol":17,"clipDepth":0,"id":146,"matrix":[1,0,0,1,40170,1070]},{"name":null,"type":0,"depth":295,"symbol":17,"clipDepth":0,"id":147,"matrix":[1,0,0,1,41190,770]},{"name":null,"type":0,"depth":297,"symbol":17,"clipDepth":0,"id":148,"matrix":[1,0,0,1,43930,610]},{"name":null,"type":0,"depth":299,"symbol":17,"clipDepth":0,"id":149,"matrix":[1,0,0,1,41770,1450]},{"name":null,"type":0,"depth":301,"symbol":17,"clipDepth":0,"id":150,"matrix":[1,0,0,1,42790,1150]},{"name":null,"type":0,"depth":303,"symbol":17,"clipDepth":0,"id":151,"matrix":[1,0,0,1,45310,350]},{"name":null,"type":0,"depth":305,"symbol":17,"clipDepth":0,"id":152,"matrix":[1,0,0,1,45310,1170]},{"name":null,"type":0,"depth":307,"symbol":17,"clipDepth":0,"id":153,"matrix":[1,0,0,1,46670,1270]},{"name":null,"type":0,"depth":309,"symbol":17,"clipDepth":0,"id":154,"matrix":[1,0,0,1,47690,970]},{"name":null,"type":0,"depth":311,"symbol":17,"clipDepth":0,"id":155,"matrix":[1,0,0,1,48270,1650]},{"name":null,"type":0,"depth":313,"symbol":17,"clipDepth":0,"id":156,"matrix":[1,0,0,1,49290,1350]},{"name":null,"type":0,"depth":315,"symbol":17,"clipDepth":0,"id":157,"matrix":[1,0,0,1,48930,750]},{"name":null,"type":0,"depth":317,"symbol":17,"clipDepth":0,"id":158,"matrix":[1,0,0,1,18910,1330]},{"name":null,"type":0,"depth":319,"symbol":17,"clipDepth":0,"id":159,"matrix":[1,0,0,1,19270,450]},{"name":null,"type":0,"depth":321,"symbol":17,"clipDepth":0,"id":160,"matrix":[1,0,0,1,20290,150]},{"name":null,"type":0,"depth":323,"symbol":17,"clipDepth":0,"id":161,"matrix":[1,0,0,1,20290,970]},{"name":null,"type":0,"depth":325,"symbol":17,"clipDepth":0,"id":162,"matrix":[1,0,0,1,21650,1070]},{"name":null,"type":0,"depth":327,"symbol":17,"clipDepth":0,"id":163,"matrix":[1,0,0,1,22670,770]},{"name":null,"type":0,"depth":329,"symbol":17,"clipDepth":0,"id":164,"matrix":[1,0,0,1,25410,610]},{"name":null,"type":0,"depth":331,"symbol":17,"clipDepth":0,"id":165,"matrix":[1,0,0,1,23250,1450]},{"name":null,"type":0,"depth":333,"symbol":17,"clipDepth":0,"id":166,"matrix":[1,0,0,1,24270,1150]},{"name":null,"type":0,"depth":335,"symbol":17,"clipDepth":0,"id":167,"matrix":[1,0,0,1,26790,350]},{"name":null,"type":0,"depth":337,"symbol":17,"clipDepth":0,"id":168,"matrix":[1,0,0,1,26790,1170]},{"name":null,"type":0,"depth":339,"symbol":17,"clipDepth":0,"id":169,"matrix":[1,0,0,1,28150,1270]},{"name":null,"type":0,"depth":341,"symbol":17,"clipDepth":0,"id":170,"matrix":[1,0,0,1,29170,970]},{"name":null,"type":0,"depth":343,"symbol":17,"clipDepth":0,"id":171,"matrix":[1,0,0,1,29750,1650]},{"name":null,"type":0,"depth":345,"symbol":17,"clipDepth":0,"id":172,"matrix":[1,0,0,1,30770,1350]},{"name":null,"type":0,"depth":347,"symbol":17,"clipDepth":0,"id":173,"matrix":[1,0,0,1,30410,750]},{"name":null,"type":0,"depth":349,"symbol":17,"clipDepth":0,"id":174,"matrix":[1,0,0,1,6350,1010]},{"name":null,"type":0,"depth":351,"symbol":17,"clipDepth":0,"id":175,"matrix":[1,0,0,1,6710,130]},{"name":null,"type":0,"depth":353,"symbol":17,"clipDepth":0,"id":176,"matrix":[1,0,0,1,7730,-170]},{"name":null,"type":0,"depth":355,"symbol":17,"clipDepth":0,"id":177,"matrix":[1,0,0,1,7730,650]},{"name":null,"type":0,"depth":357,"symbol":17,"clipDepth":0,"id":178,"matrix":[1,0,0,1,9090,750]},{"name":null,"type":0,"depth":359,"symbol":17,"clipDepth":0,"id":179,"matrix":[1,0,0,1,10110,450]},{"name":null,"type":0,"depth":361,"symbol":17,"clipDepth":0,"id":180,"matrix":[1,0,0,1,12850,290]},{"name":null,"type":0,"depth":363,"symbol":17,"clipDepth":0,"id":181,"matrix":[1,0,0,1,10690,1130]},{"name":null,"type":0,"depth":365,"symbol":17,"clipDepth":0,"id":182,"matrix":[1,0,0,1,11710,830]},{"name":null,"type":0,"depth":367,"symbol":17,"clipDepth":0,"id":183,"matrix":[1,0,0,1,14230,30]},{"name":null,"type":0,"depth":369,"symbol":17,"clipDepth":0,"id":184,"matrix":[1,0,0,1,14230,850]},{"name":null,"type":0,"depth":371,"symbol":17,"clipDepth":0,"id":185,"matrix":[1,0,0,1,15590,950]},{"name":null,"type":0,"depth":373,"symbol":17,"clipDepth":0,"id":186,"matrix":[1,0,0,1,16610,650]},{"name":null,"type":0,"depth":375,"symbol":17,"clipDepth":0,"id":187,"matrix":[1,0,0,1,17190,1330]},{"name":null,"type":0,"depth":377,"symbol":17,"clipDepth":0,"id":188,"matrix":[1,0,0,1,18210,1030]},{"name":null,"type":0,"depth":379,"symbol":17,"clipDepth":0,"id":189,"matrix":[1,0,0,1,17850,430]}]}]},{"type":5,"id":21,"frames":[{"objects":[{"name":null,"type":0,"depth":1,"symbol":17,"clipDepth":0,"id":0,"matrix":[1,0,0,1,43600,6780]},{"name":null,"type":0,"depth":3,"symbol":17,"clipDepth":0,"id":1,"matrix":[1,0,0,1,44940,6780]},{"name":null,"type":0,"depth":5,"symbol":17,"clipDepth":0,"id":2,"matrix":[1,0,0,1,39480,6780]},{"name":null,"type":0,"depth":7,"symbol":17,"clipDepth":0,"id":3,"matrix":[1,0,0,1,24460,6520]},{"name":null,"type":0,"depth":9,"symbol":17,"clipDepth":0,"id":4,"matrix":[1,0,0,1,26540,6520]},{"name":null,"type":0,"depth":11,"symbol":17,"clipDepth":0,"id":5,"matrix":[1,0,0,1,33780,6780]},{"name":null,"type":0,"depth":13,"symbol":17,"clipDepth":0,"id":6,"matrix":[1,0,0,1,29740,4680]},{"name":null,"type":0,"depth":15,"symbol":17,"clipDepth":0,"id":7,"matrix":[1,0,0,1,49620,6520]},{"name":null,"type":0,"depth":17,"symbol":17,"clipDepth":0,"id":8,"matrix":[1,0,0,1,57440,5500]},{"name":null,"type":0,"depth":19,"symbol":17,"clipDepth":0,"id":9,"matrix":[1,0,0,1,63040,6520]},{"name":null,"type":0,"depth":21,"symbol":17,"clipDepth":0,"id":10,"matrix":[1,0,0,1,67920,5320]},{"name":null,"type":0,"depth":23,"symbol":17,"clipDepth":0,"id":11,"matrix":[1,0,0,1,70380,5320]},{"name":null,"type":0,"depth":25,"symbol":17,"clipDepth":0,"id":12,"matrix":[1,0,0,1,37560,6780]},{"name":null,"type":0,"depth":27,"symbol":17,"clipDepth":0,"id":13,"matrix":[1,0,0,1,32420,4680]},{"name":null,"type":0,"depth":29,"symbol":17,"clipDepth":0,"id":14,"matrix":[1,0,0,1,19100,5140]},{"name":null,"type":0,"depth":31,"symbol":17,"clipDepth":0,"id":15,"matrix":[1,0,0,1,31040,6780]},{"name":null,"type":0,"depth":33,"symbol":17,"clipDepth":0,"id":16,"matrix":[1,0,0,1,41040,5500]},{"name":null,"type":0,"depth":35,"symbol":17,"clipDepth":0,"id":17,"matrix":[1,0,0,1,51920,6520]},{"name":null,"type":0,"depth":37,"symbol":17,"clipDepth":0,"id":18,"matrix":[1,0,0,1,35820,6780]},{"name":null,"type":0,"depth":39,"symbol":17,"clipDepth":0,"id":19,"matrix":[1,0,0,1,23020,5140]}]}]},{"type":5,"id":20,"frames":[{"objects":[{"name":null,"type":0,"depth":1,"symbol":17,"clipDepth":0,"id":0,"matrix":[1,0,0,1,33240,4640]},{"name":null,"type":0,"depth":3,"symbol":17,"clipDepth":0,"id":1,"matrix":[1,0,0,1,18820,5340]},{"name":null,"type":0,"depth":5,"symbol":17,"clipDepth":0,"id":2,"matrix":[1,0,0,1,44080,6800]},{"name":null,"type":0,"depth":7,"symbol":17,"clipDepth":0,"id":3,"matrix":[1,0,0,1,51160,6800]},{"name":null,"type":0,"depth":9,"symbol":17,"clipDepth":0,"id":4,"matrix":[1,0,0,1,56420,5340]},{"name":null,"type":0,"depth":11,"symbol":17,"clipDepth":0,"id":5,"matrix":[1,0,0,1,62100,6800]},{"name":null,"type":0,"depth":13,"symbol":17,"clipDepth":0,"id":6,"matrix":[1,0,0,1,66720,5140]},{"name":null,"type":0,"depth":15,"symbol":17,"clipDepth":0,"id":7,"matrix":[1,0,0,1,36220,6800]},{"name":null,"type":0,"depth":17,"symbol":17,"clipDepth":0,"id":8,"matrix":[1,0,0,1,38920,6800]},{"name":null,"type":0,"depth":19,"symbol":17,"clipDepth":0,"id":9,"matrix":[1,0,0,1,49280,6800]}]}]},{"type":5,"id":19,"frames":[{"objects":[{"name":null,"type":0,"depth":1,"symbol":17,"clipDepth":0,"id":0,"matrix":[1,0,0,1,4400,6400]},{"name":null,"type":0,"depth":3,"symbol":17,"clipDepth":0,"id":1,"matrix":[1,0,0,1,4400,6400]},{"name":null,"type":0,"depth":5,"symbol":17,"clipDepth":0,"id":2,"matrix":[1,0,0,1,4400,6400]},{"name":null,"type":0,"depth":7,"symbol":17,"clipDepth":0,"id":3,"matrix":[1,0,0,1,4400,6400]},{"name":null,"type":0,"depth":9,"symbol":17,"clipDepth":0,"id":4,"matrix":[1,0,0,1,4400,6400]},{"name":null,"type":0,"depth":11,"symbol":17,"clipDepth":0,"id":5,"matrix":[1,0,0,1,4400,6400]},{"name":null,"type":0,"depth":13,"symbol":17,"clipDepth":0,"id":6,"matrix":[1,0,0,1,4400,6400]},{"name":null,"type":0,"depth":15,"symbol":17,"clipDepth":0,"id":7,"matrix":[1,0,0,1,4400,6400]},{"name":null,"type":0,"depth":17,"symbol":17,"clipDepth":0,"id":8,"matrix":[1,0,0,1,4400,6400]},{"name":null,"type":0,"depth":19,"symbol":17,"clipDepth":0,"id":9,"matrix":[1,0,0,1,4400,6400]},{"name":null,"type":0,"depth":21,"symbol":17,"clipDepth":0,"id":10,"matrix":[1,0,0,1,4400,6400]},{"name":null,"type":0,"depth":23,"symbol":17,"clipDepth":0,"id":11,"matrix":[1,0,0,1,4400,6400]},{"name":null,"type":0,"depth":25,"symbol":17,"clipDepth":0,"id":12,"matrix":[1,0,0,1,4400,6400]},{"name":null,"type":0,"depth":27,"symbol":17,"clipDepth":0,"id":13,"matrix":[1,0,0,1,4400,6400]},{"name":null,"type":0,"depth":29,"symbol":17,"clipDepth":0,"id":14,"matrix":[1,0,0,1,4400,6400]},{"name":null,"type":0,"depth":31,"symbol":17,"clipDepth":0,"id":15,"matrix":[1,0,0,1,4400,6400]},{"name":null,"type":0,"depth":33,"symbol":17,"clipDepth":0,"id":16,"matrix":[1,0,0,1,4400,6400]},{"name":null,"type":0,"depth":35,"symbol":17,"clipDepth":0,"id":17,"matrix":[1,0,0,1,4400,6400]},{"name":null,"type":0,"depth":37,"symbol":17,"clipDepth":0,"id":18,"matrix":[1,0,0,1,4400,6400]},{"name":null,"type":0,"depth":39,"symbol":17,"clipDepth":0,"id":19,"matrix":[1,0,0,1,4400,6400]}]}]},{"type":5,"id":18,"frames":[{"objects":[{"name":null,"type":0,"depth":1,"symbol":17,"clipDepth":0,"id":0,"matrix":[1,0,0,1,49970,6110]},{"name":null,"type":0,"depth":3,"symbol":17,"clipDepth":0,"id":1,"matrix":[1,0,0,1,5350,6270]},{"name":null,"type":0,"depth":5,"symbol":17,"clipDepth":0,"id":2,"matrix":[1,0,0,1,7470,5710]},{"name":null,"type":0,"depth":7,"symbol":17,"clipDepth":0,"id":3,"matrix":[1,0,0,1,31830,4430]},{"name":null,"type":0,"depth":9,"symbol":17,"clipDepth":0,"id":4,"matrix":[1,0,0,1,37910,6270]},{"name":null,"type":0,"depth":11,"symbol":17,"clipDepth":0,"id":5,"matrix":[1,0,0,1,24630,6110]},{"name":null,"type":0,"depth":13,"symbol":17,"clipDepth":0,"id":6,"matrix":[1,0,0,1,68030,4670]},{"name":null,"type":0,"depth":15,"symbol":17,"clipDepth":0,"id":7,"matrix":[1,0,0,1,30050,4430]},{"name":null,"type":0,"depth":17,"symbol":17,"clipDepth":0,"id":8,"matrix":[1,0,0,1,66750,4670]},{"name":null,"type":0,"depth":19,"symbol":17,"clipDepth":0,"id":9,"matrix":[1,0,0,1,42830,6110]},{"name":null,"type":0,"depth":21,"symbol":17,"clipDepth":0,"id":10,"matrix":[1,0,0,1,51730,6110]},{"name":null,"type":0,"depth":23,"symbol":17,"clipDepth":0,"id":11,"matrix":[1,0,0,1,36710,6290]},{"name":null,"type":0,"depth":25,"symbol":17,"clipDepth":0,"id":12,"matrix":[1,0,0,1,62790,6110]},{"name":null,"type":0,"depth":27,"symbol":17,"clipDepth":0,"id":13,"matrix":[1,0,0,1,48470,6110]},{"name":null,"type":0,"depth":29,"symbol":17,"clipDepth":0,"id":14,"matrix":[1,0,0,1,10510,6270]},{"name":null,"type":0,"depth":31,"symbol":17,"clipDepth":0,"id":15,"matrix":[1,0,0,1,61210,6110]},{"name":null,"type":0,"depth":33,"symbol":17,"clipDepth":0,"id":16,"matrix":[1,0,0,1,25670,6110]},{"name":null,"type":0,"depth":35,"symbol":17,"clipDepth":0,"id":17,"matrix":[1,0,0,1,44310,6110]},{"name":null,"type":0,"depth":37,"symbol":17,"clipDepth":0,"id":18,"matrix":[1,0,0,1,33490,4390]},{"name":null,"type":0,"depth":39,"symbol":17,"clipDepth":0,"id":19,"matrix":[1,0,0,1,9310,6270]}]}]},{"type":5,"id":17,"frames":[{}]},{"type":4,"id":16,"commands":[3,5,0,15,[1,0,0,1,0,-180],false,true,8,0,-180,7,37080,-180,7,74160,-180,7,74160,11220,7,37080,11220,7,0,11220,7,0,-180,5]},{"path":"symbols/15.jpg","type":0,"id":15,"alpha":"symbols/15a.png"},{"type":5,"className":"com.darkness.tdp4.maps.view.MapGFX","baseClassName":null,"id":14,"frames":[{"objects":[{"name":null,"type":0,"depth":1,"symbol":13,"clipDepth":0,"id":0,"matrix":[1,0,0,1,0,0]}]}]},{"type":4,"id":13,"commands":[3,5,0,12,[1,0,0,1,0,-180],false,true,8,0,-180,7,37080,-180,7,74160,-180,7,74160,11220,7,37080,11220,7,0,11220,7,0,-180,5]},{"path":"symbols/12.jpg","type":0,"id":12,"alpha":"symbols/12a.png"},{"type":5,"className":"com.darkness.tdp4.maps.view.MapPolygonContainer","baseClassName":null,"id":11,"frames":[{"objects":[{"name":null,"type":0,"depth":1,"symbol":2,"clipDepth":0,"id":0,"matrix":[15.471435546875,0,0,45.7626647949219,-391,5164]},{"name":null,"type":0,"depth":3,"symbol":2,"clipDepth":0,"id":1,"matrix":[183.902786254883,-0.000946044921875,0.0495758056640625,17.7151031494141,36369,10918]},{"name":null,"type":0,"depth":5,"symbol":2,"clipDepth":0,"id":2,"matrix":[1.69889831542969,0,0,9.73251342773438,21800,2928]},{"name":null,"type":0,"depth":7,"symbol":2,"clipDepth":0,"id":3,"matrix":[26.2020416259766,0,0,6.09678649902344,18101,7180]},{"name":null,"type":0,"depth":9,"symbol":2,"clipDepth":0,"id":4,"matrix":[3.10504150390625,0,0,4.13107299804688,12377,7610]},{"name":null,"type":0,"depth":11,"symbol":2,"clipDepth":0,"id":5,"matrix":[1.3541259765625,0,0,14.9981842041016,28128,3900]},{"name":null,"type":0,"depth":13,"symbol":2,"clipDepth":0,"id":6,"matrix":[13.0567779541016,0,0,1.8575439453125,31010,5728]},{"name":null,"type":0,"depth":15,"symbol":2,"clipDepth":0,"id":7,"matrix":[2.55595397949219,1.47569274902344,-0.299530029296875,0.518814086914062,34020,5700]},{"name":null,"type":0,"depth":17,"symbol":2,"clipDepth":0,"id":8,"matrix":[2.43194580078125,2.09552001953125,-0.391021728515625,0.45379638671875,42016,6976]},{"name":null,"type":0,"depth":19,"symbol":2,"clipDepth":0,"id":9,"matrix":[-2.54966735839844,2.16119384765625,-0.3873291015625,-0.456954956054688,40335,6987]},{"name":null,"type":0,"depth":21,"symbol":2,"clipDepth":0,"id":10,"matrix":[2.12211608886719,1.52587890625e-05,0,0.59906005859375,41197,6640]},{"name":null,"type":0,"depth":23,"symbol":2,"clipDepth":0,"id":11,"matrix":[6.86537170410156,3.96379089355469,-0.299530029296875,0.518798828125,59135,6724]},{"name":null,"type":0,"depth":25,"symbol":2,"clipDepth":0,"id":12,"matrix":[-8.35728454589844,4.07568359375,-0.262542724609375,-0.538314819335938,54114,6721]},{"name":null,"type":0,"depth":27,"symbol":2,"clipDepth":0,"id":13,"matrix":[5.35923767089844,3.0517578125e-05,0,0.59906005859375,56788,5979]},{"name":null,"type":0,"depth":29,"symbol":2,"clipDepth":0,"id":14,"matrix":[-8.29766845703125,4.04661560058594,-0.262542724609375,-0.538314819335938,64829,6702]},{"name":null,"type":0,"depth":31,"symbol":2,"clipDepth":0,"id":15,"matrix":[11.9899597167969,7.62939453125e-05,0,0.59906005859375,68816,5939]},{"name":null,"type":0,"depth":33,"symbol":2,"clipDepth":0,"id":16,"matrix":[17.1620025634766,0,0,49.5389862060547,74529,6085]},{"name":null,"type":0,"depth":35,"symbol":2,"clipDepth":0,"id":17,"matrix":[1.24868774414062,0,0,3.7972412109375,44190,4142]},{"name":null,"type":0,"depth":37,"symbol":2,"clipDepth":0,"id":18,"matrix":[1.24868774414062,0,0,2.58908081054688,48320,4020]},{"name":null,"type":0,"depth":39,"symbol":2,"clipDepth":0,"id":19,"matrix":[0.974655151367188,0,0,1.84585571289062,51905,3970]},{"name":null,"type":0,"depth":41,"symbol":2,"clipDepth":0,"id":20,"matrix":[2.08073425292969,1.52587890625e-05,1.52587890625e-05,0.599075317382812,34045,5980]},{"name":null,"type":0,"depth":43,"symbol":2,"clipDepth":0,"id":21,"matrix":[9.771728515625,5.02767944335938,-0.274032592773438,0.5325927734375,58663,3730]},{"name":null,"type":0,"depth":45,"symbol":2,"clipDepth":0,"id":22,"matrix":[-10.2203826904297,4.98428344726562,-0.262542724609375,-0.538314819335938,64443,3692]},{"name":null,"type":0,"depth":47,"symbol":2,"clipDepth":0,"id":23,"matrix":[4.83856201171875,0.0035858154296875,-0.00042724609375,0.598159790039062,61531,4834]},{"name":null,"type":0,"depth":49,"symbol":2,"clipDepth":0,"id":24,"matrix":[0.6387939453125,0,0,6.45391845703125,28492,4115]},{"name":null,"type":0,"depth":51,"symbol":2,"clipDepth":0,"id":25,"matrix":[1.74009704589844,0,0,1.84201049804688,6632,7008]},{"name":null,"type":0,"depth":53,"symbol":2,"clipDepth":0,"id":26,"matrix":[2.49082946777344,0,0,1.49749755859375,7461,7080]},{"name":null,"type":0,"depth":55,"symbol":2,"clipDepth":0,"id":27,"matrix":[2.09385681152344,0.0048370361328125,0,1.95050048828125,16921,5651]},{"name":null,"type":0,"depth":57,"symbol":2,"clipDepth":0,"id":28,"matrix":[4.70069885253906,0,0,1.95050048828125,46811,7011]},{"name":null,"type":0,"depth":59,"symbol":2,"clipDepth":0,"id":29,"matrix":[0.448348999023438,-0.38934326171875,0.195022583007812,0.224594116210938,16446,5354]},{"name":null,"type":0,"depth":61,"symbol":2,"clipDepth":0,"id":30,"matrix":[0.453140258789062,0,0,1.74783325195312,16430,5730]},{"name":null,"type":0,"depth":63,"symbol":2,"clipDepth":0,"id":31,"matrix":[0.498794555664062,0,0,1.74783325195312,17420,5740]},{"name":null,"type":0,"depth":65,"symbol":2,"clipDepth":0,"id":32,"matrix":[0.523910522460938,0.353759765625,-0.166458129882812,0.246505737304688,17400,5360]},{"name":null,"type":0,"depth":67,"symbol":2,"clipDepth":0,"id":33,"matrix":[6.49504089355469,0,0,3.04324340820312,56802,6712]},{"name":null,"type":0,"depth":69,"symbol":2,"clipDepth":0,"id":34,"matrix":[0,-1.24868774414062,4.20599365234375,0,54680,7079]},{"name":null,"type":0,"depth":71,"symbol":2,"clipDepth":0,"id":35,"matrix":[2.0240478515625,0,0,1.08258056640625,55116,6622]},{"name":null,"type":0,"depth":73,"symbol":2,"clipDepth":0,"id":36,"matrix":[0,-1.24868774414062,3.50677490234375,0,58799,7064]},{"name":null,"type":0,"depth":75,"symbol":2,"clipDepth":0,"id":37,"matrix":[1.71615600585938,0,0,1.08258056640625,58415,6604]},{"name":null,"type":0,"depth":77,"symbol":2,"clipDepth":0,"id":38,"matrix":[12.6144714355469,0,0,3.26847839355469,68580,6703]},{"name":null,"type":0,"depth":79,"symbol":2,"clipDepth":0,"id":39,"matrix":[-0.973037719726562,-2.4140625,6.62176513671875,-2.66899108886719,65332,7103]},{"name":null,"type":0,"depth":81,"symbol":2,"clipDepth":0,"id":40,"matrix":[11.0009765625,0,0,3.46929931640625,61503,3425]},{"name":null,"type":0,"depth":83,"symbol":2,"clipDepth":0,"id":41,"matrix":[3.51481628417969,0,0,1.4921875,58626,3074]},{"name":null,"type":0,"depth":85,"symbol":2,"clipDepth":0,"id":42,"matrix":[4.9859619140625,0,0,2.05223083496094,61505,4350]},{"name":null,"type":0,"depth":87,"symbol":2,"clipDepth":0,"id":43,"matrix":[3.97726440429688,0,0,1.4921875,64447,3080]},{"name":null,"type":0,"depth":89,"symbol":2,"clipDepth":0,"id":44,"matrix":[6.35557556152344,-3.27447509765625,0.623504638671875,1.21017456054688,63588,3701]},{"name":null,"type":0,"depth":91,"symbol":2,"clipDepth":0,"id":45,"matrix":[2.16162109375,0,0,1.14639282226562,58964,3520]},{"name":null,"type":0,"depth":93,"symbol":2,"clipDepth":0,"id":46,"matrix":[8.7183837890625,4.52293395996094,-0.594589233398438,1.14608764648438,58988,3535]},{"name":null,"type":0,"depth":95,"symbol":2,"clipDepth":0,"id":47,"matrix":[2.16162109375,0,0,1.14639282226562,57864,2940]},{"name":null,"type":0,"depth":97,"symbol":2,"clipDepth":0,"id":48,"matrix":[2.16162109375,0,0,1.14639282226562,65280,2940]},{"name":null,"type":0,"depth":99,"symbol":2,"clipDepth":0,"id":49,"matrix":[2.88592529296875,0,0,1.4755859375,41182,7045]},{"name":null,"type":0,"depth":101,"symbol":2,"clipDepth":0,"id":50,"matrix":[171.924072265625,0,0,17.0662536621094,36819,-553]},{"name":null,"type":0,"depth":103,"symbol":2,"clipDepth":0,"id":51,"matrix":[0.152084350585938,0.2322998046875,-0.3525390625,0.23077392578125,45850,6692]},{"name":null,"type":0,"depth":105,"symbol":2,"clipDepth":0,"id":52,"matrix":[0.40869140625,-0.603912353515625,0.30181884765625,0.204254150390625,47726,6758]},{"name":null,"type":0,"depth":107,"symbol":2,"clipDepth":0,"id":53,"matrix":[0.2344970703125,0,0,-1.7509765625,47792,7032]},{"name":null,"type":0,"depth":109,"symbol":2,"clipDepth":0,"id":54,"matrix":[0.26416015625,0,0,-2.280517578125,45826,7155]},{"name":null,"type":0,"depth":111,"symbol":2,"clipDepth":0,"id":55,"matrix":[0.1268310546875,0.0856170654296875,-0.166458129882812,0.246505737304688,23300,6004]},{"name":null,"type":0,"depth":113,"symbol":2,"clipDepth":0,"id":56,"matrix":[0.18865966796875,-0.163818359375,0.195022583007812,0.224594116210938,12920,6009]},{"name":null,"type":0,"depth":115,"symbol":2,"clipDepth":0,"id":57,"matrix":[0.18865966796875,-0.163818359375,0.195022583007812,0.224594116210938,11775,6829]},{"name":null,"type":0,"depth":117,"symbol":2,"clipDepth":0,"id":58,"matrix":[0.18865966796875,-0.163818359375,0.195022583007812,0.224594116210938,6295,6689]},{"name":null,"type":0,"depth":119,"symbol":2,"clipDepth":0,"id":59,"matrix":[0.18865966796875,-0.163818359375,0.453857421875,0.522689819335938,7008,6735]},{"name":null,"type":0,"depth":121,"symbol":2,"clipDepth":0,"id":60,"matrix":[0.13983154296875,-0.207061767578125,0.168136596679688,0.113525390625,7945,6810]},{"name":null,"type":0,"depth":123,"symbol":2,"clipDepth":0,"id":61,"matrix":[2.1339111328125,0,0,0.5238037109375,41190,6605]},{"name":null,"type":0,"depth":125,"symbol":2,"clipDepth":0,"id":62,"matrix":[0.638671875,-0.011138916015625,0.112655639648438,6.45292663574219,23248,7274]},{"name":null,"type":0,"depth":127,"symbol":2,"clipDepth":0,"id":63,"matrix":[0.88885498046875,0.51318359375,-0.299530029296875,0.518814086914062,21700,4898]},{"name":null,"type":0,"depth":129,"symbol":2,"clipDepth":0,"id":64,"matrix":[-0.806060791015625,0.6007080078125,0.35797119140625,0.4803466796875,21907,4882]},{"name":null,"type":0,"depth":131,"symbol":2,"clipDepth":0,"id":65,"matrix":[0.63720703125,0.0447235107421875,-0.452072143554688,6.43800354003906,22105,3546]},{"name":null,"type":0,"depth":133,"symbol":2,"clipDepth":0,"id":66,"matrix":[-0.63653564453125,0.05316162109375,0.537353515625,6.43145751953125,21484,3600]}]}]},{"type":5,"className":"com.darkness.tdp4.maps.view.MapGFXBack","baseClassName":null,"id":10,"frames":[{"objects":[{"name":null,"type":0,"depth":1,"symbol":9,"clipDepth":0,"id":0,"matrix":[1,0,0,1,0,0]}]}]},{"type":4,"id":9,"commands":[3,5,1,39423,1,8,64810,3378,4,64787,3390,64765,3401,7,64812,3378,7,64810,3378,8,66439,5819,7,71097,5819,7,71097,2860,7,66423,2860,7,62499,4774,7,62499,4955,7,60563,4953,7,60563,4841,7,60562,4843,7,56711,2860,7,28620,2860,7,28620,5356,7,33621,5356,7,33621,5361,7,34643,5951,7,34523,6159,7,34421,6100,7,33629,6100,7,33629,5860,7,34005,5860,7,33621,5639,7,33621,6100,7,28399,6100,7,28399,6900,7,27857,6900,7,27857,2860,7,22140,2860,7,22140,4914,7,21460,4914,7,21460,2860,7,2700,2860,7,2700,7380,7,6284,7375,7,6284,6640,7,6980,6640,7,6980,6781,7,7959,6781,7,7959,7375,7,11756,7375,7,11756,6784,7,12900,6784,7,12900,5961,7,16339,5961,7,16339,5380,7,16352,5380,7,16496,5256,7,16502,5263,7,16502,5261,7,17340,5261,7,17340,5265,7,17341,5263,7,17511,5379,7,17511,5380,7,17514,5380,7,17514,5961,7,23302,5961,7,23302,7375,7,40001,7375,7,39958,7332,7,40792,6498,7,40814,6520,7,41621,6520,7,41621,6554,7,42442,7375,7,45806,7375,7,45806,6610,7,47818,6610,7,47818,7375,7,52745,7375,7,52717,7319,7,55729,5849,7,55734,5859,7,57860,5859,7,57860,5869,7,57866,5858,7,60462,7358,7,60452,7375,7,63366,7375,7,63337,7317,7,66433,5807,7,66439,5819,8,74339,160,7,74338,9602,7,37328,9602,7,320,9602,7,320,160,7,37329,160,7,74339,160,8,63880,7320,7,63767,7375,7,63902,7375,7,63880,7320,8,55758,6103,7,57810,6103,7,57803,6099,7,55766,6099,7,55758,6103,8,52100,4339,7,51710,4339,7,51710,3601,7,52100,3601,7,52100,4339,8,48570,3502,7,48570,4538,7,48070,4538,7,48070,3502,7,48570,3502,8,44440,3383,7,44440,4901,7,43940,4901,7,43940,3383,7,44440,3383,5]},{"type":5,"className":"com.darkness.tdp4.maps.view.MapTestPolygonContainer","baseClassName":null,"id":8,"frames":[{"objects":[{"name":null,"type":0,"depth":1,"symbol":2,"clipDepth":0,"id":0,"matrix":[24.3298950195312,0.1324462890625,0.032470703125,-5.87481689453125,18032,7440]},{"name":null,"type":0,"depth":3,"symbol":2,"clipDepth":0,"id":1,"matrix":[3.32858276367188,0.01812744140625,0.0203094482421875,-3.6754150390625,7109,7682]},{"name":null,"type":0,"depth":5,"symbol":2,"clipDepth":0,"id":2,"matrix":[2.16984558105469,0.011810302734375,0.0124969482421875,-2.26068115234375,41165,7210]},{"name":null,"type":0,"depth":7,"symbol":2,"clipDepth":0,"id":3,"matrix":[3.90843200683594,0.0212860107421875,0.0124969482421875,-2.26068115234375,46818,7222]},{"name":null,"type":0,"depth":9,"symbol":2,"clipDepth":0,"id":4,"matrix":[7.3583984375,0.040069580078125,0.0169677734375,-3.06927490234375,56688,7044]},{"name":null,"type":0,"depth":11,"symbol":2,"clipDepth":0,"id":5,"matrix":[11.1663818359375,0.0608062744140625,0.0194854736328125,-3.52543640136719,68750,6873]},{"name":null,"type":0,"depth":13,"symbol":2,"clipDepth":0,"id":6,"matrix":[11.1663818359375,0.0608062744140625,0.0316314697265625,-5.72221374511719,61558,2774]}]}]},{"type":5,"className":"com.darkness.tdp4.maps.view.MapBGS","baseClassName":null,"id":7,"frames":[{"objects":[{"name":null,"type":0,"depth":1,"symbol":6,"clipDepth":0,"id":0,"matrix":[1,0,0,1,0,0]}]}]},{"type":5,"id":6,"frames":[{"objects":[{"type":0,"depth":0,"symbol":5,"clipDepth":0,"id":0,"visible":true,"matrix":[1,0,0,1,0,0]}]}]},{"path":"symbols/5.jpg","type":0,"id":5},{"type":5,"className":"com.darkness.tdp4.maps.view.GameMap","baseClassName":null,"id":32,"frames":[{"objects":[{"name":null,"type":0,"depth":1,"symbol":31,"clipDepth":0,"id":0,"matrix":[1,0,0,1,-50000,-10000]},{"name":null,"type":0,"depth":558,"symbol":14,"clipDepth":0,"id":1,"matrix":[1,0,0,1,-50000,-10000]},{"name":null,"type":0,"depth":560,"symbol":11,"clipDepth":0,"id":2,"matrix":[1,0,0,1,-50000,-10000]},{"name":null,"type":0,"depth":694,"symbol":10,"clipDepth":0,"id":3,"visible":false,"matrix":[1,0,0,1,-50000,-10000]},{"name":null,"type":0,"depth":696,"symbol":8,"clipDepth":0,"id":4,"visible":false,"matrix":[1,0,0,1,-50000,-10000]}]}]},{"type":5,"className":"com.darkness.tdp4.maps.view.MapTop","baseClassName":null,"id":4,"frames":[{}]},{"type":5,"className":"com.darkness.tdp4.maps.view.Map","baseClassName":null,"id":31,"frames":[{"objects":[{"name":null,"type":0,"depth":1,"symbol":16,"clipDepth":0,"id":0,"matrix":[1,0,0,1,0,0]},{"name":"respawnCon","type":0,"depth":2,"symbol":18,"clipDepth":0,"id":1,"matrix":[1,0,0,1,0,0]},{"name":"singlePlayerRespawnCon","type":0,"depth":42,"symbol":19,"clipDepth":0,"id":2,"matrix":[1,0,0,1,0,0]},{"name":"turretRespawn","type":0,"depth":82,"symbol":20,"clipDepth":0,"id":3,"matrix":[1,0,0,1,0,0]},{"name":"botRespawn","type":0,"depth":102,"symbol":21,"clipDepth":0,"id":4,"matrix":[1,0,0,1,0,0]},{"name":"controllPointsCon","type":0,"depth":142,"symbol":22,"clipDepth":0,"id":5,"matrix":[1,0,0,1,0,0]},{"name":"waypoint_0","type":0,"depth":522,"symbol":24,"clipDepth":0,"id":6,"matrix":[0.58050537109375,0,0,2.5625,54180,4300]},{"name":"waypoint_1","type":0,"depth":524,"symbol":24,"clipDepth":0,"id":7,"matrix":[0.58050537109375,0,0,2.5625,60540,4300]},{"name":"waypoint_2","type":0,"depth":526,"symbol":24,"clipDepth":0,"id":8,"matrix":[0.58050537109375,0,0,2.5625,44135,4013]},{"name":"waypoint_3","type":0,"depth":528,"symbol":24,"clipDepth":0,"id":9,"matrix":[0.58050537109375,0,0,2.5625,3734,5380]},{"name":"waypoint_4","type":0,"depth":530,"symbol":24,"clipDepth":0,"id":10,"matrix":[0.58050537109375,0,0,2.5625,37474,5380]},{"name":"waypoint_5","type":0,"depth":532,"symbol":24,"clipDepth":0,"id":11,"matrix":[0.58050537109375,0,0,2.5625,24994,5160]},{"name":"waypoint_6","type":0,"depth":534,"symbol":24,"clipDepth":0,"id":12,"matrix":[0.58050537109375,0,0,2.5625,48694,3227]},{"name":"itemCon","type":0,"depth":536,"symbol":25,"clipDepth":0,"id":13,"matrix":[1,0,0,1,0,0]},{"name":"flagBaseCon","type":0,"depth":556,"symbol":30,"clipDepth":0,"id":14,"matrix":[1,0,0,1,0,0]}]}]},{"type":5,"className":"com.darkness.tdp4.maps.view.MapBulletProofPolygonContainer","baseClassName":null,"id":3,"frames":[{"objects":[{"name":null,"type":0,"depth":1,"symbol":2,"clipDepth":0,"id":0,"matrix":[15.471435546875,0,0,45.7626647949219,-391,5164]},{"name":null,"type":0,"depth":3,"symbol":2,"clipDepth":0,"id":1,"matrix":[183.902786254883,-0.000946044921875,0.0495758056640625,17.7151031494141,36369,10918]},{"name":null,"type":0,"depth":5,"symbol":2,"clipDepth":0,"id":2,"matrix":[1.69889831542969,0,0,9.73251342773438,21800,2928]},{"name":null,"type":0,"depth":7,"symbol":2,"clipDepth":0,"id":3,"matrix":[26.2020416259766,0,0,6.09678649902344,18101,7180]},{"name":null,"type":0,"depth":9,"symbol":2,"clipDepth":0,"id":4,"matrix":[3.10504150390625,0,0,4.13107299804688,12377,7610]},{"name":null,"type":0,"depth":11,"symbol":2,"clipDepth":0,"id":5,"matrix":[1.3541259765625,0,0,14.9981842041016,28128,3900]},{"name":null,"type":0,"depth":13,"symbol":2,"clipDepth":0,"id":6,"matrix":[13.0567779541016,0,0,1.8575439453125,31010,5728]},{"name":null,"type":0,"depth":15,"symbol":2,"clipDepth":0,"id":7,"matrix":[2.55595397949219,1.47569274902344,-0.299530029296875,0.518814086914062,34020,5700]},{"name":null,"type":0,"depth":17,"symbol":2,"clipDepth":0,"id":8,"matrix":[2.43194580078125,2.09552001953125,-0.391021728515625,0.45379638671875,42016,6976]},{"name":null,"type":0,"depth":19,"symbol":2,"clipDepth":0,"id":9,"matrix":[-2.54966735839844,2.16119384765625,-0.3873291015625,-0.456954956054688,40335,6987]},{"name":null,"type":0,"depth":21,"symbol":2,"clipDepth":0,"id":10,"matrix":[2.12211608886719,1.52587890625e-05,0,0.59906005859375,41197,6640]},{"name":null,"type":0,"depth":23,"symbol":2,"clipDepth":0,"id":11,"matrix":[6.86537170410156,3.96379089355469,-0.299530029296875,0.518798828125,59135,6724]},{"name":null,"type":0,"depth":25,"symbol":2,"clipDepth":0,"id":12,"matrix":[-8.35728454589844,4.07568359375,-0.262542724609375,-0.538314819335938,54114,6721]},{"name":null,"type":0,"depth":27,"symbol":2,"clipDepth":0,"id":13,"matrix":[5.35923767089844,3.0517578125e-05,0,0.59906005859375,56788,5979]},{"name":null,"type":0,"depth":29,"symbol":2,"clipDepth":0,"id":14,"matrix":[-8.29766845703125,4.04661560058594,-0.262542724609375,-0.538314819335938,64829,6702]},{"name":null,"type":0,"depth":31,"symbol":2,"clipDepth":0,"id":15,"matrix":[11.9899597167969,7.62939453125e-05,0,0.59906005859375,68816,5939]},{"name":null,"type":0,"depth":33,"symbol":2,"clipDepth":0,"id":16,"matrix":[17.1620025634766,0,0,49.5389862060547,74529,6085]},{"name":null,"type":0,"depth":35,"symbol":2,"clipDepth":0,"id":17,"matrix":[1.24868774414062,0,0,3.7972412109375,44190,4142]},{"name":null,"type":0,"depth":37,"symbol":2,"clipDepth":0,"id":18,"matrix":[1.24868774414062,0,0,2.58908081054688,48320,4020]},{"name":null,"type":0,"depth":39,"symbol":2,"clipDepth":0,"id":19,"matrix":[0.974655151367188,0,0,1.84585571289062,51905,3970]},{"name":null,"type":0,"depth":41,"symbol":2,"clipDepth":0,"id":20,"matrix":[2.08073425292969,1.52587890625e-05,1.52587890625e-05,0.599075317382812,34045,5980]},{"name":null,"type":0,"depth":43,"symbol":2,"clipDepth":0,"id":21,"matrix":[9.771728515625,5.02767944335938,-0.274032592773438,0.5325927734375,58663,3730]},{"name":null,"type":0,"depth":45,"symbol":2,"clipDepth":0,"id":22,"matrix":[-10.2203826904297,4.98428344726562,-0.262542724609375,-0.538314819335938,64443,3692]},{"name":null,"type":0,"depth":47,"symbol":2,"clipDepth":0,"id":23,"matrix":[4.83856201171875,0.0035858154296875,-0.00042724609375,0.598159790039062,61531,4834]},{"name":null,"type":0,"depth":49,"symbol":2,"clipDepth":0,"id":24,"matrix":[0.6387939453125,0,0,6.45391845703125,28492,4115]},{"name":null,"type":0,"depth":51,"symbol":2,"clipDepth":0,"id":25,"matrix":[1.74009704589844,0,0,1.84201049804688,6632,7008]},{"name":null,"type":0,"depth":53,"symbol":2,"clipDepth":0,"id":26,"matrix":[2.49082946777344,0,0,1.49749755859375,7461,7080]},{"name":null,"type":0,"depth":55,"symbol":2,"clipDepth":0,"id":27,"matrix":[2.09385681152344,0.0048370361328125,0,1.95050048828125,16921,5651]},{"name":null,"type":0,"depth":57,"symbol":2,"clipDepth":0,"id":28,"matrix":[4.70069885253906,0,0,1.95050048828125,46811,7011]},{"name":null,"type":0,"depth":59,"symbol":2,"clipDepth":0,"id":29,"matrix":[0.448348999023438,-0.38934326171875,0.195022583007812,0.224594116210938,16446,5354]},{"name":null,"type":0,"depth":61,"symbol":2,"clipDepth":0,"id":30,"matrix":[0.453140258789062,0,0,1.74783325195312,16430,5730]},{"name":null,"type":0,"depth":63,"symbol":2,"clipDepth":0,"id":31,"matrix":[0.498794555664062,0,0,1.74783325195312,17420,5740]},{"name":null,"type":0,"depth":65,"symbol":2,"clipDepth":0,"id":32,"matrix":[0.523910522460938,0.353759765625,-0.166458129882812,0.246505737304688,17400,5360]},{"name":null,"type":0,"depth":67,"symbol":2,"clipDepth":0,"id":33,"matrix":[6.49504089355469,0,0,3.04324340820312,56802,6712]},{"name":null,"type":0,"depth":69,"symbol":2,"clipDepth":0,"id":34,"matrix":[0,-1.24868774414062,4.20599365234375,0,54680,7079]},{"name":null,"type":0,"depth":71,"symbol":2,"clipDepth":0,"id":35,"matrix":[2.0240478515625,0,0,1.08258056640625,55116,6622]},{"name":null,"type":0,"depth":73,"symbol":2,"clipDepth":0,"id":36,"matrix":[0,-1.24868774414062,3.50677490234375,0,58799,7064]},{"name":null,"type":0,"depth":75,"symbol":2,"clipDepth":0,"id":37,"matrix":[1.71615600585938,0,0,1.08258056640625,58415,6604]},{"name":null,"type":0,"depth":77,"symbol":2,"clipDepth":0,"id":38,"matrix":[12.6144714355469,0,0,3.26847839355469,68580,6703]},{"name":null,"type":0,"depth":79,"symbol":2,"clipDepth":0,"id":39,"matrix":[-0.973037719726562,-2.4140625,6.62176513671875,-2.66899108886719,65332,7103]},{"name":null,"type":0,"depth":81,"symbol":2,"clipDepth":0,"id":40,"matrix":[11.0009765625,0,0,3.46929931640625,61503,3425]},{"name":null,"type":0,"depth":83,"symbol":2,"clipDepth":0,"id":41,"matrix":[3.51481628417969,0,0,1.4921875,58626,3074]},{"name":null,"type":0,"depth":85,"symbol":2,"clipDepth":0,"id":42,"matrix":[4.9859619140625,0,0,2.05223083496094,61505,4350]},{"name":null,"type":0,"depth":87,"symbol":2,"clipDepth":0,"id":43,"matrix":[3.97726440429688,0,0,1.4921875,64447,3080]},{"name":null,"type":0,"depth":89,"symbol":2,"clipDepth":0,"id":44,"matrix":[6.35557556152344,-3.27447509765625,0.623504638671875,1.21017456054688,63588,3701]},{"name":null,"type":0,"depth":91,"symbol":2,"clipDepth":0,"id":45,"matrix":[2.16162109375,0,0,1.14639282226562,58964,3520]},{"name":null,"type":0,"depth":93,"symbol":2,"clipDepth":0,"id":46,"matrix":[8.7183837890625,4.52293395996094,-0.594589233398438,1.14608764648438,58988,3535]},{"name":null,"type":0,"depth":95,"symbol":2,"clipDepth":0,"id":47,"matrix":[2.16162109375,0,0,1.14639282226562,57864,2940]},{"name":null,"type":0,"depth":97,"symbol":2,"clipDepth":0,"id":48,"matrix":[2.16162109375,0,0,1.14639282226562,65280,2940]},{"name":null,"type":0,"depth":99,"symbol":2,"clipDepth":0,"id":49,"matrix":[2.88592529296875,0,0,1.4755859375,41182,7045]},{"name":null,"type":0,"depth":101,"symbol":2,"clipDepth":0,"id":50,"matrix":[171.924072265625,0,0,17.0662536621094,36819,-553]},{"name":null,"type":0,"depth":103,"symbol":2,"clipDepth":0,"id":51,"matrix":[0.152084350585938,0.2322998046875,-0.3525390625,0.23077392578125,45850,6692]},{"name":null,"type":0,"depth":105,"symbol":2,"clipDepth":0,"id":52,"matrix":[0.40869140625,-0.603912353515625,0.30181884765625,0.204254150390625,47726,6758]},{"name":null,"type":0,"depth":107,"symbol":2,"clipDepth":0,"id":53,"matrix":[0.2344970703125,0,0,-1.7509765625,47792,7032]},{"name":null,"type":0,"depth":109,"symbol":2,"clipDepth":0,"id":54,"matrix":[0.26416015625,0,0,-2.280517578125,45826,7155]},{"name":null,"type":0,"depth":111,"symbol":2,"clipDepth":0,"id":55,"matrix":[0.1268310546875,0.0856170654296875,-0.166458129882812,0.246505737304688,23300,6004]},{"name":null,"type":0,"depth":113,"symbol":2,"clipDepth":0,"id":56,"matrix":[0.18865966796875,-0.163818359375,0.195022583007812,0.224594116210938,12920,6009]},{"name":null,"type":0,"depth":115,"symbol":2,"clipDepth":0,"id":57,"matrix":[0.18865966796875,-0.163818359375,0.195022583007812,0.224594116210938,11775,6829]},{"name":null,"type":0,"depth":117,"symbol":2,"clipDepth":0,"id":58,"matrix":[0.18865966796875,-0.163818359375,0.195022583007812,0.224594116210938,6295,6689]},{"name":null,"type":0,"depth":119,"symbol":2,"clipDepth":0,"id":59,"matrix":[0.18865966796875,-0.163818359375,0.453857421875,0.522689819335938,7008,6735]},{"name":null,"type":0,"depth":121,"symbol":2,"clipDepth":0,"id":60,"matrix":[0.13983154296875,-0.207061767578125,0.168136596679688,0.113525390625,7945,6810]},{"name":null,"type":0,"depth":123,"symbol":2,"clipDepth":0,"id":61,"matrix":[2.1339111328125,0,0,0.5238037109375,41190,6605]},{"name":null,"type":0,"depth":125,"symbol":2,"clipDepth":0,"id":62,"matrix":[0.638671875,-0.011138916015625,0.112655639648438,6.45292663574219,23248,7274]},{"name":null,"type":0,"depth":127,"symbol":2,"clipDepth":0,"id":63,"matrix":[0.88885498046875,0.51318359375,-0.299530029296875,0.518814086914062,21700,4898]},{"name":null,"type":0,"depth":129,"symbol":2,"clipDepth":0,"id":64,"matrix":[-0.806060791015625,0.6007080078125,0.35797119140625,0.4803466796875,21907,4882]},{"name":null,"type":0,"depth":131,"symbol":2,"clipDepth":0,"id":65,"matrix":[0.63720703125,0.0447235107421875,-0.452072143554688,6.43800354003906,22105,3546]},{"name":null,"type":0,"depth":133,"symbol":2,"clipDepth":0,"id":66,"matrix":[-0.63653564453125,0.05316162109375,0.537353515625,6.43145751953125,21484,3600]}]}]},{"type":5,"id":30,"frames":[{"objects":[{"name":"base_2","type":0,"depth":1,"symbol":27,"clipDepth":0,"id":0,"filters":[[0,40,40,1]],"matrix":[1,0,0,1,56600,4800]},{"name":"base_1","type":0,"depth":3,"symbol":29,"clipDepth":0,"id":1,"filters":[[0,40,40,1]],"matrix":[1,0,0,1,14700,4800]}]}]},{"type":5,"id":2,"frames":[{"objects":[{"name":null,"type":0,"depth":1,"symbol":1,"clipDepth":0,"id":0,"matrix":[1,0,0,1,0,0]}]}]},{"type":5,"id":29,"frames":[{"objects":[{"name":null,"type":0,"depth":1,"symbol":28,"clipDepth":0,"id":0,"matrix":[1,0,0,1,0,0]}]}]},{"type":4,"id":1,"commands":[3,5,1,10092288,0.498039215686275,8,200,-200,7,200,200,7,-200,200,7,-200,-200,7,200,-200,5]},{"type":4,"id":28,"commands":[3,5,1,16711680,0.250980392156863,8,692,-493,4,980,-206,980,200,4,980,606,692,892,4,405,1180,0,1180,4,-406,1180,-694,892,4,-980,606,-980,200,4,-980,-206,-694,-493,4,-406,-780,0,-780,4,405,-780,692,-493,5]}],"frameRate":12}