{"root":0,"uuid":"PvSDvJAb0FDfcJItIekZ","version":0.1,"symbols":[{"type":5,"frames":[{}]},{"type":5,"id":27,"frames":[{"objects":[{"name":null,"type":0,"depth":1,"symbol":21,"clipDepth":0,"id":0,"matrix":[1,0,0,1,4559,11546]},{"name":null,"type":0,"depth":3,"symbol":21,"clipDepth":0,"id":1,"matrix":[1,0,0,1,51861,11546]},{"name":null,"type":0,"depth":5,"symbol":21,"clipDepth":0,"id":2,"matrix":[1,0,0,1,54016,13466]},{"name":null,"type":0,"depth":7,"symbol":21,"clipDepth":0,"id":3,"matrix":[1,0,0,1,52909,10506]},{"name":null,"type":0,"depth":9,"symbol":21,"clipDepth":0,"id":4,"matrix":[1,0,0,1,29132,19906]},{"name":null,"type":0,"depth":11,"symbol":21,"clipDepth":0,"id":5,"matrix":[1,0,0,1,27840,20626]},{"name":null,"type":0,"depth":13,"symbol":21,"clipDepth":0,"id":6,"matrix":[1,0,0,1,3231,10506]},{"name":null,"type":0,"depth":15,"symbol":21,"clipDepth":0,"id":7,"matrix":[1,0,0,1,27840,19906]},{"name":null,"type":0,"depth":17,"symbol":21,"clipDepth":0,"id":8,"matrix":[1,0,0,1,2171,13466]},{"name":null,"type":0,"depth":19,"symbol":21,"clipDepth":0,"id":9,"matrix":[1,0,0,1,26526,19942]}]}]},{"type":5,"id":26,"frames":[{"objects":[{"name":null,"type":0,"depth":1,"symbol":21,"clipDepth":0,"id":0,"matrix":[1,0,0,1,46722,11310]},{"name":null,"type":0,"depth":3,"symbol":21,"clipDepth":0,"id":1,"matrix":[1,0,0,1,40170,11366]},{"name":null,"type":0,"depth":5,"symbol":21,"clipDepth":0,"id":2,"matrix":[1,0,0,1,8972,11144]},{"name":null,"type":0,"depth":7,"symbol":21,"clipDepth":0,"id":3,"matrix":[1,0,0,1,41674,17826]},{"name":null,"type":0,"depth":9,"symbol":21,"clipDepth":0,"id":4,"matrix":[1,0,0,1,34635,17372]},{"name":null,"type":0,"depth":11,"symbol":21,"clipDepth":0,"id":5,"matrix":[1,0,0,1,16100,11293]},{"name":null,"type":0,"depth":13,"symbol":21,"clipDepth":0,"id":6,"matrix":[1,0,0,1,23954,17991]},{"name":null,"type":0,"depth":15,"symbol":21,"clipDepth":0,"id":7,"matrix":[1,0,0,1,52356,4238]},{"name":null,"type":0,"depth":17,"symbol":21,"clipDepth":0,"id":8,"matrix":[1,0,0,1,21142,17237]},{"name":null,"type":0,"depth":19,"symbol":21,"clipDepth":0,"id":9,"matrix":[1,0,0,1,45435,17881]},{"name":null,"type":0,"depth":21,"symbol":21,"clipDepth":0,"id":10,"matrix":[1,0,0,1,45199,5288]},{"name":null,"type":0,"depth":23,"symbol":21,"clipDepth":0,"id":11,"matrix":[1,0,0,1,50396,17817]},{"name":null,"type":0,"depth":25,"symbol":21,"clipDepth":0,"id":12,"matrix":[1,0,0,1,32611,17998]},{"name":null,"type":0,"depth":27,"symbol":21,"clipDepth":0,"id":13,"matrix":[1,0,0,1,13910,11266]},{"name":null,"type":0,"depth":29,"symbol":21,"clipDepth":0,"id":14,"matrix":[1,0,0,1,37182,10617]},{"name":null,"type":0,"depth":31,"symbol":21,"clipDepth":0,"id":15,"matrix":[1,0,0,1,27207,16287]},{"name":null,"type":0,"depth":33,"symbol":21,"clipDepth":0,"id":16,"matrix":[1,0,0,1,48891,17862]},{"name":null,"type":0,"depth":35,"symbol":21,"clipDepth":0,"id":17,"matrix":[1,0,0,1,43030,11324]},{"name":null,"type":0,"depth":37,"symbol":21,"clipDepth":0,"id":18,"matrix":[1,0,0,1,28873,16252]},{"name":null,"type":0,"depth":39,"symbol":21,"clipDepth":0,"id":19,"matrix":[1,0,0,1,18577,10515]}]}]},{"type":5,"id":25,"frames":[{"objects":[{"name":null,"type":0,"depth":1,"symbol":21,"clipDepth":0,"id":0,"matrix":[1,0,0,1,26864,16574]},{"name":null,"type":0,"depth":3,"symbol":21,"clipDepth":0,"id":1,"matrix":[1,0,0,1,28308,16543]},{"name":null,"type":0,"depth":5,"symbol":21,"clipDepth":0,"id":2,"matrix":[1,0,0,1,15846,11420]},{"name":null,"type":0,"depth":7,"symbol":21,"clipDepth":0,"id":3,"matrix":[1,0,0,1,45417,18131]},{"name":null,"type":0,"depth":9,"symbol":21,"clipDepth":0,"id":4,"matrix":[1,0,0,1,38898,11460]},{"name":null,"type":0,"depth":11,"symbol":21,"clipDepth":0,"id":5,"matrix":[1,0,0,1,23768,18218]},{"name":null,"type":0,"depth":13,"symbol":21,"clipDepth":0,"id":6,"matrix":[1,0,0,1,33355,18268]},{"name":null,"type":0,"depth":15,"symbol":21,"clipDepth":0,"id":7,"matrix":[1,0,0,1,38392,18267]},{"name":null,"type":0,"depth":17,"symbol":21,"clipDepth":0,"id":8,"matrix":[1,0,0,1,13253,11273]},{"name":null,"type":0,"depth":19,"symbol":21,"clipDepth":0,"id":9,"matrix":[1,0,0,1,41180,18071]}]}]},{"type":5,"id":24,"frames":[{"objects":[{"name":null,"type":0,"depth":1,"symbol":21,"clipDepth":0,"id":0,"matrix":[0.77056884765625,0,0,0.77056884765625,13360,11746]},{"name":null,"type":0,"depth":3,"symbol":21,"clipDepth":0,"id":1,"matrix":[0.77056884765625,0,0,0.77056884765625,10560,5866]},{"name":null,"type":0,"depth":5,"symbol":21,"clipDepth":0,"id":2,"matrix":[0.77056884765625,0,0,0.77056884765625,50560,18160]},{"name":null,"type":0,"depth":7,"symbol":21,"clipDepth":0,"id":3,"matrix":[0.77056884765625,0,0,0.77056884765625,6080,18160]},{"name":null,"type":0,"depth":9,"symbol":21,"clipDepth":0,"id":4,"matrix":[0.77056884765625,0,0,0.77056884765625,41932,11746]},{"name":null,"type":0,"depth":11,"symbol":21,"clipDepth":0,"id":5,"matrix":[0.77056884765625,0,0,0.77056884765625,45800,5866]}]}]},{"type":5,"id":23,"frames":[{"objects":[{"name":null,"type":0,"depth":1,"symbol":21,"clipDepth":0,"id":0,"matrix":[1,0,0,1,3732,4594]},{"name":null,"type":0,"depth":3,"symbol":21,"clipDepth":0,"id":1,"matrix":[1,0,0,1,3732,4594]},{"name":null,"type":0,"depth":5,"symbol":21,"clipDepth":0,"id":2,"matrix":[1,0,0,1,3732,4594]},{"name":null,"type":0,"depth":7,"symbol":21,"clipDepth":0,"id":3,"matrix":[1,0,0,1,3732,4594]},{"name":null,"type":0,"depth":9,"symbol":21,"clipDepth":0,"id":4,"matrix":[1,0,0,1,3732,4594]},{"name":null,"type":0,"depth":11,"symbol":21,"clipDepth":0,"id":5,"matrix":[1,0,0,1,3732,4594]},{"name":null,"type":0,"depth":13,"symbol":21,"clipDepth":0,"id":6,"matrix":[1,0,0,1,3732,4594]},{"name":null,"type":0,"depth":15,"symbol":21,"clipDepth":0,"id":7,"matrix":[1,0,0,1,3732,4594]},{"name":null,"type":0,"depth":17,"symbol":21,"clipDepth":0,"id":8,"matrix":[1,0,0,1,3732,4594]},{"name":null,"type":0,"depth":19,"symbol":21,"clipDepth":0,"id":9,"matrix":[1,0,0,1,3732,4594]},{"name":null,"type":0,"depth":21,"symbol":21,"clipDepth":0,"id":10,"matrix":[1,0,0,1,3732,4594]},{"name":null,"type":0,"depth":23,"symbol":21,"clipDepth":0,"id":11,"matrix":[1,0,0,1,3732,4594]},{"name":null,"type":0,"depth":25,"symbol":21,"clipDepth":0,"id":12,"matrix":[1,0,0,1,3732,4594]},{"name":null,"type":0,"depth":27,"symbol":21,"clipDepth":0,"id":13,"matrix":[1,0,0,1,3732,4594]},{"name":null,"type":0,"depth":29,"symbol":21,"clipDepth":0,"id":14,"matrix":[1,0,0,1,3732,4594]},{"name":null,"type":0,"depth":31,"symbol":21,"clipDepth":0,"id":15,"matrix":[1,0,0,1,3732,4594]},{"name":null,"type":0,"depth":33,"symbol":21,"clipDepth":0,"id":16,"matrix":[1,0,0,1,3732,4594]},{"name":null,"type":0,"depth":35,"symbol":21,"clipDepth":0,"id":17,"matrix":[1,0,0,1,3732,4594]},{"name":null,"type":0,"depth":37,"symbol":21,"clipDepth":0,"id":18,"matrix":[1,0,0,1,3732,4594]},{"name":null,"type":0,"depth":39,"symbol":21,"clipDepth":0,"id":19,"matrix":[1,0,0,1,3732,4594]}]}]},{"type":5,"id":22,"frames":[{"objects":[{"name":null,"type":0,"depth":1,"symbol":21,"clipDepth":0,"id":0,"matrix":[0.77056884765625,0,0,0.77056884765625,37194,10706]},{"name":null,"type":0,"depth":3,"symbol":21,"clipDepth":0,"id":1,"matrix":[0.77056884765625,0,0,0.77056884765625,10366,18374]},{"name":null,"type":0,"depth":5,"symbol":21,"clipDepth":0,"id":2,"matrix":[0.77056884765625,0,0,0.77056884765625,48952,6049]},{"name":null,"type":0,"depth":7,"symbol":21,"clipDepth":0,"id":3,"matrix":[0.77056884765625,0,0,0.77056884765625,7938,18358]},{"name":null,"type":0,"depth":9,"symbol":21,"clipDepth":0,"id":4,"matrix":[0.77056884765625,0,0,0.77056884765625,51750,4760]},{"name":null,"type":0,"depth":11,"symbol":21,"clipDepth":0,"id":5,"matrix":[0.77056884765625,0,0,0.77056884765625,33697,13256]},{"name":null,"type":0,"depth":13,"symbol":21,"clipDepth":0,"id":6,"matrix":[0.77056884765625,0,0,0.77056884765625,46926,11792]},{"name":null,"type":0,"depth":15,"symbol":21,"clipDepth":0,"id":7,"matrix":[0.77056884765625,0,0,0.77056884765625,9224,11715]},{"name":null,"type":0,"depth":17,"symbol":21,"clipDepth":0,"id":8,"matrix":[0.77056884765625,0,0,0.77056884765625,40074,11883]},{"name":null,"type":0,"depth":19,"symbol":21,"clipDepth":0,"id":9,"matrix":[0.77056884765625,0,0,0.77056884765625,19941,18685]},{"name":null,"type":0,"depth":21,"symbol":21,"clipDepth":0,"id":10,"matrix":[0.77056884765625,0,0,0.77056884765625,49085,18307]},{"name":null,"type":0,"depth":23,"symbol":21,"clipDepth":0,"id":11,"matrix":[0.77056884765625,0,0,0.77056884765625,42835,18309]},{"name":null,"type":0,"depth":25,"symbol":21,"clipDepth":0,"id":12,"matrix":[0.77056884765625,0,0,0.77056884765625,12868,18344]},{"name":null,"type":0,"depth":27,"symbol":21,"clipDepth":0,"id":13,"matrix":[0.77056884765625,0,0,0.77056884765625,8014,5771]},{"name":null,"type":0,"depth":29,"symbol":21,"clipDepth":0,"id":14,"matrix":[0.77056884765625,0,0,0.77056884765625,15848,11887]},{"name":null,"type":0,"depth":31,"symbol":21,"clipDepth":0,"id":15,"matrix":[0.77056884765625,0,0,0.77056884765625,45910,18259]},{"name":null,"type":0,"depth":33,"symbol":21,"clipDepth":0,"id":16,"matrix":[0.77056884765625,0,0,0.77056884765625,22072,13417]},{"name":null,"type":0,"depth":35,"symbol":21,"clipDepth":0,"id":17,"matrix":[0.77056884765625,0,0,0.77056884765625,18674,10755]},{"name":null,"type":0,"depth":37,"symbol":21,"clipDepth":0,"id":18,"matrix":[0.77056884765625,0,0,0.77056884765625,4430,4882]},{"name":null,"type":0,"depth":39,"symbol":21,"clipDepth":0,"id":19,"matrix":[0.77056884765625,0,0,0.77056884765625,36214,18075]}]}]},{"type":5,"id":21,"frames":[{}]},{"type":5,"id":20,"frames":[{"objects":[{"type":0,"depth":0,"symbol":19,"clipDepth":0,"id":0,"visible":true,"matrix":[1,0,0,1,0,0]}]}]},{"path":"symbols/19.jpg","type":0,"id":19,"smooth":false,"alpha":"symbols/19a.png"},{"type":5,"className":"com.darkness.tdp4.maps.view.MapGFX","baseClassName":null,"id":18,"frames":[{"objects":[{"name":null,"type":0,"depth":1,"symbol":17,"clipDepth":0,"id":0,"matrix":[1,0,0,1,0,0]}]}]},{"type":5,"id":17,"frames":[{"objects":[{"type":0,"depth":0,"symbol":16,"clipDepth":0,"id":0,"visible":true,"matrix":[1,0,0,1,0,0]}]}]},{"path":"symbols/16.jpg","type":0,"id":16,"alpha":"symbols/16a.png"},{"type":5,"className":"com.darkness.tdp4.maps.view.MapPolygonContainer","baseClassName":null,"id":15,"frames":[{"objects":[{"name":null,"type":0,"depth":1,"symbol":2,"clipDepth":0,"id":0,"matrix":[160.590957641602,0,0,10.3442535400391,29572,-2045]},{"name":null,"type":0,"depth":3,"symbol":2,"clipDepth":0,"id":1,"matrix":[160.595352172852,0,0,20.8700103759766,29456,23104]},{"name":null,"type":0,"depth":5,"symbol":2,"clipDepth":0,"id":2,"matrix":[17.2398834228516,0,0,73.3509979248047,-636,12624]},{"name":null,"type":0,"depth":7,"symbol":2,"clipDepth":0,"id":3,"matrix":[21.6313629150391,0,0,51.0544586181641,57263,11161]},{"name":null,"type":0,"depth":9,"symbol":2,"clipDepth":0,"id":4,"matrix":[29.5185699462891,-0.0001068115234375,-0.000823974609375,3.06594848632812,13638,12970]},{"name":null,"type":0,"depth":11,"symbol":2,"clipDepth":0,"id":5,"matrix":[14.6211395263672,8.9427490234375,-1.89183044433594,3.09117126464844,5226,11191]},{"name":null,"type":0,"depth":13,"symbol":2,"clipDepth":0,"id":6,"matrix":[8.935791015625,-2.988037109375,0.465240478515625,1.392578125,6940,7432]},{"name":null,"type":0,"depth":15,"symbol":2,"clipDepth":0,"id":7,"matrix":[7.57987976074219,0.0601806640625,-0.012054443359375,1.46817016601562,10123,6867]},{"name":null,"type":0,"depth":17,"symbol":2,"clipDepth":0,"id":8,"matrix":[7.57987976074219,0.0601806640625,-0.012054443359375,1.46817016601562,3323,6001]},{"name":null,"type":0,"depth":19,"symbol":2,"clipDepth":0,"id":9,"matrix":[42.4284057617188,0.336868286132812,-0.027191162109375,3.31260681152344,11078,13749]},{"name":null,"type":0,"depth":21,"symbol":2,"clipDepth":0,"id":10,"matrix":[10.9898376464844,5.06649780273438,-2.24388122558594,4.86376953125,4663,12212]},{"name":null,"type":0,"depth":23,"symbol":2,"clipDepth":0,"id":11,"matrix":[7.57987976074219,0.0601806640625,-0.012054443359375,1.46817016601562,3496,12823]},{"name":null,"type":0,"depth":25,"symbol":2,"clipDepth":0,"id":12,"matrix":[12.0566558837891,10.3700561523438,-0.95770263671875,1.11285400390625,21755,14643]},{"name":null,"type":0,"depth":27,"symbol":2,"clipDepth":0,"id":13,"matrix":[1.907958984375,0.0151214599609375,-0.02349853515625,2.86273193359375,18605,12207]},{"name":null,"type":0,"depth":29,"symbol":2,"clipDepth":0,"id":14,"matrix":[1.907958984375,0.0151214599609375,-0.02349853515625,2.86273193359375,21140,18828]},{"name":null,"type":0,"depth":31,"symbol":2,"clipDepth":0,"id":15,"matrix":[1.907958984375,0.0151214599609375,-0.02349853515625,2.86273193359375,34859,18864]},{"name":null,"type":0,"depth":33,"symbol":2,"clipDepth":0,"id":16,"matrix":[1.34039306640625,1.35783386230469,-2.03788757324219,2.0106201171875,25995,18890]},{"name":null,"type":0,"depth":35,"symbol":2,"clipDepth":0,"id":17,"matrix":[9.04307556152344,0.0001373291015625,1.52587890625e-05,2.86270141601562,27941,18797]},{"name":null,"type":0,"depth":37,"symbol":2,"clipDepth":0,"id":18,"matrix":[1.31974792480469,-1.3779296875,2.06690979003906,1.98077392578125,29893,18874]},{"name":null,"type":0,"depth":39,"symbol":2,"clipDepth":0,"id":19,"matrix":[1.907958984375,0.0151214599609375,-0.02349853515625,2.86273193359375,37404,12233]},{"name":null,"type":0,"depth":41,"symbol":2,"clipDepth":0,"id":20,"matrix":[42.3528747558594,0.335662841796875,-0.0320587158203125,3.90568542480469,45126,13309]},{"name":null,"type":0,"depth":43,"symbol":2,"clipDepth":0,"id":21,"matrix":[15.2691650390625,-10.10693359375,1.5794677734375,2.38766479492188,50763,10988]},{"name":null,"type":0,"depth":45,"symbol":2,"clipDepth":0,"id":22,"matrix":[1.22976684570312,1.45880126953125,-12.0935211181641,10.18896484375,34495,14782]},{"name":null,"type":0,"depth":47,"symbol":2,"clipDepth":0,"id":23,"matrix":[7.31185913085938,-0.0631256103515625,0.01226806640625,1.46817016601562,45791,6848]},{"name":null,"type":0,"depth":49,"symbol":2,"clipDepth":0,"id":24,"matrix":[7.57987976074219,0.0601806640625,-0.012054443359375,1.46817016601562,52707,6027]},{"name":null,"type":0,"depth":51,"symbol":2,"clipDepth":0,"id":25,"matrix":[9.07293701171875,3.10638427734375,-0.4759521484375,1.388916015625,48963,7439]},{"name":null,"type":0,"depth":53,"symbol":2,"clipDepth":0,"id":26,"matrix":[9.42686462402344,-6.28886413574219,2.60018920898438,3.89993286132812,51620,11859]},{"name":null,"type":0,"depth":55,"symbol":2,"clipDepth":0,"id":27,"matrix":[7.57987976074219,0.0601806640625,-0.012054443359375,1.46817016601562,52676,12341]}]}]},{"type":5,"className":"com.darkness.tdp4.maps.view.MapGFXBack","baseClassName":null,"id":14,"frames":[{"objects":[{"name":null,"type":0,"depth":1,"symbol":13,"clipDepth":0,"id":0,"matrix":[1,0,0,1,0,0]}]}]},{"type":4,"id":13,"commands":[3,5,1,255,0.498039215686275,8,2812,-2046,7,2812,-2014,7,61690,-2014,7,61690,2124,7,61590,2124,7,61589,21372,7,61575,21372,7,61575,27278,7,2813,27278,7,2812,27294,7,-4084,27294,7,-4084,-2046,7,2812,-2046,8,4841,5719,7,4837,6307,7,2812,6291,7,2812,8865,7,8520,12357,7,18222,12357,7,18228,11631,7,18992,11637,7,18986,12357,7,19542,12357,7,19542,12439,7,24282,16516,7,23898,16962,7,19569,13238,7,19559,14479,7,2812,14347,7,2812,18930,7,20757,18930,7,20763,18252,7,21527,18258,7,21521,18930,7,25496,18930,7,26086,18262,7,26086,18224,7,26119,18224,7,26166,18171,7,26226,18224,7,29772,18224,7,29802,18196,7,30469,18930,7,34476,18930,7,34482,18267,7,35246,18273,7,35240,18930,7,52937,18930,7,52937,14152,7,36649,14023,7,36653,13489,7,32346,17117,7,31854,16533,7,36661,12484,7,36661,12461,7,36687,12462,7,36692,12457,7,36696,12462,7,37106,12465,7,37113,11642,7,37877,11648,7,37870,12471,7,47403,12546,7,47393,12531,7,52937,8862,7,52937,6323,7,51189,6309,7,51193,5721,7,52937,5735,7,52938,2124,7,2812,2124,7,2812,5703,7,4841,5719,8,47437,6651,7,47437,6659,7,51073,7872,7,50887,8430,7,47315,7238,7,44401,7215,7,44405,6627,7,47437,6651,8,8634,6555,7,8636,6561,7,11641,6585,7,11637,7173,7,8710,7150,7,5246,8309,7,5060,7751,7,8609,6564,7,8609,6561,7,8616,6561,7,8634,6555,5]},{"type":5,"className":"com.darkness.tdp4.maps.view.MapTestPolygonContainer","baseClassName":null,"id":12,"frames":[{"objects":[{"name":null,"type":0,"depth":1,"symbol":2,"clipDepth":0,"id":0,"matrix":[-0.0004730224609375,0.0868988037109375,-5.16766357421875,-0.028564453125,14626,9767]},{"name":null,"type":0,"depth":3,"symbol":2,"clipDepth":0,"id":1,"matrix":[-0.0004730224609375,0.0868988037109375,-22.3842010498047,-0.123703002929688,35108,9790]},{"name":null,"type":0,"depth":5,"symbol":2,"clipDepth":0,"id":2,"matrix":[-6.103515625e-05,0.0868988037109375,-71.074951171875,-0.05120849609375,20285,13018]},{"name":null,"type":0,"depth":7,"symbol":2,"clipDepth":0,"id":3,"matrix":[-6.103515625e-05,0.0868988037109375,-26.6980133056641,-0.0192413330078125,29723,7239]},{"name":null,"type":0,"depth":9,"symbol":2,"clipDepth":0,"id":4,"matrix":[-6.103515625e-05,0.0868988037109375,-25.341552734375,-0.0182647705078125,5100,9783]},{"name":null,"type":0,"depth":11,"symbol":2,"clipDepth":0,"id":5,"matrix":[-0.0868988037109375,-0.0004730224609375,0.0200653076171875,-3.63096618652344,19244,12263]},{"name":null,"type":0,"depth":13,"symbol":2,"clipDepth":0,"id":6,"matrix":[-0.0004730224609375,0.0868988037109375,-10.7367401123047,-0.0593109130859375,26458,9816]},{"name":null,"type":0,"depth":15,"symbol":2,"clipDepth":0,"id":7,"matrix":[-0.0868988037109375,-0.0004730224609375,0.0200653076171875,-3.63096618652344,15619,12509]},{"name":null,"type":0,"depth":17,"symbol":2,"clipDepth":0,"id":8,"matrix":[-0.0868988037109375,-0.0004730224609375,0.0200653076171875,-3.63096618652344,22878,12689]},{"name":null,"type":0,"depth":19,"symbol":2,"clipDepth":0,"id":9,"matrix":[-0.0868988037109375,-0.0004730224609375,0.0200653076171875,-3.63096618652344,31118,12669]},{"name":null,"type":0,"depth":21,"symbol":2,"clipDepth":0,"id":10,"matrix":[-0.0004730224609375,0.0868988037109375,-4.37461853027344,-0.024169921875,38992,12532]},{"name":null,"type":0,"depth":23,"symbol":2,"clipDepth":0,"id":11,"matrix":[-0.0868988037109375,-0.0004730224609375,0.0699462890625,-12.6585693359375,32048,18423]},{"name":null,"type":0,"depth":25,"symbol":2,"clipDepth":0,"id":12,"matrix":[-0.0868988037109375,-0.0004730224609375,0.0423431396484375,-7.66319274902344,20614,17829]},{"name":null,"type":0,"depth":27,"symbol":2,"clipDepth":0,"id":13,"matrix":[-0.0868988037109375,-0.0004730224609375,0.0423431396484375,-7.66319274902344,14659,17507]},{"name":null,"type":0,"depth":29,"symbol":2,"clipDepth":0,"id":14,"matrix":[-0.0004730224609375,0.0868988037109375,-9.70297241210938,-0.053619384765625,2100,12784]},{"name":null,"type":0,"depth":31,"symbol":2,"clipDepth":0,"id":15,"matrix":[-6.103515625e-05,0.0868988037109375,-30.5234527587891,-0.022003173828125,9638,7330]}]}]},{"type":5,"className":"com.darkness.tdp4.maps.view.MapBGS","baseClassName":null,"id":11,"frames":[{"objects":[{"name":null,"type":0,"depth":1,"symbol":10,"clipDepth":0,"id":0,"matrix":[1,0,0,1,0,0]}]}]},{"type":5,"id":10,"frames":[{"objects":[{"type":0,"depth":0,"symbol":9,"clipDepth":0,"id":0,"visible":true,"matrix":[1,0,0,1,0,0]}]}]},{"type":5,"className":"com.darkness.tdp4.maps.view.GameMap","baseClassName":null,"id":37,"frames":[{"objects":[{"name":null,"type":0,"depth":1,"symbol":36,"clipDepth":0,"id":0,"matrix":[1,0,0,1,-5500,-4000]},{"name":null,"type":0,"depth":210,"cacheAsBitmap":true,"symbol":18,"clipDepth":0,"id":1,"matrix":[1,0,0,1,-5500,-4000]},{"name":null,"type":0,"depth":212,"symbol":15,"clipDepth":0,"id":2,"matrix":[1,0,0,1,-5500,-4000]},{"name":null,"type":0,"depth":268,"symbol":14,"clipDepth":0,"id":3,"visible":false,"matrix":[1,0,0,1,-5500,-4000]},{"name":null,"type":0,"depth":270,"symbol":12,"clipDepth":0,"id":4,"visible":false,"matrix":[1,0,0,1,-5500,-4000]}]}]},{"path":"symbols/9.jpg","type":0,"id":9},{"type":5,"className":"com.darkness.tdp4.maps.view.Map","baseClassName":null,"id":36,"frames":[{"objects":[{"name":null,"type":0,"depth":1,"symbol":20,"clipDepth":0,"id":0,"matrix":[1,0,0,1,0,0]},{"name":"respawnCon","type":0,"depth":2,"symbol":22,"clipDepth":0,"id":1,"matrix":[1,0,0,1,0,0]},{"name":"singlePlayerRespawnCon","type":0,"depth":42,"symbol":23,"clipDepth":0,"id":2,"matrix":[1,0,0,1,0,0]},{"name":"dominationRespawn","type":0,"depth":82,"symbol":24,"clipDepth":0,"id":3,"matrix":[1,0,0,1,0,0]},{"name":"turretRespawn","type":0,"depth":94,"symbol":25,"clipDepth":0,"id":4,"matrix":[1,0,0,1,0,0]},{"name":"botRespawn","type":0,"depth":114,"symbol":26,"clipDepth":0,"id":5,"matrix":[1,0,0,1,0,0]},{"name":"controllPointsCon","type":0,"depth":154,"symbol":27,"clipDepth":0,"id":6,"matrix":[1,0,0,1,0,0]},{"name":"waypoint_0","type":0,"depth":174,"symbol":29,"clipDepth":0,"id":7,"matrix":[0.58050537109375,0,0,2.5625,32592,17329]},{"name":"waypoint_1","type":0,"depth":176,"symbol":29,"clipDepth":0,"id":8,"matrix":[0.58050537109375,0,0,2.5625,47560,17182]},{"name":"waypoint_2","type":0,"depth":178,"symbol":29,"clipDepth":0,"id":9,"matrix":[0.58050537109375,0,0,2.5625,7864,17169]},{"name":"waypoint_3","type":0,"depth":180,"symbol":29,"clipDepth":0,"id":10,"matrix":[0.58050537109375,0,0,2.5625,23695,17416]},{"name":"waypoint_4","type":0,"depth":182,"symbol":29,"clipDepth":0,"id":11,"matrix":[0.58050537109375,0,0,2.5625,13066,10628]},{"name":"waypoint_5","type":0,"depth":184,"symbol":29,"clipDepth":0,"id":12,"matrix":[0.58050537109375,0,0,2.5625,42662,10458]},{"name":"waypoint_6","type":0,"depth":186,"symbol":29,"clipDepth":0,"id":13,"matrix":[0.58050537109375,0,0,2.5625,27506,15881]},{"name":"itemCon","type":0,"depth":188,"symbol":30,"clipDepth":0,"id":14,"matrix":[1,0,0,1,0,0]},{"name":"flagBaseCon","type":0,"depth":208,"symbol":35,"clipDepth":0,"id":15,"matrix":[1,0,0,1,0,0]}]}]},{"type":5,"className":"com.darkness.tdp4.maps.view.MapBGScrollable","baseClassName":null,"id":8,"frames":[{"objects":[{"name":null,"type":0,"depth":2,"symbol":7,"clipDepth":0,"id":0,"matrix":[1,0,0,1,0,0]}]}]},{"type":5,"id":35,"frames":[{"objects":[{"name":"base_2","type":0,"depth":1,"symbol":32,"clipDepth":0,"id":0,"filters":[[0,40,40,1]],"matrix":[1,0,0,1,51680,4440]},{"name":"base_1","type":0,"depth":3,"symbol":34,"clipDepth":0,"id":1,"filters":[[0,40,40,1]],"matrix":[1,0,0,1,4360,4440]}]}]},{"type":5,"id":7,"frames":[{"objects":[{"type":0,"depth":0,"symbol":6,"clipDepth":0,"id":0,"visible":true,"matrix":[1,0,0,1,0,8739]},{"type":0,"depth":1,"symbol":5,"clipDepth":0,"id":1,"visible":true,"matrix":[1,0,0,1,0,3000]}]}]},{"type":5,"id":34,"frames":[{"objects":[{"name":null,"type":0,"depth":1,"symbol":33,"clipDepth":0,"id":0,"matrix":[1,0,0,1,0,0]}]}]},{"path":"symbols/6.jpg","type":0,"id":6},{"type":4,"id":33,"commands":[3,5,1,16711680,0.250980392156863,8,692,-493,4,980,-206,980,200,4,980,606,692,892,4,405,1180,0,1180,4,-406,1180,-694,892,4,-980,606,-980,200,4,-980,-206,-694,-493,4,-406,-780,0,-780,4,405,-780,692,-493,5]},{"path":"symbols/5.jpg","type":0,"id":5,"smooth":false,"alpha":"symbols/5a.png"},{"type":5,"id":32,"frames":[{"objects":[{"name":null,"type":0,"depth":1,"symbol":31,"clipDepth":0,"id":0,"matrix":[1,0,0,1,0,0]}]}]},{"type":5,"className":"com.darkness.tdp4.maps.view.MapTop","baseClassName":null,"id":4,"frames":[{}]},{"type":4,"id":31,"commands":[3,5,1,255,0.250980392156863,8,692,-493,4,980,-206,980,200,4,980,606,692,892,4,405,1180,0,1180,4,-406,1180,-694,892,4,-980,606,-980,200,4,-980,-206,-694,-493,4,-406,-780,0,-780,4,405,-780,692,-493,5]},{"type":5,"className":"com.darkness.tdp4.maps.view.MapBulletProofPolygonContainer","baseClassName":null,"id":3,"frames":[{"objects":[{"name":null,"type":0,"depth":1,"symbol":2,"clipDepth":0,"id":0,"matrix":[160.590957641602,0,0,10.3442535400391,29572,-2045]},{"name":null,"type":0,"depth":3,"symbol":2,"clipDepth":0,"id":1,"matrix":[160.595352172852,0,0,20.8700103759766,29456,23104]},{"name":null,"type":0,"depth":5,"symbol":2,"clipDepth":0,"id":2,"matrix":[17.2398834228516,0,0,73.3509979248047,-636,12624]},{"name":null,"type":0,"depth":7,"symbol":2,"clipDepth":0,"id":3,"matrix":[21.6313629150391,0,0,51.0544586181641,57263,11161]},{"name":null,"type":0,"depth":9,"symbol":2,"clipDepth":0,"id":4,"matrix":[29.5185699462891,-0.0001068115234375,-0.000823974609375,3.06594848632812,13638,12970]},{"name":null,"type":0,"depth":11,"symbol":2,"clipDepth":0,"id":5,"matrix":[14.6211395263672,8.9427490234375,-1.89183044433594,3.09117126464844,5226,11191]},{"name":null,"type":0,"depth":13,"symbol":2,"clipDepth":0,"id":6,"matrix":[8.935791015625,-2.988037109375,0.465240478515625,1.392578125,6940,7432]},{"name":null,"type":0,"depth":15,"symbol":2,"clipDepth":0,"id":7,"matrix":[7.57987976074219,0.0601806640625,-0.012054443359375,1.46817016601562,10123,6867]},{"name":null,"type":0,"depth":17,"symbol":2,"clipDepth":0,"id":8,"matrix":[7.57987976074219,0.0601806640625,-0.012054443359375,1.46817016601562,3323,6001]},{"name":null,"type":0,"depth":19,"symbol":2,"clipDepth":0,"id":9,"matrix":[42.4284057617188,0.336868286132812,-0.027191162109375,3.31260681152344,11078,13749]},{"name":null,"type":0,"depth":21,"symbol":2,"clipDepth":0,"id":10,"matrix":[10.9898376464844,5.06649780273438,-2.24388122558594,4.86376953125,4663,12212]},{"name":null,"type":0,"depth":23,"symbol":2,"clipDepth":0,"id":11,"matrix":[7.57987976074219,0.0601806640625,-0.012054443359375,1.46817016601562,3496,12823]},{"name":null,"type":0,"depth":25,"symbol":2,"clipDepth":0,"id":12,"matrix":[12.0566558837891,10.3700561523438,-0.95770263671875,1.11285400390625,21755,14643]},{"name":null,"type":0,"depth":27,"symbol":2,"clipDepth":0,"id":13,"matrix":[1.907958984375,0.0151214599609375,-0.02349853515625,2.86273193359375,18605,12207]},{"name":null,"type":0,"depth":29,"symbol":2,"clipDepth":0,"id":14,"matrix":[1.907958984375,0.0151214599609375,-0.02349853515625,2.86273193359375,21140,18828]},{"name":null,"type":0,"depth":31,"symbol":2,"clipDepth":0,"id":15,"matrix":[1.907958984375,0.0151214599609375,-0.02349853515625,2.86273193359375,34859,18864]},{"name":null,"type":0,"depth":33,"symbol":2,"clipDepth":0,"id":16,"matrix":[1.34039306640625,1.35783386230469,-2.03788757324219,2.0106201171875,25995,18890]},{"name":null,"type":0,"depth":35,"symbol":2,"clipDepth":0,"id":17,"matrix":[9.04307556152344,0.0001373291015625,1.52587890625e-05,2.86270141601562,27941,18797]},{"name":null,"type":0,"depth":37,"symbol":2,"clipDepth":0,"id":18,"matrix":[1.31974792480469,-1.3779296875,2.06690979003906,1.98077392578125,29893,18874]},{"name":null,"type":0,"depth":39,"symbol":2,"clipDepth":0,"id":19,"matrix":[1.907958984375,0.0151214599609375,-0.02349853515625,2.86273193359375,37404,12233]},{"name":null,"type":0,"depth":41,"symbol":2,"clipDepth":0,"id":20,"matrix":[42.3528747558594,0.335662841796875,-0.0320587158203125,3.90568542480469,45126,13309]},{"name":null,"type":0,"depth":43,"symbol":2,"clipDepth":0,"id":21,"matrix":[15.2691650390625,-10.10693359375,1.5794677734375,2.38766479492188,50763,10988]},{"name":null,"type":0,"depth":45,"symbol":2,"clipDepth":0,"id":22,"matrix":[1.22976684570312,1.45880126953125,-12.0935211181641,10.18896484375,34495,14782]},{"name":null,"type":0,"depth":47,"symbol":2,"clipDepth":0,"id":23,"matrix":[7.31185913085938,-0.0631256103515625,0.01226806640625,1.46817016601562,45791,6848]},{"name":null,"type":0,"depth":49,"symbol":2,"clipDepth":0,"id":24,"matrix":[7.57987976074219,0.0601806640625,-0.012054443359375,1.46817016601562,52707,6027]},{"name":null,"type":0,"depth":51,"symbol":2,"clipDepth":0,"id":25,"matrix":[9.07293701171875,3.10638427734375,-0.4759521484375,1.388916015625,48963,7439]},{"name":null,"type":0,"depth":53,"symbol":2,"clipDepth":0,"id":26,"matrix":[9.42686462402344,-6.28886413574219,2.60018920898438,3.89993286132812,51620,11859]},{"name":null,"type":0,"depth":55,"symbol":2,"clipDepth":0,"id":27,"matrix":[7.57987976074219,0.0601806640625,-0.012054443359375,1.46817016601562,52676,12341]}]}]},{"type":5,"id":30,"frames":[{"objects":[{"name":null,"type":0,"depth":1,"symbol":21,"clipDepth":0,"id":0,"matrix":[1,0,0,1,48462,18386]},{"name":null,"type":0,"depth":3,"symbol":21,"clipDepth":0,"id":1,"matrix":[1,0,0,1,7800,18386]},{"name":null,"type":0,"depth":5,"symbol":21,"clipDepth":0,"id":2,"matrix":[1,0,0,1,12900,11626]},{"name":null,"type":0,"depth":7,"symbol":21,"clipDepth":0,"id":3,"matrix":[1,0,0,1,42613,11626]},{"name":null,"type":0,"depth":9,"symbol":21,"clipDepth":0,"id":4,"matrix":[1,0,0,1,14680,18386]},{"name":null,"type":0,"depth":11,"symbol":21,"clipDepth":0,"id":5,"matrix":[1,0,0,1,26960,17186]},{"name":null,"type":0,"depth":13,"symbol":21,"clipDepth":0,"id":6,"matrix":[1,0,0,1,39437,11626]},{"name":null,"type":0,"depth":15,"symbol":21,"clipDepth":0,"id":7,"matrix":[1,0,0,1,16240,11626]},{"name":null,"type":0,"depth":17,"symbol":21,"clipDepth":0,"id":8,"matrix":[1,0,0,1,41304,18386]},{"name":null,"type":0,"depth":19,"symbol":21,"clipDepth":0,"id":9,"matrix":[1,0,0,1,28960,17186]}]}]},{"type":5,"id":2,"frames":[{"objects":[{"name":null,"type":0,"depth":1,"symbol":1,"clipDepth":0,"id":0,"matrix":[1,0,0,1,0,0]}]}]},{"type":5,"id":29,"frames":[{"objects":[{"name":null,"type":0,"depth":1,"symbol":28,"clipDepth":0,"id":0,"matrix":[1,0,0,1,0,0]}]}]},{"type":4,"id":1,"commands":[3,5,1,10092288,0.498039215686275,8,200,-200,7,200,200,7,-200,200,7,-200,-200,7,200,-200,5]},{"type":4,"id":28,"commands":[3,5,1,13311,0,8,1860,640,7,0,640,7,0,0,7,1860,0,7,1860,640,5]}],"frameRate":12}