{"name":null,"assets":[{"path":"symbols/19.jpg","type":"IMAGE"},{"path":"symbols/19a.png","type":"IMAGE"},{"path":"symbols/16.jpg","type":"IMAGE"},{"path":"symbols/16a.png","type":"IMAGE"},{"path":"symbols/9.jpg","type":"IMAGE"},{"path":"symbols/6.jpg","type":"IMAGE"},{"path":"symbols/5.jpg","type":"IMAGE"},{"path":"symbols/5a.png","type":"IMAGE"},{"path":"data.json","type":"TEXT"}],"rootPath":null,"version":3,"libraryArgs":["data.json","PvSDvJAb0FDfcJItIekZ"],"libraryType":"swf.exporters.animate.AnimateLibrary"}