{"root":0,"uuid":"FWwal37E2NsCS0KrCV9k","version":0.1,"symbols":[{"type":5,"frames":[{}]},{"type":5,"id":27,"frames":[{"objects":[{"name":null,"type":0,"depth":1,"symbol":26,"clipDepth":0,"id":0,"matrix":[1,0,0,1,0,0]}]}]},{"type":4,"id":26,"commands":[3,5,1,255,0.250980392156863,8,692,-493,4,980,-206,980,200,4,980,606,692,892,4,405,1180,0,1180,4,-406,1180,-694,892,4,-980,606,-980,200,4,-980,-206,-694,-493,4,-406,-780,0,-780,4,405,-780,692,-493,5]},{"type":5,"id":25,"frames":[{"objects":[{"name":null,"type":0,"depth":1,"symbol":17,"clipDepth":0,"id":0,"matrix":[1,0,0,1,73170,7650]},{"name":null,"type":0,"depth":3,"symbol":17,"clipDepth":0,"id":1,"matrix":[1,0,0,1,21270,9030]},{"name":null,"type":0,"depth":5,"symbol":17,"clipDepth":0,"id":2,"matrix":[1,0,0,1,17090,9030]},{"name":null,"type":0,"depth":7,"symbol":17,"clipDepth":0,"id":3,"matrix":[1,0,0,1,31870,11150]},{"name":null,"type":0,"depth":9,"symbol":17,"clipDepth":0,"id":4,"matrix":[1,0,0,1,45010,11150]},{"name":null,"type":0,"depth":11,"symbol":17,"clipDepth":0,"id":5,"matrix":[1,0,0,1,27430,11150]},{"name":null,"type":0,"depth":13,"symbol":17,"clipDepth":0,"id":6,"matrix":[1,0,0,1,7710,11150]},{"name":null,"type":0,"depth":15,"symbol":17,"clipDepth":0,"id":7,"matrix":[1,0,0,1,56090,9030]},{"name":null,"type":0,"depth":17,"symbol":17,"clipDepth":0,"id":8,"matrix":[1,0,0,1,48950,11150]},{"name":null,"type":0,"depth":19,"symbol":17,"clipDepth":0,"id":9,"matrix":[1,0,0,1,3870,11150]}]}]},{"type":5,"id":24,"frames":[{"objects":[{"name":null,"type":0,"depth":1,"symbol":23,"clipDepth":0,"id":0,"matrix":[1,0,0,1,0,0]}]}]},{"type":4,"id":23,"commands":[3,5,1,13311,0,8,1860,640,7,0,640,7,0,0,7,1860,0,7,1860,640,5]},{"type":5,"id":22,"frames":[{"objects":[{"name":null,"type":0,"depth":1,"symbol":17,"clipDepth":0,"id":0,"matrix":[1,0,0,1,38510,11930]},{"name":null,"type":0,"depth":3,"symbol":17,"clipDepth":0,"id":1,"matrix":[1,0,0,1,12030,12070]},{"name":null,"type":0,"depth":5,"symbol":17,"clipDepth":0,"id":2,"matrix":[1,0,0,1,54870,11930]},{"name":null,"type":0,"depth":7,"symbol":17,"clipDepth":0,"id":3,"matrix":[1,0,0,1,74750,11930]},{"name":null,"type":0,"depth":9,"symbol":17,"clipDepth":0,"id":4,"matrix":[1,0,0,1,19970,12070]},{"name":null,"type":0,"depth":11,"symbol":17,"clipDepth":0,"id":5,"matrix":[1,0,0,1,36310,11930]},{"name":null,"type":0,"depth":13,"symbol":17,"clipDepth":0,"id":6,"matrix":[1,0,0,1,72010,11930]},{"name":null,"type":0,"depth":15,"symbol":17,"clipDepth":0,"id":7,"matrix":[1,0,0,1,16570,12070]},{"name":null,"type":0,"depth":17,"symbol":17,"clipDepth":0,"id":8,"matrix":[1,0,0,1,57410,11930]},{"name":null,"type":0,"depth":19,"symbol":17,"clipDepth":0,"id":9,"matrix":[1,0,0,1,68970,11930]}]}]},{"type":5,"id":21,"frames":[{"objects":[{"name":null,"type":0,"depth":1,"symbol":17,"clipDepth":0,"id":0,"matrix":[1,0,0,1,37840,8720]},{"name":null,"type":0,"depth":3,"symbol":17,"clipDepth":0,"id":1,"matrix":[1,0,0,1,56120,8720]}]}]},{"type":5,"id":20,"frames":[{"objects":[{"name":null,"type":0,"depth":1,"symbol":17,"clipDepth":0,"id":0,"matrix":[1,0,0,1,4250,10930]},{"name":null,"type":0,"depth":3,"symbol":17,"clipDepth":0,"id":1,"matrix":[1,0,0,1,4250,10930]},{"name":null,"type":0,"depth":5,"symbol":17,"clipDepth":0,"id":2,"matrix":[1,0,0,1,4250,10930]},{"name":null,"type":0,"depth":7,"symbol":17,"clipDepth":0,"id":3,"matrix":[1,0,0,1,4250,10930]},{"name":null,"type":0,"depth":9,"symbol":17,"clipDepth":0,"id":4,"matrix":[1,0,0,1,4250,10930]},{"name":null,"type":0,"depth":11,"symbol":17,"clipDepth":0,"id":5,"matrix":[1,0,0,1,4250,10930]},{"name":null,"type":0,"depth":13,"symbol":17,"clipDepth":0,"id":6,"matrix":[1,0,0,1,4250,10930]},{"name":null,"type":0,"depth":15,"symbol":17,"clipDepth":0,"id":7,"matrix":[1,0,0,1,4250,10930]},{"name":null,"type":0,"depth":17,"symbol":17,"clipDepth":0,"id":8,"matrix":[1,0,0,1,4250,10930]},{"name":null,"type":0,"depth":19,"symbol":17,"clipDepth":0,"id":9,"matrix":[1,0,0,1,4250,10930]},{"name":null,"type":0,"depth":21,"symbol":17,"clipDepth":0,"id":10,"matrix":[1,0,0,1,4250,10930]},{"name":null,"type":0,"depth":23,"symbol":17,"clipDepth":0,"id":11,"matrix":[1,0,0,1,4250,10930]},{"name":null,"type":0,"depth":25,"symbol":17,"clipDepth":0,"id":12,"matrix":[1,0,0,1,4250,10930]},{"name":null,"type":0,"depth":27,"symbol":17,"clipDepth":0,"id":13,"matrix":[1,0,0,1,4250,10930]},{"name":null,"type":0,"depth":29,"symbol":17,"clipDepth":0,"id":14,"matrix":[1,0,0,1,4250,10930]},{"name":null,"type":0,"depth":31,"symbol":17,"clipDepth":0,"id":15,"matrix":[1,0,0,1,4250,10930]},{"name":null,"type":0,"depth":33,"symbol":17,"clipDepth":0,"id":16,"matrix":[1,0,0,1,4250,10930]},{"name":null,"type":0,"depth":35,"symbol":17,"clipDepth":0,"id":17,"matrix":[1,0,0,1,4250,10930]},{"name":null,"type":0,"depth":37,"symbol":17,"clipDepth":0,"id":18,"matrix":[1,0,0,1,4250,10930]},{"name":null,"type":0,"depth":39,"symbol":17,"clipDepth":0,"id":19,"matrix":[1,0,0,1,4250,10930]}]}]},{"type":5,"id":19,"frames":[{"objects":[{"name":null,"type":0,"depth":1,"symbol":17,"clipDepth":0,"id":0,"matrix":[1,0,0,1,52000,2760]},{"name":null,"type":0,"depth":3,"symbol":17,"clipDepth":0,"id":1,"matrix":[1,0,0,1,55820,9480]},{"name":null,"type":0,"depth":5,"symbol":17,"clipDepth":0,"id":2,"matrix":[1,0,0,1,37520,9480]},{"name":null,"type":0,"depth":7,"symbol":17,"clipDepth":0,"id":3,"matrix":[1,0,0,1,18020,5060]},{"name":null,"type":0,"depth":9,"symbol":17,"clipDepth":0,"id":4,"matrix":[1,0,0,1,72280,8020]},{"name":null,"type":0,"depth":11,"symbol":17,"clipDepth":0,"id":5,"matrix":[1,0,0,1,47220,10000]},{"name":null,"type":0,"depth":13,"symbol":17,"clipDepth":0,"id":6,"matrix":[1,0,0,1,51740,5540]},{"name":null,"type":0,"depth":15,"symbol":17,"clipDepth":0,"id":7,"matrix":[1,0,0,1,70440,3320]},{"name":null,"type":0,"depth":17,"symbol":17,"clipDepth":0,"id":8,"matrix":[1,0,0,1,19960,8600]},{"name":null,"type":0,"depth":19,"symbol":17,"clipDepth":0,"id":9,"matrix":[1,0,0,1,31560,10000]},{"name":null,"type":0,"depth":21,"symbol":17,"clipDepth":0,"id":10,"matrix":[1,0,0,1,30540,5540]},{"name":null,"type":0,"depth":23,"symbol":17,"clipDepth":0,"id":11,"matrix":[1,0,0,1,49660,10000]},{"name":null,"type":0,"depth":25,"symbol":17,"clipDepth":0,"id":12,"matrix":[1,0,0,1,16900,8600]},{"name":null,"type":0,"depth":27,"symbol":17,"clipDepth":0,"id":13,"matrix":[1,0,0,1,49080,2760]},{"name":null,"type":0,"depth":29,"symbol":17,"clipDepth":0,"id":14,"matrix":[1,0,0,1,63800,10000]},{"name":null,"type":0,"depth":31,"symbol":17,"clipDepth":0,"id":15,"matrix":[1,0,0,1,48760,5540]},{"name":null,"type":0,"depth":33,"symbol":17,"clipDepth":0,"id":16,"matrix":[1,0,0,1,68300,9480]},{"name":null,"type":0,"depth":35,"symbol":17,"clipDepth":0,"id":17,"matrix":[1,0,0,1,50240,5540]},{"name":null,"type":0,"depth":37,"symbol":17,"clipDepth":0,"id":18,"matrix":[1,0,0,1,15460,5060]},{"name":null,"type":0,"depth":39,"symbol":17,"clipDepth":0,"id":19,"matrix":[1,0,0,1,33540,5540]}]}]},{"type":5,"id":18,"frames":[{"objects":[{"name":null,"type":0,"depth":1,"symbol":17,"clipDepth":0,"id":0,"matrix":[1,0,0,1,3810,11330]},{"name":null,"type":0,"depth":3,"symbol":17,"clipDepth":0,"id":1,"matrix":[1,0,0,1,3810,11330]},{"name":null,"type":0,"depth":5,"symbol":17,"clipDepth":0,"id":2,"matrix":[1,0,0,1,3810,11330]},{"name":null,"type":0,"depth":7,"symbol":17,"clipDepth":0,"id":3,"matrix":[1,0,0,1,3810,11330]},{"name":null,"type":0,"depth":9,"symbol":17,"clipDepth":0,"id":4,"matrix":[1,0,0,1,3810,11330]},{"name":null,"type":0,"depth":11,"symbol":17,"clipDepth":0,"id":5,"matrix":[1,0,0,1,3810,11330]},{"name":null,"type":0,"depth":13,"symbol":17,"clipDepth":0,"id":6,"matrix":[1,0,0,1,3810,11330]},{"name":null,"type":0,"depth":15,"symbol":17,"clipDepth":0,"id":7,"matrix":[1,0,0,1,3810,11330]},{"name":null,"type":0,"depth":17,"symbol":17,"clipDepth":0,"id":8,"matrix":[1,0,0,1,3810,11330]},{"name":null,"type":0,"depth":19,"symbol":17,"clipDepth":0,"id":9,"matrix":[1,0,0,1,3810,11330]},{"name":null,"type":0,"depth":21,"symbol":17,"clipDepth":0,"id":10,"matrix":[1,0,0,1,3810,11330]},{"name":null,"type":0,"depth":23,"symbol":17,"clipDepth":0,"id":11,"matrix":[1,0,0,1,3810,11330]},{"name":null,"type":0,"depth":25,"symbol":17,"clipDepth":0,"id":12,"matrix":[1,0,0,1,3810,11330]},{"name":null,"type":0,"depth":27,"symbol":17,"clipDepth":0,"id":13,"matrix":[1,0,0,1,3810,11330]},{"name":null,"type":0,"depth":29,"symbol":17,"clipDepth":0,"id":14,"matrix":[1,0,0,1,3810,11330]},{"name":null,"type":0,"depth":31,"symbol":17,"clipDepth":0,"id":15,"matrix":[1,0,0,1,3810,11330]},{"name":null,"type":0,"depth":33,"symbol":17,"clipDepth":0,"id":16,"matrix":[1,0,0,1,3810,11330]},{"name":null,"type":0,"depth":35,"symbol":17,"clipDepth":0,"id":17,"matrix":[1,0,0,1,3810,11330]},{"name":null,"type":0,"depth":37,"symbol":17,"clipDepth":0,"id":18,"matrix":[1,0,0,1,3810,11330]},{"name":null,"type":0,"depth":39,"symbol":17,"clipDepth":0,"id":19,"matrix":[1,0,0,1,3810,11330]}]}]},{"type":5,"id":17,"frames":[{}]},{"type":4,"id":16,"commands":[3,5,0,15,[1,0,0,1,0,-180],false,true,8,0,-180,7,37800,-180,7,75600,-180,7,75600,14320,7,37800,14320,7,0,14320,7,0,-180,5]},{"path":"symbols/15.jpg","type":0,"id":15,"alpha":"symbols/15a.png"},{"type":5,"className":"com.darkness.tdp4.maps.view.MapGFX","baseClassName":null,"id":14,"frames":[{"objects":[{"name":null,"type":0,"depth":1,"symbol":13,"clipDepth":0,"id":0,"matrix":[1,0,0,1,0,0]}]}]},{"type":4,"id":13,"commands":[3,5,0,12,[1,0,0,1,40,-180],false,true,8,40,-180,7,37840,-180,7,75640,-180,7,75640,14320,7,37840,14320,7,40,14320,7,40,-180,5]},{"path":"symbols/12.jpg","type":0,"id":12,"alpha":"symbols/12a.png"},{"type":5,"className":"com.darkness.tdp4.maps.view.MapPolygonContainer","baseClassName":null,"id":11,"frames":[{"objects":[{"name":null,"type":0,"depth":1,"symbol":2,"clipDepth":0,"id":0,"matrix":[194.388214111328,0,0,6.39959716796875,38000,280]},{"name":null,"type":0,"depth":3,"symbol":2,"clipDepth":0,"id":1,"matrix":[194.388198852539,0,0,7.59951782226562,38000,13683]},{"name":null,"type":0,"depth":5,"symbol":2,"clipDepth":0,"id":2,"matrix":[0,-40.3492584228516,7.97872924804688,0,704,7071]},{"name":null,"type":0,"depth":7,"symbol":2,"clipDepth":0,"id":3,"matrix":[0,-40.3492584228516,7.97872924804688,0,75281,7079]},{"name":null,"type":0,"depth":9,"symbol":2,"clipDepth":0,"id":4,"matrix":[7.38932800292969,-4.71366882324219,2.76071166992188,4.32774353027344,66988,12056]},{"name":null,"type":0,"depth":11,"symbol":2,"clipDepth":0,"id":5,"matrix":[10.9234313964844,0.124847412109375,-0.0586700439453125,5.1329345703125,70054,11321]},{"name":null,"type":0,"depth":13,"symbol":2,"clipDepth":0,"id":6,"matrix":[8.55877685546875,-4.28916931152344,2.29983520507812,4.5892333984375,71181,10377]},{"name":null,"type":0,"depth":15,"symbol":2,"clipDepth":0,"id":7,"matrix":[9.47805786132812,0.108322143554688,-0.100570678710938,8.79928588867188,74265,10376]},{"name":null,"type":0,"depth":17,"symbol":2,"clipDepth":0,"id":8,"matrix":[7.52018737792969,-4.52903747558594,2.6483154296875,4.39738464355469,35315,12151]},{"name":null,"type":0,"depth":19,"symbol":2,"clipDepth":0,"id":9,"matrix":[7.02523803710938,0.080291748046875,-0.0586700439453125,5.1329345703125,37666,11397]},{"name":null,"type":0,"depth":21,"symbol":2,"clipDepth":0,"id":10,"matrix":[8.37869262695312,4.4320068359375,-2.40019226074219,4.53753662109375,40263,12173]},{"name":null,"type":0,"depth":23,"symbol":2,"clipDepth":0,"id":11,"matrix":[6.74627685546875,-4.06295776367188,2.6483154296875,4.39738464355469,54017,12231]},{"name":null,"type":0,"depth":25,"symbol":2,"clipDepth":0,"id":12,"matrix":[7.39312744140625,0.084503173828125,-0.0586700439453125,5.1329345703125,56300,11625]},{"name":null,"type":0,"depth":27,"symbol":2,"clipDepth":0,"id":13,"matrix":[8.45880126953125,4.27714538574219,-2.3162841796875,4.58091735839844,59031,12407]},{"name":null,"type":0,"depth":29,"symbol":2,"clipDepth":0,"id":14,"matrix":[26.2500152587891,0.0020294189453125,-0.0021209716796875,5.858154296875,16983,11430]},{"name":null,"type":0,"depth":31,"symbol":2,"clipDepth":0,"id":15,"matrix":[4.71745300292969,0.0003662109375,-0.001953125,5.13328552246094,11121,12240]},{"name":null,"type":0,"depth":33,"symbol":2,"clipDepth":0,"id":16,"matrix":[6.75250244140625,0.0005035400390625,-0.000274658203125,0.718658447265625,50723,5944]},{"name":null,"type":0,"depth":35,"symbol":2,"clipDepth":0,"id":17,"matrix":[3.04928588867188,-0.816757202148438,0.18572998046875,0.694244384765625,52600,5771]},{"name":null,"type":0,"depth":37,"symbol":2,"clipDepth":0,"id":18,"matrix":[-3.09866333007812,-0.602813720703125,0.137435913085938,-0.70538330078125,48789,5837]},{"name":null,"type":0,"depth":39,"symbol":2,"clipDepth":0,"id":19,"matrix":[6.75250244140625,0.0005035400390625,-0.000274658203125,0.718658447265625,32210,5950]},{"name":null,"type":0,"depth":41,"symbol":2,"clipDepth":0,"id":20,"matrix":[3.04928588867188,-0.816757202148438,0.18572998046875,0.694244384765625,34087,5777]},{"name":null,"type":0,"depth":43,"symbol":2,"clipDepth":0,"id":21,"matrix":[-3.09866333007812,-0.602813720703125,0.137435913085938,-0.70538330078125,30276,5843]},{"name":null,"type":0,"depth":45,"symbol":2,"clipDepth":0,"id":22,"matrix":[6.75250244140625,0.0005035400390625,-0.000274658203125,0.718658447265625,17030,5970]},{"name":null,"type":0,"depth":47,"symbol":2,"clipDepth":0,"id":23,"matrix":[3.04928588867188,-0.816757202148438,0.18572998046875,0.694244384765625,18907,5797]},{"name":null,"type":0,"depth":49,"symbol":2,"clipDepth":0,"id":24,"matrix":[-3.09866333007812,-0.602813720703125,0.137435913085938,-0.70538330078125,15096,5863]},{"name":null,"type":0,"depth":51,"symbol":2,"clipDepth":0,"id":25,"matrix":[1.47373962402344,0.0001068115234375,-0.0009002685546875,2.36338806152344,5924,11745]},{"name":null,"type":0,"depth":53,"symbol":2,"clipDepth":0,"id":26,"matrix":[0.4176025390625,6.7393798828125,-0.717193603515625,0.044189453125,22204,11598]}]}]},{"type":5,"className":"com.darkness.tdp4.maps.view.MapGFXBack","baseClassName":null,"id":10,"frames":[{"objects":[{"name":null,"type":0,"depth":1,"symbol":9,"clipDepth":0,"id":0,"matrix":[1,0,0,1,0,0]}]}]},{"type":4,"id":9,"commands":[3,5,1,10092288,0.498039215686275,8,67914,10247,7,67929,10270,7,69078,10283,7,72389,8623,7,72389,8594,7,73685,8609,7,73685,1560,7,37993,1560,7,2301,1560,7,2300,12163,7,5629,12163,7,5629,11272,7,6219,11272,7,6219,12163,7,10178,12163,7,10178,11213,7,11733,11213,7,11733,10258,7,22233,10258,7,22233,12163,7,33306,12163,7,36273,10376,7,36273,10354,7,39064,10386,7,39067,10379,7,39080,10386,7,39083,10386,7,39083,10388,7,42419,12151,7,42413,12163,7,52142,12163,7,54836,10539,7,54862,10582,7,57791,10615,7,57791,10659,7,57802,10636,7,60824,12163,7,64977,12163,7,64958,12133,7,67914,10247,8,72349,12114,7,72363,10933,7,72243,10993,7,72230,12163,7,73684,12163,7,73684,12130,7,72349,12114,8,76878,12163,7,76878,15203,7,38000,15203,7,-878,15203,7,-878,15141,7,-892,15141,7,-892,-999,7,-878,-999,7,-878,-1000,7,38000,-1000,7,76878,-1000,7,76877,12163,7,76878,12163,5]},{"type":5,"className":"com.darkness.tdp4.maps.view.MapTestPolygonContainer","baseClassName":null,"id":8,"frames":[{"objects":[{"name":null,"type":0,"depth":1,"symbol":2,"clipDepth":0,"id":0,"matrix":[-0.0868988037109375,-0.0004730224609375,0.032470703125,-5.87481689453125,12436,11607]},{"name":null,"type":0,"depth":3,"symbol":2,"clipDepth":0,"id":1,"matrix":[-0.0868988037109375,-0.0004730224609375,0.032470703125,-5.87481689453125,20936,11607]},{"name":null,"type":0,"depth":5,"symbol":2,"clipDepth":0,"id":2,"matrix":[-0.0868988037109375,-0.0004730224609375,0.032470703125,-5.87481689453125,5896,12687]},{"name":null,"type":0,"depth":7,"symbol":2,"clipDepth":0,"id":3,"matrix":[-0.0868988037109375,-0.0004730224609375,0.032470703125,-5.87481689453125,37837,11800]},{"name":null,"type":0,"depth":9,"symbol":2,"clipDepth":0,"id":4,"matrix":[-0.0868988037109375,-0.0004730224609375,0.032470703125,-5.87481689453125,56357,11805]}]}]},{"type":5,"className":"com.darkness.tdp4.maps.view.MapBGS","baseClassName":null,"id":7,"frames":[{"objects":[{"name":null,"type":0,"depth":1,"symbol":6,"clipDepth":0,"id":0,"matrix":[1,0,0,1,0,0]}]}]},{"type":5,"id":6,"frames":[{"objects":[{"type":0,"depth":0,"symbol":5,"clipDepth":0,"id":0,"visible":true,"matrix":[1,0,0,1,0,0]}]}]},{"path":"symbols/5.jpg","type":0,"id":5},{"type":5,"className":"com.darkness.tdp4.maps.view.GameMap","baseClassName":null,"id":32,"frames":[{"objects":[{"name":null,"type":0,"depth":1,"symbol":31,"clipDepth":0,"id":0,"matrix":[1,0,0,1,-22800,-4000]},{"name":null,"type":0,"depth":182,"symbol":14,"clipDepth":0,"id":1,"matrix":[1,0,0,1,-22800,-4000]},{"name":null,"type":0,"depth":184,"symbol":11,"clipDepth":0,"id":2,"matrix":[1,0,0,1,-22800,-4000]},{"name":null,"type":0,"depth":238,"symbol":10,"clipDepth":0,"id":3,"visible":false,"matrix":[1,0,0,1,-22800,-4000]},{"name":null,"type":0,"depth":240,"symbol":8,"clipDepth":0,"id":4,"visible":false,"matrix":[1,0,0,1,-22800,-4000]}]}]},{"type":5,"className":"com.darkness.tdp4.maps.view.MapTop","baseClassName":null,"id":4,"frames":[{}]},{"type":5,"className":"com.darkness.tdp4.maps.view.Map","baseClassName":null,"id":31,"frames":[{"objects":[{"name":null,"type":0,"depth":1,"symbol":16,"clipDepth":0,"id":0,"matrix":[1,0,0,1,0,0]},{"name":"respawnCon","type":0,"depth":2,"symbol":18,"clipDepth":0,"id":1,"matrix":[1,0,0,1,0,0]},{"name":"botRespawn","type":0,"depth":42,"symbol":19,"clipDepth":0,"id":2,"matrix":[1,0,0,1,0,0]},{"name":"singlePlayerRespawnCon","type":0,"depth":82,"symbol":20,"clipDepth":0,"id":3,"matrix":[1,0,0,1,0,0]},{"name":"turretRespawn","type":0,"depth":122,"symbol":21,"clipDepth":0,"id":4,"matrix":[1,0,0,1,0,0]},{"name":"controllPointsCon","type":0,"depth":126,"symbol":22,"clipDepth":0,"id":5,"matrix":[1,0,0,1,0,0]},{"name":"waypoint_0","type":0,"depth":146,"symbol":24,"clipDepth":0,"id":6,"matrix":[0.58050537109375,0,0,2.5625,23740,10140]},{"name":"waypoint_1","type":0,"depth":148,"symbol":24,"clipDepth":0,"id":7,"matrix":[0.58050537109375,0,0,2.5625,30100,10140]},{"name":"waypoint_2","type":0,"depth":150,"symbol":24,"clipDepth":0,"id":8,"matrix":[0.58050537109375,0,0,2.5625,37280,8500]},{"name":"waypoint_3","type":0,"depth":152,"symbol":24,"clipDepth":0,"id":9,"matrix":[0.58050537109375,0,0,2.5625,44160,9860]},{"name":"waypoint_4","type":0,"depth":154,"symbol":24,"clipDepth":0,"id":10,"matrix":[0.58050537109375,0,0,2.5625,55100,8500]},{"name":"waypoint_5","type":0,"depth":156,"symbol":24,"clipDepth":0,"id":11,"matrix":[0.58050537109375,0,0,2.5625,62100,10140]},{"name":"waypoint_6","type":0,"depth":158,"symbol":24,"clipDepth":0,"id":12,"matrix":[0.58050537109375,0,0,2.5625,71740,6320]},{"name":"itemCon","type":0,"depth":160,"symbol":25,"clipDepth":0,"id":13,"matrix":[1,0,0,1,0,0]},{"name":"flagBaseCon","type":0,"depth":180,"symbol":30,"clipDepth":0,"id":14,"matrix":[1,0,0,1,0,0]}]}]},{"type":5,"className":"com.darkness.tdp4.maps.view.MapBulletProofPolygonContainer","baseClassName":null,"id":3,"frames":[{"objects":[{"name":null,"type":0,"depth":1,"symbol":2,"clipDepth":0,"id":0,"matrix":[194.388214111328,0,0,6.39959716796875,38000,280]},{"name":null,"type":0,"depth":3,"symbol":2,"clipDepth":0,"id":1,"matrix":[194.388198852539,0,0,7.59951782226562,38000,13683]},{"name":null,"type":0,"depth":5,"symbol":2,"clipDepth":0,"id":2,"matrix":[0,-40.3492584228516,7.97872924804688,0,704,7071]},{"name":null,"type":0,"depth":7,"symbol":2,"clipDepth":0,"id":3,"matrix":[0,-40.3492584228516,7.97872924804688,0,75281,7079]},{"name":null,"type":0,"depth":9,"symbol":2,"clipDepth":0,"id":4,"matrix":[7.38932800292969,-4.71366882324219,2.76071166992188,4.32774353027344,66988,12056]},{"name":null,"type":0,"depth":11,"symbol":2,"clipDepth":0,"id":5,"matrix":[10.9234313964844,0.124847412109375,-0.0586700439453125,5.1329345703125,70054,11321]},{"name":null,"type":0,"depth":13,"symbol":2,"clipDepth":0,"id":6,"matrix":[8.55877685546875,-4.28916931152344,2.29983520507812,4.5892333984375,71181,10377]},{"name":null,"type":0,"depth":15,"symbol":2,"clipDepth":0,"id":7,"matrix":[9.47805786132812,0.108322143554688,-0.100570678710938,8.79928588867188,74265,10376]},{"name":null,"type":0,"depth":17,"symbol":2,"clipDepth":0,"id":8,"matrix":[7.52018737792969,-4.52903747558594,2.6483154296875,4.39738464355469,35315,12151]},{"name":null,"type":0,"depth":19,"symbol":2,"clipDepth":0,"id":9,"matrix":[7.02523803710938,0.080291748046875,-0.0586700439453125,5.1329345703125,37666,11397]},{"name":null,"type":0,"depth":21,"symbol":2,"clipDepth":0,"id":10,"matrix":[8.37869262695312,4.4320068359375,-2.40019226074219,4.53753662109375,40263,12173]},{"name":null,"type":0,"depth":23,"symbol":2,"clipDepth":0,"id":11,"matrix":[6.74627685546875,-4.06295776367188,2.6483154296875,4.39738464355469,54017,12231]},{"name":null,"type":0,"depth":25,"symbol":2,"clipDepth":0,"id":12,"matrix":[7.39312744140625,0.084503173828125,-0.0586700439453125,5.1329345703125,56300,11625]},{"name":null,"type":0,"depth":27,"symbol":2,"clipDepth":0,"id":13,"matrix":[8.45880126953125,4.27714538574219,-2.3162841796875,4.58091735839844,59031,12407]},{"name":null,"type":0,"depth":29,"symbol":2,"clipDepth":0,"id":14,"matrix":[26.2500152587891,0.0020294189453125,-0.0021209716796875,5.858154296875,16983,11430]},{"name":null,"type":0,"depth":31,"symbol":2,"clipDepth":0,"id":15,"matrix":[4.71745300292969,0.0003662109375,-0.001953125,5.13328552246094,11121,12240]},{"name":null,"type":0,"depth":33,"symbol":2,"clipDepth":0,"id":16,"matrix":[1.47373962402344,0.0001068115234375,-0.0009002685546875,2.36338806152344,5924,11745]},{"name":null,"type":0,"depth":35,"symbol":2,"clipDepth":0,"id":17,"matrix":[0.4176025390625,6.7393798828125,-0.717193603515625,0.044189453125,22204,11598]}]}]},{"type":5,"id":30,"frames":[{"objects":[{"name":"base_2","type":0,"depth":1,"symbol":27,"clipDepth":0,"id":0,"filters":[[0,40,40,1]],"matrix":[1,0,0,1,62200,11600]},{"name":"base_1","type":0,"depth":3,"symbol":29,"clipDepth":0,"id":1,"filters":[[0,40,40,1]],"matrix":[1,0,0,1,16800,9000]}]}]},{"type":5,"id":2,"frames":[{"objects":[{"name":null,"type":0,"depth":1,"symbol":1,"clipDepth":0,"id":0,"matrix":[1,0,0,1,0,0]}]}]},{"type":5,"id":29,"frames":[{"objects":[{"name":null,"type":0,"depth":1,"symbol":28,"clipDepth":0,"id":0,"matrix":[1,0,0,1,0,0]}]}]},{"type":4,"id":1,"commands":[3,5,1,10092288,0.498039215686275,8,200,-200,7,200,200,7,-200,200,7,-200,-200,7,200,-200,5]},{"type":4,"id":28,"commands":[3,5,1,16711680,0.250980392156863,8,692,-493,4,980,-206,980,200,4,980,606,692,892,4,405,1180,0,1180,4,-406,1180,-694,892,4,-980,606,-980,200,4,-980,-206,-694,-493,4,-406,-780,0,-780,4,405,-780,692,-493,5]}],"frameRate":12}