{"root":0,"uuid":"RXlvm5HH7gZhTFCgvHRO","version":0.1,"symbols":[{"type":5,"frames":[{}]},{"type":4,"id":27,"commands":[3,5,1,13311,0,8,1860,640,7,0,640,7,0,0,7,1860,0,7,1860,640,5]},{"type":5,"id":26,"frames":[{"objects":[{"name":null,"type":0,"depth":1,"symbol":19,"clipDepth":0,"id":0,"matrix":[1,0,0,1,13790,11590]},{"name":null,"type":0,"depth":3,"symbol":19,"clipDepth":0,"id":1,"matrix":[1,0,0,1,4590,5790]},{"name":null,"type":0,"depth":5,"symbol":19,"clipDepth":0,"id":2,"matrix":[1,0,0,1,31190,1790]},{"name":null,"type":0,"depth":7,"symbol":19,"clipDepth":0,"id":3,"matrix":[1,0,0,1,15190,6590]},{"name":null,"type":0,"depth":9,"symbol":19,"clipDepth":0,"id":4,"matrix":[1,0,0,1,20990,12190]},{"name":null,"type":0,"depth":11,"symbol":19,"clipDepth":0,"id":5,"matrix":[1,0,0,1,30390,4790]},{"name":null,"type":0,"depth":13,"symbol":19,"clipDepth":0,"id":6,"matrix":[1,0,0,1,15590,9790]},{"name":null,"type":0,"depth":15,"symbol":19,"clipDepth":0,"id":7,"matrix":[1,0,0,1,32790,10190]},{"name":null,"type":0,"depth":17,"symbol":19,"clipDepth":0,"id":8,"matrix":[1,0,0,1,3590,10190]},{"name":null,"type":0,"depth":19,"symbol":19,"clipDepth":0,"id":9,"matrix":[1,0,0,1,790,2390]}]}]},{"type":5,"id":25,"frames":[{"objects":[{"name":null,"type":0,"depth":1,"symbol":19,"clipDepth":0,"id":0,"matrix":[1,0,0,1,4140,740]},{"name":null,"type":0,"depth":3,"symbol":19,"clipDepth":0,"id":1,"matrix":[1,0,0,1,6180,5220]},{"name":null,"type":0,"depth":5,"symbol":19,"clipDepth":0,"id":2,"matrix":[1,0,0,1,6180,2500]},{"name":null,"type":0,"depth":7,"symbol":19,"clipDepth":0,"id":3,"matrix":[1,0,0,1,13420,5100]},{"name":null,"type":0,"depth":9,"symbol":19,"clipDepth":0,"id":4,"matrix":[1,0,0,1,17260,5100]},{"name":null,"type":0,"depth":11,"symbol":19,"clipDepth":0,"id":5,"matrix":[1,0,0,1,13580,12080]},{"name":null,"type":0,"depth":13,"symbol":19,"clipDepth":0,"id":6,"matrix":[1,0,0,1,16640,12080]},{"name":null,"type":0,"depth":15,"symbol":19,"clipDepth":0,"id":7,"matrix":[1,0,0,1,15880,8240]},{"name":null,"type":0,"depth":17,"symbol":19,"clipDepth":0,"id":8,"matrix":[1,0,0,1,18840,8240]},{"name":null,"type":0,"depth":19,"symbol":19,"clipDepth":0,"id":9,"matrix":[1,0,0,1,18840,10800]},{"name":null,"type":0,"depth":21,"symbol":19,"clipDepth":0,"id":10,"matrix":[1,0,0,1,21440,10280]},{"name":null,"type":0,"depth":23,"symbol":19,"clipDepth":0,"id":11,"matrix":[1,0,0,1,26760,9940]},{"name":null,"type":0,"depth":25,"symbol":19,"clipDepth":0,"id":12,"matrix":[1,0,0,1,30420,10280]},{"name":null,"type":0,"depth":27,"symbol":19,"clipDepth":0,"id":13,"matrix":[1,0,0,1,28120,12560]},{"name":null,"type":0,"depth":29,"symbol":19,"clipDepth":0,"id":14,"matrix":[1,0,0,1,32840,12240]},{"name":null,"type":0,"depth":31,"symbol":19,"clipDepth":0,"id":15,"matrix":[1,0,0,1,34920,7640]},{"name":null,"type":0,"depth":33,"symbol":19,"clipDepth":0,"id":16,"matrix":[1,0,0,1,37460,10280]},{"name":null,"type":0,"depth":35,"symbol":19,"clipDepth":0,"id":17,"matrix":[1,0,0,1,9860,10800]},{"name":null,"type":0,"depth":37,"symbol":19,"clipDepth":0,"id":18,"matrix":[1,0,0,1,25040,12080]},{"name":null,"type":0,"depth":39,"symbol":19,"clipDepth":0,"id":19,"matrix":[1,0,0,1,8120,10640]}]}]},{"type":5,"id":24,"frames":[{"objects":[{"name":null,"type":0,"depth":1,"symbol":19,"clipDepth":0,"id":0,"matrix":[1,0,0,1,35590,14310]},{"name":null,"type":0,"depth":3,"symbol":19,"clipDepth":0,"id":1,"matrix":[1,0,0,1,16910,14010]},{"name":null,"type":0,"depth":5,"symbol":19,"clipDepth":0,"id":2,"matrix":[1,0,0,1,23050,14090]},{"name":null,"type":0,"depth":7,"symbol":19,"clipDepth":0,"id":3,"matrix":[1,0,0,1,1590,13650]},{"name":null,"type":0,"depth":9,"symbol":19,"clipDepth":0,"id":4,"matrix":[1,0,0,1,30190,14310]},{"name":null,"type":0,"depth":11,"symbol":19,"clipDepth":0,"id":5,"matrix":[1,0,0,1,7730,13850]},{"name":null,"type":0,"depth":13,"symbol":19,"clipDepth":0,"id":6,"matrix":[1,0,0,1,20570,14090]},{"name":null,"type":0,"depth":15,"symbol":19,"clipDepth":0,"id":7,"matrix":[1,0,0,1,14190,14090]},{"name":null,"type":0,"depth":17,"symbol":19,"clipDepth":0,"id":8,"matrix":[1,0,0,1,10370,13930]},{"name":null,"type":0,"depth":19,"symbol":19,"clipDepth":0,"id":9,"matrix":[1,0,0,1,5430,13490]}]}]},{"type":5,"id":23,"frames":[{"objects":[{"name":null,"type":0,"depth":1,"symbol":19,"clipDepth":0,"id":0,"matrix":[0.77056884765625,0,0,0.77056884765625,3678,3419]},{"name":null,"type":0,"depth":3,"symbol":19,"clipDepth":0,"id":1,"matrix":[0.77056884765625,0,0,0.77056884765625,1538,7638]},{"name":null,"type":0,"depth":5,"symbol":19,"clipDepth":0,"id":2,"matrix":[0.77056884765625,0,0,0.77056884765625,31298,2558]},{"name":null,"type":0,"depth":7,"symbol":19,"clipDepth":0,"id":3,"matrix":[0.77056884765625,0,0,0.77056884765625,358,2557]},{"name":null,"type":0,"depth":9,"symbol":19,"clipDepth":0,"id":4,"matrix":[0.77056884765625,0,0,0.77056884765625,35658,7638]},{"name":null,"type":0,"depth":11,"symbol":19,"clipDepth":0,"id":5,"matrix":[0.77056884765625,0,0,0.77056884765625,37458,10358]}]}]},{"type":5,"id":22,"frames":[{"objects":[{"name":null,"type":0,"depth":1,"symbol":19,"clipDepth":0,"id":0,"matrix":[1,0,0,1,8520,10360]},{"name":null,"type":0,"depth":3,"symbol":19,"clipDepth":0,"id":1,"matrix":[1,0,0,1,21520,8100]},{"name":null,"type":0,"depth":5,"symbol":19,"clipDepth":0,"id":2,"matrix":[1,0,0,1,15160,8100]},{"name":null,"type":0,"depth":7,"symbol":19,"clipDepth":0,"id":3,"matrix":[1,0,0,1,29800,10120]},{"name":null,"type":0,"depth":9,"symbol":19,"clipDepth":0,"id":4,"matrix":[1,0,0,1,16240,11560]},{"name":null,"type":0,"depth":11,"symbol":19,"clipDepth":0,"id":5,"matrix":[1,0,0,1,5840,5580]},{"name":null,"type":0,"depth":13,"symbol":19,"clipDepth":0,"id":6,"matrix":[1,0,0,1,13120,11560]},{"name":null,"type":0,"depth":15,"symbol":19,"clipDepth":0,"id":7,"matrix":[1,0,0,1,4080,7840]},{"name":null,"type":0,"depth":17,"symbol":19,"clipDepth":0,"id":8,"matrix":[1,0,0,1,16240,4620]},{"name":null,"type":0,"depth":19,"symbol":19,"clipDepth":0,"id":9,"matrix":[1,0,0,1,26620,12440]}]}]},{"type":5,"id":21,"frames":[{"objects":[{"name":null,"type":0,"depth":1,"symbol":19,"clipDepth":0,"id":0,"matrix":[1,0,0,1,31130,1790]},{"name":null,"type":0,"depth":3,"symbol":19,"clipDepth":0,"id":1,"matrix":[1,0,0,1,31130,1790]},{"name":null,"type":0,"depth":5,"symbol":19,"clipDepth":0,"id":2,"matrix":[1,0,0,1,31130,1790]},{"name":null,"type":0,"depth":7,"symbol":19,"clipDepth":0,"id":3,"matrix":[1,0,0,1,31130,1790]},{"name":null,"type":0,"depth":9,"symbol":19,"clipDepth":0,"id":4,"matrix":[1,0,0,1,31130,1790]},{"name":null,"type":0,"depth":11,"symbol":19,"clipDepth":0,"id":5,"matrix":[1,0,0,1,31130,1790]},{"name":null,"type":0,"depth":13,"symbol":19,"clipDepth":0,"id":6,"matrix":[1,0,0,1,31130,1790]},{"name":null,"type":0,"depth":15,"symbol":19,"clipDepth":0,"id":7,"matrix":[1,0,0,1,31130,1790]},{"name":null,"type":0,"depth":17,"symbol":19,"clipDepth":0,"id":8,"matrix":[1,0,0,1,31130,1790]},{"name":null,"type":0,"depth":19,"symbol":19,"clipDepth":0,"id":9,"matrix":[1,0,0,1,31130,1790]},{"name":null,"type":0,"depth":21,"symbol":19,"clipDepth":0,"id":10,"matrix":[1,0,0,1,31130,1790]},{"name":null,"type":0,"depth":23,"symbol":19,"clipDepth":0,"id":11,"matrix":[1,0,0,1,31130,1790]},{"name":null,"type":0,"depth":25,"symbol":19,"clipDepth":0,"id":12,"matrix":[1,0,0,1,31130,1790]},{"name":null,"type":0,"depth":27,"symbol":19,"clipDepth":0,"id":13,"matrix":[1,0,0,1,31130,1790]},{"name":null,"type":0,"depth":29,"symbol":19,"clipDepth":0,"id":14,"matrix":[1,0,0,1,31130,1790]},{"name":null,"type":0,"depth":31,"symbol":19,"clipDepth":0,"id":15,"matrix":[1,0,0,1,31130,1790]},{"name":null,"type":0,"depth":33,"symbol":19,"clipDepth":0,"id":16,"matrix":[1,0,0,1,31130,1790]},{"name":null,"type":0,"depth":35,"symbol":19,"clipDepth":0,"id":17,"matrix":[1,0,0,1,31130,1790]},{"name":null,"type":0,"depth":37,"symbol":19,"clipDepth":0,"id":18,"matrix":[1,0,0,1,31130,1790]},{"name":null,"type":0,"depth":39,"symbol":19,"clipDepth":0,"id":19,"matrix":[1,0,0,1,31130,1790]}]}]},{"type":5,"id":20,"frames":[{"objects":[{"name":null,"type":0,"depth":1,"symbol":19,"clipDepth":0,"id":0,"matrix":[1,0,0,1,16190,4390]},{"name":null,"type":0,"depth":3,"symbol":19,"clipDepth":0,"id":1,"matrix":[1,0,0,1,28790,12190]},{"name":null,"type":0,"depth":5,"symbol":19,"clipDepth":0,"id":2,"matrix":[1,0,0,1,33190,5190]},{"name":null,"type":0,"depth":7,"symbol":19,"clipDepth":0,"id":3,"matrix":[1,0,0,1,17590,10390]},{"name":null,"type":0,"depth":9,"symbol":19,"clipDepth":0,"id":4,"matrix":[1,0,0,1,30790,4590]},{"name":null,"type":0,"depth":11,"symbol":19,"clipDepth":0,"id":5,"matrix":[1,0,0,1,3790,10190]},{"name":null,"type":0,"depth":13,"symbol":19,"clipDepth":0,"id":6,"matrix":[1,0,0,1,25190,9590]},{"name":null,"type":0,"depth":15,"symbol":19,"clipDepth":0,"id":7,"matrix":[1,0,0,1,990,2190]},{"name":null,"type":0,"depth":17,"symbol":19,"clipDepth":0,"id":8,"matrix":[1,0,0,1,3390,7790]},{"name":null,"type":0,"depth":19,"symbol":19,"clipDepth":0,"id":9,"matrix":[1,0,0,1,20390,9990]},{"name":null,"type":0,"depth":21,"symbol":19,"clipDepth":0,"id":10,"matrix":[1,0,0,1,4790,5790]},{"name":null,"type":0,"depth":23,"symbol":19,"clipDepth":0,"id":11,"matrix":[1,0,0,1,29590,9590]},{"name":null,"type":0,"depth":25,"symbol":19,"clipDepth":0,"id":12,"matrix":[1,0,0,1,21990,8190]},{"name":null,"type":0,"depth":27,"symbol":19,"clipDepth":0,"id":13,"matrix":[1,0,0,1,5390,2190]},{"name":null,"type":0,"depth":29,"symbol":19,"clipDepth":0,"id":14,"matrix":[1,0,0,1,25990,5990]},{"name":null,"type":0,"depth":31,"symbol":19,"clipDepth":0,"id":15,"matrix":[1,0,0,1,34990,6190]},{"name":null,"type":0,"depth":33,"symbol":19,"clipDepth":0,"id":16,"matrix":[1,0,0,1,10990,5790]},{"name":null,"type":0,"depth":35,"symbol":19,"clipDepth":0,"id":17,"matrix":[1,0,0,1,15190,6390]},{"name":null,"type":0,"depth":37,"symbol":19,"clipDepth":0,"id":18,"matrix":[1,0,0,1,33190,9990]},{"name":null,"type":0,"depth":39,"symbol":19,"clipDepth":0,"id":19,"matrix":[1,0,0,1,10590,11190]}]}]},{"type":5,"id":19,"frames":[{}]},{"type":5,"id":18,"frames":[{"objects":[{"type":0,"depth":0,"symbol":17,"clipDepth":0,"id":0,"visible":true,"matrix":[1,0,0,1,0,0]}]}]},{"path":"symbols/17.jpg","type":0,"id":17,"alpha":"symbols/17a.png"},{"type":5,"className":"com.darkness.tdp4.maps.view.MapGFX","baseClassName":null,"id":16,"frames":[{"objects":[{"name":null,"type":0,"depth":1,"symbol":15,"clipDepth":0,"id":0,"matrix":[1,0,0,1,0,0]}]}]},{"type":5,"id":15,"frames":[{"objects":[{"type":0,"depth":0,"symbol":14,"clipDepth":0,"id":0,"visible":true,"matrix":[1,0,0,1,0,0]}]}]},{"path":"symbols/14.jpg","type":0,"id":14,"alpha":"symbols/14a.png"},{"type":5,"className":"com.darkness.tdp4.maps.view.MapTop","baseClassName":null,"id":13,"frames":[{"objects":[{"name":null,"type":0,"depth":1,"symbol":12,"clipDepth":0,"id":0,"blendMode":"multiply","matrix":[1,0,0,1,0,0]}]}]},{"type":5,"id":12,"frames":[{"objects":[{"name":null,"type":0,"depth":1,"symbol":11,"clipDepth":0,"id":0,"matrix":[1,0,0,1,0,0]}]}]},{"type":4,"id":11,"commands":[3,5,1,16682591,0.450980392156863,8,40000,28100,7,0,28100,7,0,0,7,40000,0,7,40000,28100,5]},{"type":5,"className":"com.darkness.tdp4.maps.view.MapPolygonContainer","baseClassName":null,"id":10,"frames":[{"objects":[{"name":null,"type":0,"depth":1,"symbol":2,"clipDepth":0,"id":0,"matrix":[0.350753784179688,0,0,40.8963012695312,150,6274]},{"name":null,"type":0,"depth":3,"symbol":2,"clipDepth":0,"id":1,"matrix":[95.0887145996094,0,0,0.350006103515625,19017,14273]},{"name":null,"type":0,"depth":5,"symbol":2,"clipDepth":0,"id":2,"matrix":[94.2750396728516,0,0,0.350006103515625,18995,-1890]},{"name":null,"type":0,"depth":7,"symbol":2,"clipDepth":0,"id":3,"matrix":[0.350753784179688,0,0,41.0020904541016,37768,6291]},{"name":null,"type":0,"depth":9,"symbol":2,"clipDepth":0,"id":4,"matrix":[5.8194580078125,-0.0003509521484375,9.1552734375e-05,1.926025390625,21035,11217]},{"name":null,"type":0,"depth":11,"symbol":2,"clipDepth":0,"id":5,"matrix":[18.5787811279297,-0.00360107421875,0.0001068115234375,0.557830810546875,18283,9101]},{"name":null,"type":0,"depth":13,"symbol":2,"clipDepth":0,"id":6,"matrix":[2.38296508789062,-3.93853759765625,1.31884765625,0.798004150390625,14278,9947]},{"name":null,"type":0,"depth":15,"symbol":2,"clipDepth":0,"id":7,"matrix":[15.9358520507812,-0.14697265625,0.00640869140625,0.695281982421875,31404,11140]},{"name":null,"type":0,"depth":17,"symbol":2,"clipDepth":0,"id":8,"matrix":[6.83038330078125,0.100738525390625,-0.0103302001953125,0.701004028320312,30566,5720]},{"name":null,"type":0,"depth":19,"symbol":2,"clipDepth":0,"id":9,"matrix":[-8.98348999023438,-8.128173828125,0.4471435546875,-0.494140625,33631,7321]},{"name":null,"type":0,"depth":21,"symbol":2,"clipDepth":0,"id":10,"matrix":[14.4927368164062,-0.0035247802734375,9.1552734375e-05,0.378646850585938,15704,12430]},{"name":null,"type":0,"depth":23,"symbol":2,"clipDepth":0,"id":11,"matrix":[3.96490478515625,-0.349273681640625,0.041839599609375,0.475051879882812,14580,5759]},{"name":null,"type":0,"depth":25,"symbol":2,"clipDepth":0,"id":12,"matrix":[10.514892578125,1.30596923828125,-0.058807373046875,0.473190307617188,10712,6789]},{"name":null,"type":0,"depth":27,"symbol":2,"clipDepth":0,"id":13,"matrix":[32.6906890869141,-0.0865478515625,0.00189208984375,0.7138671875,31352,13305]},{"name":null,"type":0,"depth":29,"symbol":2,"clipDepth":0,"id":14,"matrix":[3.25352478027344,-0.8203125,0.146636962890625,0.581497192382812,4325,11273]},{"name":null,"type":0,"depth":31,"symbol":2,"clipDepth":0,"id":15,"matrix":[11.5443725585938,0.0721588134765625,-0.0037384033203125,0.600631713867188,2486,8607]},{"name":null,"type":0,"depth":33,"symbol":2,"clipDepth":0,"id":16,"matrix":[11.8387908935547,0.0739898681640625,-0.0037384033203125,0.600631713867188,3618,6707]},{"name":null,"type":0,"depth":35,"symbol":2,"clipDepth":0,"id":17,"matrix":[5.33697509765625,-0.37030029296875,0.0415191650390625,0.598098754882812,6020,11042]},{"name":null,"type":0,"depth":37,"symbol":2,"clipDepth":0,"id":18,"matrix":[2.0557861328125,0.755722045898438,-0.206588745117188,0.56207275390625,8195,11677]},{"name":null,"type":0,"depth":39,"symbol":2,"clipDepth":0,"id":19,"matrix":[9.99247741699219,-0.0005950927734375,3.0517578125e-05,0.778640747070312,14597,10755]},{"name":null,"type":0,"depth":41,"symbol":2,"clipDepth":0,"id":20,"matrix":[1.999267578125,-0.0001220703125,3.0517578125e-05,0.611663818359375,19401,11520]},{"name":null,"type":0,"depth":43,"symbol":2,"clipDepth":0,"id":21,"matrix":[5.03521728515625,0.0054473876953125,-0.003997802734375,3.6754150390625,19395,12476]},{"name":null,"type":0,"depth":45,"symbol":2,"clipDepth":0,"id":22,"matrix":[5.01036071777344,-4.6282958984375,0.406906127929688,0.440475463867188,2340,5740]},{"name":null,"type":0,"depth":47,"symbol":2,"clipDepth":0,"id":23,"matrix":[1.26884460449219,-0.646347045898438,0.2490234375,0.488861083984375,25970,10704]},{"name":null,"type":0,"depth":49,"symbol":2,"clipDepth":0,"id":24,"matrix":[0.809555053710938,-0.949188232421875,0.314895629882812,0.268569946289062,25535,11026]},{"name":null,"type":0,"depth":51,"symbol":2,"clipDepth":0,"id":25,"matrix":[1.88284301757812,1.08500671386719,-0.29827880859375,0.517730712890625,8980,12057]},{"name":null,"type":0,"depth":53,"symbol":2,"clipDepth":0,"id":26,"matrix":[3.49325561523438,0.0218353271484375,-0.0018157958984375,0.289810180664062,6158,7017]},{"name":null,"type":0,"depth":55,"symbol":2,"clipDepth":0,"id":27,"matrix":[7.63676452636719,1.05859375,-0.09796142578125,0.706771850585938,23320,13105]},{"name":null,"type":0,"depth":57,"symbol":2,"clipDepth":0,"id":28,"matrix":[1.11529541015625,-0.2347412109375,0.112960815429688,0.5367431640625,26443,10526]},{"name":null,"type":0,"depth":59,"symbol":2,"clipDepth":0,"id":29,"matrix":[2.71580505371094,1.6929931640625,-0.28955078125,0.464508056640625,27654,10796]},{"name":null,"type":0,"depth":61,"symbol":2,"clipDepth":0,"id":30,"matrix":[1.237548828125,-0.0070343017578125,0.0030975341796875,0.548141479492188,26912,10467]},{"name":null,"type":0,"depth":63,"symbol":2,"clipDepth":0,"id":31,"matrix":[4.433349609375,-0.115402221679688,0.0158843994140625,0.61065673828125,20885,12913]},{"name":null,"type":0,"depth":65,"symbol":2,"clipDepth":0,"id":32,"matrix":[4.227294921875,-0.020599365234375,0.0021820068359375,0.44769287109375,16180,5700]},{"name":null,"type":0,"depth":67,"symbol":2,"clipDepth":0,"id":33,"matrix":[4.46086120605469,-0.021728515625,0.0023193359375,0.47674560546875,17908,6194]},{"name":null,"type":0,"depth":69,"symbol":2,"clipDepth":0,"id":34,"matrix":[-1.01211547851562,-0.196136474609375,0.0906829833984375,-0.46795654296875,18995,6227]},{"name":null,"type":0,"depth":71,"symbol":2,"clipDepth":0,"id":35,"matrix":[-0.723724365234375,-0.550369262695312,0.28826904296875,-0.379043579101562,19307,6366]},{"name":null,"type":0,"depth":73,"symbol":2,"clipDepth":0,"id":36,"matrix":[-0.435897827148438,-0.796646118164062,0.417251586914062,-0.228286743164062,19498,6600]},{"name":null,"type":0,"depth":75,"symbol":2,"clipDepth":0,"id":37,"matrix":[-0.002685546875,-1.6419677734375,0.474716186523438,-0.0007476806640625,19575,7068]},{"name":null,"type":0,"depth":77,"symbol":2,"clipDepth":0,"id":38,"matrix":[2.39154052734375,-0.220260620117188,0.059600830078125,0.646881103515625,35079,11032]},{"name":null,"type":0,"depth":79,"symbol":2,"clipDepth":0,"id":39,"matrix":[5.11492919921875,-3.90298461914062,0.236236572265625,0.309600830078125,35519,12754]},{"name":null,"type":0,"depth":81,"symbol":2,"clipDepth":0,"id":40,"matrix":[0.744400024414062,-0.003021240234375,0.0015869140625,0.389801025390625,36652,12001]},{"name":null,"type":0,"depth":83,"symbol":2,"clipDepth":0,"id":41,"matrix":[1.7025146484375,-1.37478637695312,0.376663208007812,0.4664306640625,3609,4621]},{"name":null,"type":0,"depth":85,"symbol":2,"clipDepth":0,"id":42,"matrix":[2.06631469726562,-0.708084106445312,0.194015502929688,0.566116333007812,4362,4212]},{"name":null,"type":0,"depth":87,"symbol":2,"clipDepth":0,"id":43,"matrix":[3.56317138671875,-1.11587524414062,0.178985595703125,0.571456909179688,5496,3847]},{"name":null,"type":0,"depth":89,"symbol":2,"clipDepth":0,"id":44,"matrix":[2.18341064453125,-0.0409698486328125,0.01123046875,0.598175048828125,6619,3610]},{"name":null,"type":0,"depth":91,"symbol":2,"clipDepth":0,"id":45,"matrix":[4.1668701171875,-0.07818603515625,0.01123046875,0.598175048828125,965,3392]},{"name":null,"type":0,"depth":93,"symbol":2,"clipDepth":0,"id":46,"matrix":[5.47787475585938,-5.33920288085938,0.41851806640625,0.429367065429688,3299,5452]},{"name":null,"type":0,"depth":95,"symbol":2,"clipDepth":0,"id":47,"matrix":[1.49333190917969,-9.1552734375e-05,9.1552734375e-05,1.926025390625,21901,12000]},{"name":null,"type":0,"depth":97,"symbol":2,"clipDepth":0,"id":48,"matrix":[4.95742797851562,0.733108520507812,-0.0400238037109375,0.270660400390625,5789,8736]},{"name":null,"type":0,"depth":99,"symbol":2,"clipDepth":0,"id":49,"matrix":[2.25047302246094,0.0331878662109375,0.0425262451171875,6.99444580078125,31746,7531]},{"name":null,"type":0,"depth":101,"symbol":2,"clipDepth":0,"id":50,"matrix":[13.2540283203125,-0.0745849609375,0.0039520263671875,0.700775146484375,33967,9045]},{"name":null,"type":0,"depth":103,"symbol":2,"clipDepth":0,"id":51,"matrix":[2.44853210449219,-0.00994873046875,0.00872802734375,2.14682006835938,37301,11431]},{"name":null,"type":0,"depth":105,"symbol":2,"clipDepth":0,"id":52,"matrix":[0.633224487304688,-0.561309814453125,1.01699829101562,1.1473388671875,11820,9056]},{"name":null,"type":0,"depth":107,"symbol":2,"clipDepth":0,"id":53,"matrix":[0.959030151367188,-0.190505981445312,0.0924835205078125,0.4656982421875,11978,8766]},{"name":null,"type":0,"depth":109,"symbol":2,"clipDepth":0,"id":54,"matrix":[2.49649047851562,0.1220703125,-0.082000732421875,1.67437744140625,12664,8989]},{"name":null,"type":0,"depth":111,"symbol":2,"clipDepth":0,"id":55,"matrix":[10.4536285400391,0.41619873046875,-0.0150604248046875,0.378280639648438,10744,12338]},{"name":null,"type":0,"depth":113,"symbol":2,"clipDepth":0,"id":56,"matrix":[1.84658813476562,1.36370849609375,-0.355422973632812,0.4813232421875,7390,11240]},{"name":null,"type":0,"depth":115,"symbol":2,"clipDepth":0,"id":57,"matrix":[3.25352478027344,-0.8203125,0.146636962890625,0.581497192382812,1540,11320]},{"name":null,"type":0,"depth":117,"symbol":2,"clipDepth":0,"id":58,"matrix":[3.70457458496094,0.678253173828125,-0.107833862304688,0.58905029296875,2945,11307]},{"name":null,"type":0,"depth":119,"symbol":2,"clipDepth":0,"id":59,"matrix":[1.69281005859375,-0.0261383056640625,0.00927734375,0.599197387695312,552,11473]},{"name":null,"type":0,"depth":121,"symbol":2,"clipDepth":0,"id":60,"matrix":[18.8175659179688,-0.091705322265625,0.001739501953125,0.3577880859375,16842,7480]},{"name":null,"type":0,"depth":123,"symbol":2,"clipDepth":0,"id":61,"matrix":[0.004669189453125,0.957504272460938,-0.44769287109375,0.0021820068359375,16937,5983]},{"name":null,"type":0,"depth":125,"symbol":2,"clipDepth":0,"id":62,"matrix":[0.592269897460938,0.310150146484375,-0.22100830078125,0.421951293945312,12898,7109]},{"name":null,"type":0,"depth":127,"symbol":2,"clipDepth":0,"id":63,"matrix":[6.830810546875,0.008270263671875,-0.000640869140625,0.537933349609375,30666,3672]},{"name":null,"type":0,"depth":129,"symbol":2,"clipDepth":0,"id":64,"matrix":[-0.0081787109375,-2.32217407226562,1.80802917480469,-0.0063934326171875,31162,3134]},{"name":null,"type":0,"depth":131,"symbol":2,"clipDepth":0,"id":65,"matrix":[0.400390625,0.785995483398438,-0.423675537109375,0.215774536132812,13061,7298]},{"name":null,"type":0,"depth":133,"symbol":2,"clipDepth":0,"id":66,"matrix":[3.10154724121094,1.84233093261719,-0.305068969726562,0.513595581054688,2522,996]},{"name":null,"type":0,"depth":135,"symbol":2,"clipDepth":0,"id":67,"matrix":[3.04083251953125,1.05570983886719,-0.1966552734375,0.563079833984375,3723,1573]},{"name":null,"type":0,"depth":137,"symbol":2,"clipDepth":0,"id":68,"matrix":[2.9808349609375,-0.25067138671875,0.0499114990234375,0.593643188476562,4885,1737]},{"name":null,"type":0,"depth":139,"symbol":2,"clipDepth":0,"id":69,"matrix":[0.0538330078125,-2.25006103515625,93.8155517578125,0.289993286132812,18945,13838]},{"name":null,"type":0,"depth":141,"symbol":2,"clipDepth":0,"id":70,"matrix":[0.072784423828125,-2.24951171875,45.4366455078125,0.523208618164062,9236,12871]},{"name":null,"type":0,"depth":143,"symbol":2,"clipDepth":0,"id":71,"matrix":[0.0501861572265625,-1.798828125,19.6258239746094,0.13848876953125,4191,12012]},{"name":null,"type":0,"depth":145,"symbol":2,"clipDepth":0,"id":72,"matrix":[0.0300750732421875,-1.23101806640625,5.34561157226562,0.0192108154296875,5980,11400]},{"name":null,"type":0,"depth":147,"symbol":2,"clipDepth":0,"id":73,"matrix":[1.55308532714844,-1.62896728515625,5.16180419921875,4.72006225585938,33280,7720]},{"name":null,"type":0,"depth":149,"symbol":2,"clipDepth":0,"id":74,"matrix":[1.71621704101562,-1.35795593261719,2.0040283203125,2.42706298828125,32680,8280]},{"name":null,"type":0,"depth":151,"symbol":2,"clipDepth":0,"id":75,"matrix":[2.943115234375,-0.011962890625,0.0118408203125,2.9107666015625,37087,12582]},{"name":null,"type":0,"depth":153,"symbol":2,"clipDepth":0,"id":76,"matrix":[1.9503173828125,-0.0079193115234375,0.0059051513671875,1.45355224609375,36207,12871]},{"name":null,"type":0,"depth":155,"symbol":2,"clipDepth":0,"id":77,"matrix":[13.4657592773438,0,0,56.5494995117188,-2539,6311]},{"name":null,"type":0,"depth":157,"symbol":2,"clipDepth":0,"id":78,"matrix":[117.875198364258,0,0,7.53031921386719,18351,-3408]},{"name":null,"type":0,"depth":159,"symbol":2,"clipDepth":0,"id":79,"matrix":[10.5369567871094,0,0,56.6918640136719,39897,6380]},{"name":null,"type":0,"depth":161,"symbol":2,"clipDepth":0,"id":80,"matrix":[117.796340942383,0,0,10.4185028076172,18360,15537]},{"name":null,"type":0,"depth":163,"symbol":2,"clipDepth":0,"id":81,"matrix":[1.49333190917969,-9.1552734375e-05,0.000213623046875,4.75115966796875,3620,5788]},{"name":null,"type":0,"depth":165,"symbol":2,"clipDepth":0,"id":82,"matrix":[1.49333190917969,-9.1552734375e-05,0.0003814697265625,8.70846557617188,3500,-278]},{"name":null,"type":0,"depth":167,"symbol":2,"clipDepth":0,"id":83,"matrix":[1.53984069824219,2.300537109375,-8.82708740234375,5.90814208984375,3830,-413]},{"name":null,"type":0,"depth":169,"symbol":2,"clipDepth":0,"id":84,"matrix":[0.436264038085938,2.73370361328125,-35.4203033447266,5.65214538574219,5932,-1128]},{"name":null,"type":0,"depth":171,"symbol":2,"clipDepth":0,"id":85,"matrix":[18.5787811279297,-0.00360107421875,0.0001068115234375,0.557830810546875,18280,9240]},{"name":null,"type":0,"depth":173,"symbol":2,"clipDepth":0,"id":86,"matrix":[18.8574371337891,-0.0036468505859375,0.0001068115234375,0.557830810546875,16817,7639]},{"name":null,"type":0,"depth":175,"symbol":2,"clipDepth":0,"id":87,"matrix":[7.93701171875,-0.00152587890625,0.0001068115234375,0.557830810546875,15397,5940]},{"name":null,"type":0,"depth":177,"symbol":2,"clipDepth":0,"id":88,"matrix":[5.22486877441406,-0.0009918212890625,0.0001068115234375,0.557830810546875,18111,6340]},{"name":null,"type":0,"depth":179,"symbol":2,"clipDepth":0,"id":89,"matrix":[-0.0039825439453125,-2.43844604492188,0.474716186523438,-0.0007476806640625,19400,6972]},{"name":null,"type":0,"depth":181,"symbol":2,"clipDepth":0,"id":90,"matrix":[-0.723724365234375,-0.550369262695312,0.28826904296875,-0.379043579101562,19200,6460]},{"name":null,"type":0,"depth":183,"symbol":2,"clipDepth":0,"id":91,"matrix":[11.0669555664062,1.37451171875,-0.058807373046875,0.473190307617188,10825,6933]},{"name":null,"type":0,"depth":185,"symbol":2,"clipDepth":0,"id":92,"matrix":[0.777923583984375,1.52711486816406,-0.423675537109375,0.215774536132812,12936,7390]},{"name":null,"type":0,"depth":187,"symbol":2,"clipDepth":0,"id":93,"matrix":[3.49325561523438,0.0218353271484375,-0.002960205078125,0.474609375,6139,7124]},{"name":null,"type":0,"depth":189,"symbol":2,"clipDepth":0,"id":94,"matrix":[3.49325561523438,0.0218353271484375,-0.0018157958984375,0.289810180664062,5282,6900]},{"name":null,"type":0,"depth":191,"symbol":2,"clipDepth":0,"id":95,"matrix":[4.95742797851562,0.733108520507812,-0.061065673828125,0.4129638671875,5760,8820]}]}]},{"type":5,"className":"com.darkness.tdp4.maps.view.MapGFXBack","baseClassName":null,"id":9,"frames":[{"objects":[{"name":null,"type":0,"depth":1,"symbol":8,"clipDepth":0,"id":0,"matrix":[1,0,0,1,0,0]}]}]},{"type":4,"id":8,"commands":[3,5,1,255,0.698039215686274,8,0,-1960,7,37980,-1960,7,37960,14200,7,20,14200,7,0,-1960,8,220,-1820,7,220,3286,7,1796,3256,7,880,3800,7,220,3840,7,220,8473,7,4796,8501,7,6788,8829,7,6780,9040,7,220,9000,7,211,11430,7,880,11420,7,2155,11127,7,3656,11404,7,4940,11080,7,7080,10940,7,7780,11480,7,8560,11800,7,9400,12300,7,12840,12420,7,18380,12400,7,18480,11740,7,18939,11682,7,19060,11400,7,19900,11400,7,19901,10884,7,22200,10880,7,22200,12385,7,21602,12385,7,21600,11602,7,20400,11600,7,20402,12636,7,20420,13160,7,21880,13160,7,24867,13176,7,24867,13179,7,34868,13153,7,36813,11862,7,36840,11060,7,37698,11001,7,37699,-1820,7,220,-1820,8,29301,3586,7,30802,3588,7,30798,2671,7,31380,2660,7,31384,3580,7,32033,3590,7,32040,3840,7,29308,3836,7,29301,3586,8,31928,5600,7,31934,5600,7,31934,5606,7,35517,8848,7,36609,8890,7,36611,9170,7,32380,9200,7,30280,5860,7,29198,5840,7,29202,5560,7,31920,5600,7,31923,5596,7,31928,5600,8,26663,10358,7,27160,10360,7,28229,11026,7,35547,10873,7,34600,11220,7,28160,11320,7,27140,10700,7,26600,10680,7,25310,11162,7,25660,10740,7,26197,10466,7,26663,10358,8,20428,7664,7,12840,7700,7,12460,7200,7,8407,6684,7,8454,6358,7,12257,6830,7,12257,6854,7,12451,6854,7,12660,6880,7,12920,7100,7,13040,7360,7,20420,7338,7,20428,7664,8,15741,5918,7,14192,5937,7,14191,5571,7,15777,5431,7,17437,5443,7,17440,6000,7,18172,5997,7,18332,6277,7,17192,6277,7,17192,5917,7,15741,5924,7,15741,5918,8,16595,10911,7,12599,10911,7,12599,10599,7,13466,10576,7,14420,9000,7,21999,8988,7,21660,9360,7,14949,9361,7,14173,10600,7,16595,10599,7,16595,10911,8,7058,3722,7,6240,3840,7,4480,4640,7,2320,6540,7,5700,6560,7,5820,6920,7,6820,6940,7,6840,7160,7,1260,7060,7,1251,6572,7,1264,6572,7,3273,4739,7,4280,4020,7,6180,3498,7,7054,3482,7,7058,3722,8,5700,1900,7,4400,2020,7,3080,1680,7,1720,1000,7,1963,525,7,3200,1200,7,4320,1540,7,5471,1568,7,5700,1900,5]},{"type":5,"className":"com.darkness.tdp4.maps.view.MapTestPolygonContainer","baseClassName":null,"id":7,"frames":[{"objects":[{"name":null,"type":0,"depth":1,"symbol":2,"clipDepth":0,"id":0,"matrix":[-0.0868988037109375,-0.0004730224609375,0.0356292724609375,-6.44793701171875,6796,12369]},{"name":null,"type":0,"depth":3,"symbol":2,"clipDepth":0,"id":1,"matrix":[-0.0004730224609375,0.0868988037109375,-6.255615234375,-0.034576416015625,30588,5735]},{"name":null,"type":0,"depth":5,"symbol":2,"clipDepth":0,"id":2,"matrix":[-6.103515625e-05,0.0868988037109375,-13.2457885742188,-0.0095367431640625,2817,8810]},{"name":null,"type":0,"depth":7,"symbol":2,"clipDepth":0,"id":3,"matrix":[-6.103515625e-05,0.0868988037109375,-17.5519256591797,-0.0126495361328125,16742,7478]},{"name":null,"type":0,"depth":9,"symbol":2,"clipDepth":0,"id":4,"matrix":[-6.103515625e-05,0.0868988037109375,-7.04888916015625,-0.0050811767578125,15354,5860]},{"name":null,"type":0,"depth":11,"symbol":2,"clipDepth":0,"id":5,"matrix":[-0.0004730224609375,0.0868988037109375,-1.884033203125,-0.0104217529296875,3680,1639]},{"name":null,"type":0,"depth":13,"symbol":2,"clipDepth":0,"id":6,"matrix":[-0.0868988037109375,-0.0004730224609375,0.0338134765625,-6.11959838867188,20236,12315]},{"name":null,"type":0,"depth":15,"symbol":2,"clipDepth":0,"id":7,"matrix":[-0.0016937255859375,0.086883544921875,-5.88224792480469,-0.114715576171875,30656,3740]},{"name":null,"type":0,"depth":17,"symbol":2,"clipDepth":0,"id":8,"matrix":[-6.103515625e-05,0.0868988037109375,-17.5519256591797,-0.0126495361328125,17980,9220]},{"name":null,"type":0,"depth":19,"symbol":2,"clipDepth":0,"id":9,"matrix":[-0.0004730224609375,0.0868988037109375,-3.08084106445312,-0.0170440673828125,4683,1760]},{"name":null,"type":0,"depth":21,"symbol":2,"clipDepth":0,"id":10,"matrix":[-0.0004730224609375,0.0868988037109375,-3.08084106445312,-0.0170440673828125,779,3420]},{"name":null,"type":0,"depth":23,"symbol":2,"clipDepth":0,"id":11,"matrix":[-0.0004730224609375,0.0868988037109375,-10.7253112792969,-0.0593414306640625,3556,6789]},{"name":null,"type":0,"depth":25,"symbol":2,"clipDepth":0,"id":12,"matrix":[-0.0004730224609375,0.0868988037109375,-16.4326324462891,-0.0908203125,31318,11131]},{"name":null,"type":0,"depth":27,"symbol":2,"clipDepth":0,"id":13,"matrix":[-6.103515625e-05,0.0868988037109375,-3.20091247558594,-0.0023040771484375,9485,6599]},{"name":null,"type":0,"depth":29,"symbol":2,"clipDepth":0,"id":14,"matrix":[-6.103515625e-05,0.0868988037109375,-3.20091247558594,-0.0023040771484375,10927,6837]},{"name":null,"type":0,"depth":31,"symbol":2,"clipDepth":0,"id":15,"matrix":[-0.0868988037109375,-0.0004730224609375,0.0137939453125,-2.49655151367188,31140,3202]},{"name":null,"type":0,"depth":33,"symbol":2,"clipDepth":0,"id":16,"matrix":[-0.0868988037109375,-0.0004730224609375,0.0301971435546875,-5.465087890625,31937,6963]},{"name":null,"type":0,"depth":35,"symbol":2,"clipDepth":0,"id":17,"matrix":[-0.0868988037109375,-0.0004730224609375,0.032745361328125,-5.92730712890625,32719,7773]},{"name":null,"type":0,"depth":37,"symbol":2,"clipDepth":0,"id":18,"matrix":[-6.103515625e-05,0.0868988037109375,-2.18968200683594,-0.0015716552734375,4862,4137]},{"name":null,"type":0,"depth":39,"symbol":2,"clipDepth":0,"id":19,"matrix":[-0.0868988037109375,-0.0004730224609375,0.01019287109375,-1.84457397460938,2265,6211]},{"name":null,"type":0,"depth":41,"symbol":2,"clipDepth":0,"id":20,"matrix":[-0.0868988037109375,-0.0004730224609375,0.0079345703125,-1.43719482421875,3201,5310]},{"name":null,"type":0,"depth":43,"symbol":2,"clipDepth":0,"id":21,"matrix":[-0.0868988037109375,-0.0004730224609375,0.0079345703125,-1.43719482421875,4041,4730]}]}]},{"type":5,"className":"com.darkness.tdp4.maps.view.GameMap","baseClassName":null,"id":35,"frames":[{"objects":[{"name":null,"type":0,"depth":1,"symbol":34,"clipDepth":0,"id":0,"matrix":[1,0,0,1,-5500,-4000]},{"name":null,"type":0,"depth":210,"symbol":16,"clipDepth":0,"id":1,"matrix":[1,0,0,1,-5500,-4000]},{"name":null,"type":0,"depth":212,"symbol":13,"clipDepth":0,"id":2,"matrix":[1,0,0,1,-5500,-4000]},{"name":null,"type":0,"depth":214,"symbol":10,"clipDepth":0,"id":3,"matrix":[1,0,0,1,-5500,-4000]},{"name":null,"type":0,"depth":406,"symbol":9,"clipDepth":0,"id":4,"visible":false,"matrix":[1,0,0,1,-5500,-4000]},{"name":null,"type":0,"depth":408,"symbol":7,"clipDepth":0,"id":5,"visible":false,"matrix":[1,0,0,1,-5500,-4000]}]}]},{"type":5,"className":"com.darkness.tdp4.maps.view.Map","baseClassName":null,"id":34,"frames":[{"objects":[{"name":null,"type":0,"depth":1,"symbol":18,"clipDepth":0,"id":0,"matrix":[1,0,0,1,0,0]},{"name":"respawnCon","type":0,"depth":2,"symbol":20,"clipDepth":0,"id":1,"matrix":[1,0,0,1,-40,0]},{"name":"singlePlayerRespawnCon","type":0,"depth":42,"symbol":21,"clipDepth":0,"id":2,"matrix":[1,0,0,1,0,0]},{"name":"turretRespawn","type":0,"depth":82,"symbol":22,"clipDepth":0,"id":3,"matrix":[1,0,0,1,0,0]},{"name":"dominationRespawn","type":0,"depth":102,"symbol":23,"clipDepth":0,"id":4,"matrix":[1,0,0,1,0,0]},{"name":"controllPointsCon","type":0,"depth":114,"symbol":24,"clipDepth":0,"id":5,"matrix":[1,0,0,1,0,0]},{"name":"botRespawn","type":0,"depth":134,"symbol":25,"clipDepth":0,"id":6,"matrix":[1,0,0,1,0,0]},{"name":"itemCon","type":0,"depth":174,"symbol":26,"clipDepth":0,"id":7,"matrix":[1,0,0,1,0,0]},{"name":"waypoint_0","type":0,"depth":194,"symbol":28,"clipDepth":0,"id":8,"matrix":[0.58050537109375,0,0,2.5625,23740,10140]},{"name":"waypoint_1","type":0,"depth":196,"symbol":28,"clipDepth":0,"id":9,"matrix":[0.58050537109375,0,0,2.5625,30100,10140]},{"name":"waypoint_2","type":0,"depth":198,"symbol":28,"clipDepth":0,"id":10,"matrix":[0.58050537109375,0,0,2.5625,4715,3900]},{"name":"waypoint_3","type":0,"depth":200,"symbol":28,"clipDepth":0,"id":11,"matrix":[0.58050537109375,0,0,2.5625,7194,9087]},{"name":"waypoint_4","type":0,"depth":202,"symbol":28,"clipDepth":0,"id":12,"matrix":[0.58050537109375,0,0,2.5625,18134,7727]},{"name":"waypoint_5","type":0,"depth":204,"symbol":28,"clipDepth":0,"id":13,"matrix":[0.58050537109375,0,0,2.5625,25134,9367]},{"name":"waypoint_6","type":0,"depth":206,"symbol":28,"clipDepth":0,"id":14,"matrix":[0.58050537109375,0,0,2.5625,34774,5547]},{"name":"flagBaseCon","type":0,"depth":208,"symbol":33,"clipDepth":0,"id":15,"matrix":[1,0,0,1,0,0]}]}]},{"type":5,"className":"com.darkness.tdp4.maps.view.MapBGS","baseClassName":null,"id":6,"frames":[{"objects":[{"name":null,"type":0,"depth":1,"symbol":5,"clipDepth":0,"id":0,"matrix":[1,0,0,1,0,0]}]}]},{"type":5,"id":33,"frames":[{"objects":[{"name":"base_2","type":0,"depth":1,"symbol":30,"clipDepth":0,"id":0,"filters":[[0,40,40,1]],"matrix":[1,0,0,1,29600,4800]},{"name":"base_1","type":0,"depth":3,"symbol":32,"clipDepth":0,"id":1,"filters":[[0,40,40,1]],"matrix":[1,0,0,1,1400,2500]}]}]},{"type":5,"id":5,"frames":[{"objects":[{"type":0,"depth":0,"symbol":4,"clipDepth":0,"id":0,"visible":true,"matrix":[1,0,0,1,0,0]}]}]},{"type":5,"id":32,"frames":[{"objects":[{"name":null,"type":0,"depth":1,"symbol":31,"clipDepth":0,"id":0,"matrix":[1,0,0,1,0,0]}]}]},{"path":"symbols/4.jpg","type":0,"id":4},{"type":4,"id":31,"commands":[3,5,1,16711680,0.250980392156863,8,692,-493,4,980,-206,980,200,4,980,606,692,892,4,405,1180,0,1180,4,-406,1180,-694,892,4,-980,606,-980,200,4,-980,-206,-694,-493,4,-406,-780,0,-780,4,405,-780,692,-493,5]},{"type":5,"className":"com.darkness.tdp4.maps.view.MapBulletProofPolygonContainer","baseClassName":null,"id":3,"frames":[{"objects":[{"name":null,"type":0,"depth":1,"symbol":2,"clipDepth":0,"id":0,"matrix":[0.350753784179688,0,0,40.8963012695312,150,6274]},{"name":null,"type":0,"depth":3,"symbol":2,"clipDepth":0,"id":1,"matrix":[95.0887145996094,0,0,0.350006103515625,19017,14273]},{"name":null,"type":0,"depth":5,"symbol":2,"clipDepth":0,"id":2,"matrix":[94.2750396728516,0,0,0.350006103515625,18995,-1890]},{"name":null,"type":0,"depth":7,"symbol":2,"clipDepth":0,"id":3,"matrix":[0.350753784179688,0,0,41.0020904541016,37768,6291]},{"name":null,"type":0,"depth":9,"symbol":2,"clipDepth":0,"id":4,"matrix":[5.8194580078125,-0.0003509521484375,9.1552734375e-05,1.926025390625,21035,11217]},{"name":null,"type":0,"depth":11,"symbol":2,"clipDepth":0,"id":5,"matrix":[18.5787811279297,-0.00360107421875,0.0001068115234375,0.557830810546875,18283,9101]},{"name":null,"type":0,"depth":13,"symbol":2,"clipDepth":0,"id":6,"matrix":[2.38296508789062,-3.93853759765625,1.31884765625,0.798004150390625,14278,9947]},{"name":null,"type":0,"depth":15,"symbol":2,"clipDepth":0,"id":7,"matrix":[15.9358520507812,-0.14697265625,0.00543212890625,0.589141845703125,31404,11115]},{"name":null,"type":0,"depth":17,"symbol":2,"clipDepth":0,"id":8,"matrix":[6.83038330078125,0.100738525390625,-0.0103302001953125,0.701004028320312,30566,5720]},{"name":null,"type":0,"depth":19,"symbol":2,"clipDepth":0,"id":9,"matrix":[-8.98348999023438,-8.128173828125,0.4471435546875,-0.494140625,33631,7321]},{"name":null,"type":0,"depth":21,"symbol":2,"clipDepth":0,"id":10,"matrix":[14.4927368164062,-0.0035247802734375,9.1552734375e-05,0.378646850585938,15704,12430]},{"name":null,"type":0,"depth":23,"symbol":2,"clipDepth":0,"id":11,"matrix":[3.96490478515625,-0.349273681640625,0.041839599609375,0.475051879882812,14580,5759]},{"name":null,"type":0,"depth":25,"symbol":2,"clipDepth":0,"id":12,"matrix":[10.514892578125,1.30596923828125,-0.058807373046875,0.473190307617188,10712,6789]},{"name":null,"type":0,"depth":27,"symbol":2,"clipDepth":0,"id":13,"matrix":[32.6906890869141,-0.0865478515625,0.00189208984375,0.7138671875,31352,13305]},{"name":null,"type":0,"depth":29,"symbol":2,"clipDepth":0,"id":14,"matrix":[3.25352478027344,-0.8203125,0.146636962890625,0.581497192382812,4325,11273]},{"name":null,"type":0,"depth":31,"symbol":2,"clipDepth":0,"id":15,"matrix":[11.5443725585938,0.0721588134765625,-0.0037384033203125,0.600631713867188,2486,8607]},{"name":null,"type":0,"depth":33,"symbol":2,"clipDepth":0,"id":16,"matrix":[11.8387908935547,0.0739898681640625,-0.0037384033203125,0.600631713867188,3618,6707]},{"name":null,"type":0,"depth":35,"symbol":2,"clipDepth":0,"id":17,"matrix":[5.33697509765625,-0.37030029296875,0.0415191650390625,0.598098754882812,6020,11042]},{"name":null,"type":0,"depth":37,"symbol":2,"clipDepth":0,"id":18,"matrix":[2.0557861328125,0.755722045898438,-0.206588745117188,0.56207275390625,8195,11677]},{"name":null,"type":0,"depth":39,"symbol":2,"clipDepth":0,"id":19,"matrix":[9.99247741699219,-0.0005950927734375,3.0517578125e-05,0.778640747070312,14597,10755]},{"name":null,"type":0,"depth":41,"symbol":2,"clipDepth":0,"id":20,"matrix":[1.999267578125,-0.0001220703125,3.0517578125e-05,0.611663818359375,19401,11520]},{"name":null,"type":0,"depth":43,"symbol":2,"clipDepth":0,"id":21,"matrix":[5.03521728515625,0.0054473876953125,-0.003997802734375,3.6754150390625,19395,12476]},{"name":null,"type":0,"depth":45,"symbol":2,"clipDepth":0,"id":22,"matrix":[5.01036071777344,-4.6282958984375,0.406906127929688,0.440475463867188,2340,5740]},{"name":null,"type":0,"depth":47,"symbol":2,"clipDepth":0,"id":23,"matrix":[1.26884460449219,-0.646347045898438,0.2490234375,0.488861083984375,25970,10704]},{"name":null,"type":0,"depth":49,"symbol":2,"clipDepth":0,"id":24,"matrix":[0.809555053710938,-0.949188232421875,0.314895629882812,0.268569946289062,25535,11026]},{"name":null,"type":0,"depth":51,"symbol":2,"clipDepth":0,"id":25,"matrix":[1.88284301757812,1.08500671386719,-0.29827880859375,0.517730712890625,8980,12057]},{"name":null,"type":0,"depth":53,"symbol":2,"clipDepth":0,"id":26,"matrix":[3.49325561523438,0.0218353271484375,-0.0018157958984375,0.289810180664062,6158,7017]},{"name":null,"type":0,"depth":55,"symbol":2,"clipDepth":0,"id":27,"matrix":[7.63676452636719,1.05859375,-0.09796142578125,0.706771850585938,23320,13105]},{"name":null,"type":0,"depth":57,"symbol":2,"clipDepth":0,"id":28,"matrix":[1.11529541015625,-0.2347412109375,0.112960815429688,0.5367431640625,26443,10526]},{"name":null,"type":0,"depth":59,"symbol":2,"clipDepth":0,"id":29,"matrix":[2.71580505371094,1.6929931640625,-0.28955078125,0.464508056640625,27654,10796]},{"name":null,"type":0,"depth":61,"symbol":2,"clipDepth":0,"id":30,"matrix":[1.237548828125,-0.0070343017578125,0.0030975341796875,0.548141479492188,26912,10467]},{"name":null,"type":0,"depth":63,"symbol":2,"clipDepth":0,"id":31,"matrix":[4.433349609375,-0.115402221679688,0.0158843994140625,0.61065673828125,20885,12913]},{"name":null,"type":0,"depth":65,"symbol":2,"clipDepth":0,"id":32,"matrix":[4.227294921875,-0.020599365234375,0.0021820068359375,0.44769287109375,16180,5700]},{"name":null,"type":0,"depth":67,"symbol":2,"clipDepth":0,"id":33,"matrix":[4.46086120605469,-0.021728515625,0.0023193359375,0.47674560546875,17908,6194]},{"name":null,"type":0,"depth":69,"symbol":2,"clipDepth":0,"id":34,"matrix":[-1.01211547851562,-0.196136474609375,0.0906829833984375,-0.46795654296875,18995,6227]},{"name":null,"type":0,"depth":71,"symbol":2,"clipDepth":0,"id":35,"matrix":[2.39154052734375,-0.220260620117188,0.0320281982421875,0.347564697265625,35075,10987]},{"name":null,"type":0,"depth":73,"symbol":2,"clipDepth":0,"id":36,"matrix":[5.11492919921875,-3.90298461914062,0.236236572265625,0.309600830078125,35519,12754]},{"name":null,"type":0,"depth":75,"symbol":2,"clipDepth":0,"id":37,"matrix":[0.744400024414062,-0.003021240234375,0.0015869140625,0.389801025390625,36652,12001]},{"name":null,"type":0,"depth":77,"symbol":2,"clipDepth":0,"id":38,"matrix":[1.7025146484375,-1.37478637695312,0.376663208007812,0.4664306640625,3609,4621]},{"name":null,"type":0,"depth":79,"symbol":2,"clipDepth":0,"id":39,"matrix":[2.06631469726562,-0.708084106445312,0.194015502929688,0.566116333007812,4362,4212]},{"name":null,"type":0,"depth":81,"symbol":2,"clipDepth":0,"id":40,"matrix":[3.56317138671875,-1.11587524414062,0.178985595703125,0.571456909179688,5496,3847]},{"name":null,"type":0,"depth":83,"symbol":2,"clipDepth":0,"id":41,"matrix":[2.18341064453125,-0.0409698486328125,0.01123046875,0.598175048828125,6619,3610]},{"name":null,"type":0,"depth":85,"symbol":2,"clipDepth":0,"id":42,"matrix":[4.1668701171875,-0.07818603515625,0.01123046875,0.598175048828125,965,3392]},{"name":null,"type":0,"depth":87,"symbol":2,"clipDepth":0,"id":43,"matrix":[5.47787475585938,-5.33920288085938,0.41851806640625,0.429367065429688,3299,5452]},{"name":null,"type":0,"depth":89,"symbol":2,"clipDepth":0,"id":44,"matrix":[1.49333190917969,-9.1552734375e-05,9.1552734375e-05,1.926025390625,21901,12000]},{"name":null,"type":0,"depth":91,"symbol":2,"clipDepth":0,"id":45,"matrix":[4.95742797851562,0.733108520507812,-0.0400238037109375,0.270660400390625,5789,8736]},{"name":null,"type":0,"depth":93,"symbol":2,"clipDepth":0,"id":46,"matrix":[9.84970092773438,-0.055419921875,0.0039520263671875,0.700775146484375,34656,9041]},{"name":null,"type":0,"depth":95,"symbol":2,"clipDepth":0,"id":47,"matrix":[2.44853210449219,-0.00994873046875,0.00872802734375,2.14682006835938,37301,11431]},{"name":null,"type":0,"depth":97,"symbol":2,"clipDepth":0,"id":48,"matrix":[10.4536285400391,0.41619873046875,-0.0150604248046875,0.378280639648438,10744,12338]},{"name":null,"type":0,"depth":99,"symbol":2,"clipDepth":0,"id":49,"matrix":[1.84658813476562,1.36370849609375,-0.355422973632812,0.4813232421875,7390,11240]},{"name":null,"type":0,"depth":101,"symbol":2,"clipDepth":0,"id":50,"matrix":[3.25352478027344,-0.8203125,0.146636962890625,0.581497192382812,1540,11320]},{"name":null,"type":0,"depth":103,"symbol":2,"clipDepth":0,"id":51,"matrix":[3.70457458496094,0.678253173828125,-0.107833862304688,0.58905029296875,2945,11307]},{"name":null,"type":0,"depth":105,"symbol":2,"clipDepth":0,"id":52,"matrix":[1.69281005859375,-0.0261383056640625,0.00927734375,0.599197387695312,552,11473]},{"name":null,"type":0,"depth":107,"symbol":2,"clipDepth":0,"id":53,"matrix":[18.8175659179688,-0.091705322265625,0.001739501953125,0.3577880859375,16842,7480]},{"name":null,"type":0,"depth":109,"symbol":2,"clipDepth":0,"id":54,"matrix":[0.004669189453125,0.957504272460938,-0.44769287109375,0.0021820068359375,16937,5983]},{"name":null,"type":0,"depth":111,"symbol":2,"clipDepth":0,"id":55,"matrix":[0.592269897460938,0.310150146484375,-0.22100830078125,0.421951293945312,12898,7109]},{"name":null,"type":0,"depth":113,"symbol":2,"clipDepth":0,"id":56,"matrix":[6.830810546875,0.008270263671875,-0.0003814697265625,0.3199462890625,30667,3652]},{"name":null,"type":0,"depth":115,"symbol":2,"clipDepth":0,"id":57,"matrix":[-0.0081787109375,-2.32217407226562,1.80802917480469,-0.0063934326171875,31162,3134]},{"name":null,"type":0,"depth":117,"symbol":2,"clipDepth":0,"id":58,"matrix":[0.400390625,0.785995483398438,-0.423675537109375,0.215774536132812,13061,7298]},{"name":null,"type":0,"depth":119,"symbol":2,"clipDepth":0,"id":59,"matrix":[3.10154724121094,1.84233093261719,-0.305068969726562,0.513595581054688,2522,996]},{"name":null,"type":0,"depth":121,"symbol":2,"clipDepth":0,"id":60,"matrix":[3.04083251953125,1.05570983886719,-0.1966552734375,0.563079833984375,3723,1573]},{"name":null,"type":0,"depth":123,"symbol":2,"clipDepth":0,"id":61,"matrix":[2.9808349609375,-0.25067138671875,0.0499114990234375,0.593643188476562,4885,1737]},{"name":null,"type":0,"depth":125,"symbol":2,"clipDepth":0,"id":62,"matrix":[0.0538330078125,-2.25006103515625,93.8155517578125,0.289993286132812,18945,13838]},{"name":null,"type":0,"depth":127,"symbol":2,"clipDepth":0,"id":63,"matrix":[0.072784423828125,-2.24951171875,45.4366455078125,0.523208618164062,9236,12871]},{"name":null,"type":0,"depth":129,"symbol":2,"clipDepth":0,"id":64,"matrix":[0.0501861572265625,-1.798828125,19.6258239746094,0.13848876953125,4191,12012]},{"name":null,"type":0,"depth":131,"symbol":2,"clipDepth":0,"id":65,"matrix":[0.0300750732421875,-1.23101806640625,5.34561157226562,0.0192108154296875,5980,11400]},{"name":null,"type":0,"depth":133,"symbol":2,"clipDepth":0,"id":66,"matrix":[1.55308532714844,-1.62896728515625,5.16180419921875,4.72006225585938,33280,7720]},{"name":null,"type":0,"depth":135,"symbol":2,"clipDepth":0,"id":67,"matrix":[1.71621704101562,-1.35795593261719,2.0040283203125,2.42706298828125,32680,8280]},{"name":null,"type":0,"depth":137,"symbol":2,"clipDepth":0,"id":68,"matrix":[2.943115234375,-0.011962890625,0.0118408203125,2.9107666015625,37087,12582]},{"name":null,"type":0,"depth":139,"symbol":2,"clipDepth":0,"id":69,"matrix":[1.9503173828125,-0.0079193115234375,0.0059051513671875,1.45355224609375,36207,12871]},{"name":null,"type":0,"depth":141,"symbol":2,"clipDepth":0,"id":70,"matrix":[13.4657592773438,0,0,56.5494995117188,-2539,6311]},{"name":null,"type":0,"depth":143,"symbol":2,"clipDepth":0,"id":71,"matrix":[117.875198364258,0,0,7.53031921386719,18351,-3408]},{"name":null,"type":0,"depth":145,"symbol":2,"clipDepth":0,"id":72,"matrix":[10.5369567871094,0,0,56.6918640136719,39897,6380]},{"name":null,"type":0,"depth":147,"symbol":2,"clipDepth":0,"id":73,"matrix":[117.796340942383,0,0,10.4185028076172,18360,15537]},{"name":null,"type":0,"depth":149,"symbol":2,"clipDepth":0,"id":74,"matrix":[1.49333190917969,-9.1552734375e-05,0.000213623046875,4.75115966796875,3620,5788]},{"name":null,"type":0,"depth":151,"symbol":2,"clipDepth":0,"id":75,"matrix":[1.49333190917969,-9.1552734375e-05,0.0003814697265625,8.70846557617188,3500,-278]},{"name":null,"type":0,"depth":153,"symbol":2,"clipDepth":0,"id":76,"matrix":[1.53984069824219,2.300537109375,-8.82708740234375,5.90814208984375,3830,-413]},{"name":null,"type":0,"depth":155,"symbol":2,"clipDepth":0,"id":77,"matrix":[0.436264038085938,2.73370361328125,-35.4203033447266,5.65214538574219,5932,-1128]}]}]},{"type":5,"id":30,"frames":[{"objects":[{"name":null,"type":0,"depth":1,"symbol":29,"clipDepth":0,"id":0,"matrix":[1,0,0,1,0,0]}]}]},{"type":5,"id":2,"frames":[{"objects":[{"name":null,"type":0,"depth":1,"symbol":1,"clipDepth":0,"id":0,"matrix":[1,0,0,1,0,0]}]}]},{"type":4,"id":29,"commands":[3,5,1,255,0.250980392156863,8,692,-493,4,980,-206,980,200,4,980,606,692,892,4,405,1180,0,1180,4,-406,1180,-694,892,4,-980,606,-980,200,4,-980,-206,-694,-493,4,-406,-780,0,-780,4,405,-780,692,-493,5]},{"type":4,"id":1,"commands":[3,5,1,10092288,0.498039215686275,8,200,-200,7,200,200,7,-200,200,7,-200,-200,7,200,-200,5]},{"type":5,"id":28,"frames":[{"objects":[{"name":null,"type":0,"depth":1,"symbol":27,"clipDepth":0,"id":0,"matrix":[1,0,0,1,0,0]}]}]}],"frameRate":12}