{"root":0,"uuid":"RIC7MZIS0ssmq9u0mE8o","version":0.1,"symbols":[{"type":5,"frames":[{}]},{"type":4,"id":27,"commands":[3,5,1,255,0.250980392156863,8,692,-493,4,980,-206,980,200,4,980,606,692,892,4,405,1180,0,1180,4,-406,1180,-694,892,4,-980,606,-980,200,4,-980,-206,-694,-493,4,-406,-780,0,-780,4,405,-780,692,-493,5]},{"type":5,"id":26,"frames":[{"objects":[{"name":null,"type":0,"depth":1,"symbol":17,"clipDepth":0,"id":0,"matrix":[1,0,0,1,1189,11404]},{"name":null,"type":0,"depth":3,"symbol":17,"clipDepth":0,"id":1,"matrix":[1,0,0,1,18120,11018]},{"name":null,"type":0,"depth":5,"symbol":17,"clipDepth":0,"id":2,"matrix":[1,0,0,1,9859,6217]},{"name":null,"type":0,"depth":7,"symbol":17,"clipDepth":0,"id":3,"matrix":[1,0,0,1,33208,11345]},{"name":null,"type":0,"depth":9,"symbol":17,"clipDepth":0,"id":4,"matrix":[1,0,0,1,5924,6301]},{"name":null,"type":0,"depth":11,"symbol":17,"clipDepth":0,"id":5,"matrix":[1,0,0,1,14972,8857]},{"name":null,"type":0,"depth":13,"symbol":17,"clipDepth":0,"id":6,"matrix":[1,0,0,1,38889,15756]},{"name":null,"type":0,"depth":15,"symbol":17,"clipDepth":0,"id":7,"matrix":[1,0,0,1,33254,6028]},{"name":null,"type":0,"depth":17,"symbol":17,"clipDepth":0,"id":8,"matrix":[1,0,0,1,7285,15905]},{"name":null,"type":0,"depth":19,"symbol":17,"clipDepth":0,"id":9,"matrix":[1,0,0,1,21027,15178]}]}]},{"type":5,"id":25,"frames":[{"objects":[{"name":null,"type":0,"depth":1,"symbol":24,"clipDepth":0,"id":0,"matrix":[1,0,0,1,0,0]}]}]},{"type":4,"id":24,"commands":[3,5,1,13311,0,8,1860,640,7,0,640,7,0,0,7,1860,0,7,1860,640,5]},{"type":5,"id":23,"frames":[{"objects":[{"name":null,"type":0,"depth":1,"symbol":17,"clipDepth":0,"id":0,"matrix":[1,0,0,1,2433,17852]},{"name":null,"type":0,"depth":3,"symbol":17,"clipDepth":0,"id":1,"matrix":[1,0,0,1,36475,17953]},{"name":null,"type":0,"depth":5,"symbol":17,"clipDepth":0,"id":2,"matrix":[1,0,0,1,25932,17913]},{"name":null,"type":0,"depth":7,"symbol":17,"clipDepth":0,"id":3,"matrix":[1,0,0,1,20019,17240]},{"name":null,"type":0,"depth":9,"symbol":17,"clipDepth":0,"id":4,"matrix":[1,0,0,1,6138,17893]},{"name":null,"type":0,"depth":11,"symbol":17,"clipDepth":0,"id":5,"matrix":[1,0,0,1,32501,17912]},{"name":null,"type":0,"depth":13,"symbol":17,"clipDepth":0,"id":6,"matrix":[1,0,0,1,20630,17853]},{"name":null,"type":0,"depth":15,"symbol":17,"clipDepth":0,"id":7,"matrix":[1,0,0,1,21279,17240]},{"name":null,"type":0,"depth":17,"symbol":17,"clipDepth":0,"id":8,"matrix":[1,0,0,1,17001,17893]},{"name":null,"type":0,"depth":19,"symbol":17,"clipDepth":0,"id":9,"matrix":[1,0,0,1,15631,17853]}]}]},{"type":5,"id":22,"frames":[{"objects":[{"name":null,"type":0,"depth":1,"symbol":17,"clipDepth":0,"id":0,"matrix":[0.77056884765625,0,0,0.77056884765625,1455,11562]},{"name":null,"type":0,"depth":3,"symbol":17,"clipDepth":0,"id":1,"matrix":[0.77056884765625,0,0,0.77056884765625,6923,8571]},{"name":null,"type":0,"depth":5,"symbol":17,"clipDepth":0,"id":2,"matrix":[0.77056884765625,0,0,0.77056884765625,39376,6269]},{"name":null,"type":0,"depth":7,"symbol":17,"clipDepth":0,"id":3,"matrix":[0.77056884765625,0,0,0.77056884765625,877,6291]},{"name":null,"type":0,"depth":9,"symbol":17,"clipDepth":0,"id":4,"matrix":[0.77056884765625,0,0,0.77056884765625,32851,8714]},{"name":null,"type":0,"depth":11,"symbol":17,"clipDepth":0,"id":5,"matrix":[0.77056884765625,0,0,0.77056884765625,37945,11366]}]}]},{"type":5,"id":21,"frames":[{"objects":[{"name":null,"type":0,"depth":1,"symbol":17,"clipDepth":0,"id":0,"matrix":[1,0,0,1,27121,11050]},{"name":null,"type":0,"depth":3,"symbol":17,"clipDepth":0,"id":1,"matrix":[1,0,0,1,3422,11261]},{"name":null,"type":0,"depth":5,"symbol":17,"clipDepth":0,"id":2,"matrix":[1,0,0,1,72280,8020]},{"name":null,"type":0,"depth":7,"symbol":17,"clipDepth":0,"id":3,"matrix":[1,0,0,1,70440,3320]},{"name":null,"type":0,"depth":9,"symbol":17,"clipDepth":0,"id":4,"matrix":[1,0,0,1,11327,16975]},{"name":null,"type":0,"depth":11,"symbol":17,"clipDepth":0,"id":5,"matrix":[1,0,0,1,29565,15619]},{"name":null,"type":0,"depth":13,"symbol":17,"clipDepth":0,"id":6,"matrix":[1,0,0,1,63800,11500]},{"name":null,"type":0,"depth":15,"symbol":17,"clipDepth":0,"id":7,"matrix":[1,0,0,1,68300,9480]},{"name":null,"type":0,"depth":17,"symbol":17,"clipDepth":0,"id":8,"matrix":[1,0,0,1,31225,8365]},{"name":null,"type":0,"depth":19,"symbol":17,"clipDepth":0,"id":9,"matrix":[1,0,0,1,16560,15363]},{"name":null,"type":0,"depth":21,"symbol":17,"clipDepth":0,"id":10,"matrix":[1,0,0,1,14088,11400]},{"name":null,"type":0,"depth":23,"symbol":17,"clipDepth":0,"id":11,"matrix":[1,0,0,1,22833,10813]},{"name":null,"type":0,"depth":25,"symbol":17,"clipDepth":0,"id":12,"matrix":[1,0,0,1,24291,15560]},{"name":null,"type":0,"depth":27,"symbol":17,"clipDepth":0,"id":13,"matrix":[1,0,0,1,38536,16226]},{"name":null,"type":0,"depth":29,"symbol":17,"clipDepth":0,"id":14,"matrix":[1,0,0,1,34180,11086]},{"name":null,"type":0,"depth":31,"symbol":17,"clipDepth":0,"id":15,"matrix":[1,0,0,1,26816,15327]},{"name":null,"type":0,"depth":33,"symbol":17,"clipDepth":0,"id":16,"matrix":[1,0,0,1,5919,8330]},{"name":null,"type":0,"depth":35,"symbol":17,"clipDepth":0,"id":17,"matrix":[1,0,0,1,6803,16326]},{"name":null,"type":0,"depth":37,"symbol":17,"clipDepth":0,"id":18,"matrix":[1,0,0,1,10089,16950]},{"name":null,"type":0,"depth":39,"symbol":17,"clipDepth":0,"id":19,"matrix":[1,0,0,1,8954,8504]},{"name":null,"type":0,"depth":41,"symbol":17,"clipDepth":0,"id":20,"matrix":[1,0,0,1,33824,15699]},{"name":null,"type":0,"depth":43,"symbol":17,"clipDepth":0,"id":21,"matrix":[1,0,0,1,19355,10147]},{"name":null,"type":0,"depth":45,"symbol":17,"clipDepth":0,"id":22,"matrix":[1,0,0,1,14976,8504]},{"name":null,"type":0,"depth":47,"symbol":17,"clipDepth":0,"id":23,"matrix":[1,0,0,1,25299,8700]},{"name":null,"type":0,"depth":49,"symbol":17,"clipDepth":0,"id":24,"matrix":[1,0,0,1,20685,15348]}]}]},{"type":5,"id":20,"frames":[{"objects":[{"name":null,"type":0,"depth":1,"symbol":17,"clipDepth":0,"id":0,"matrix":[1,0,0,1,6995,16171]},{"name":null,"type":0,"depth":3,"symbol":17,"clipDepth":0,"id":1,"matrix":[1,0,0,1,14392,11607]},{"name":null,"type":0,"depth":5,"symbol":17,"clipDepth":0,"id":2,"matrix":[1,0,0,1,7938,11716]},{"name":null,"type":0,"depth":7,"symbol":17,"clipDepth":0,"id":3,"matrix":[1,0,0,1,16577,16113]},{"name":null,"type":0,"depth":9,"symbol":17,"clipDepth":0,"id":4,"matrix":[1,0,0,1,10895,16859]},{"name":null,"type":0,"depth":11,"symbol":17,"clipDepth":0,"id":5,"matrix":[1,0,0,1,25699,11771]},{"name":null,"type":0,"depth":13,"symbol":17,"clipDepth":0,"id":6,"matrix":[1,0,0,1,24426,16121]},{"name":null,"type":0,"depth":15,"symbol":17,"clipDepth":0,"id":7,"matrix":[1,0,0,1,29368,11760]},{"name":null,"type":0,"depth":17,"symbol":17,"clipDepth":0,"id":8,"matrix":[1,0,0,1,20573,15124]},{"name":null,"type":0,"depth":19,"symbol":17,"clipDepth":0,"id":9,"matrix":[1,0,0,1,28989,16131]}]}]},{"type":5,"id":19,"frames":[{"objects":[{"name":null,"type":0,"depth":1,"symbol":17,"clipDepth":0,"id":0,"matrix":[1,0,0,1,38909,6259]},{"name":null,"type":0,"depth":3,"symbol":17,"clipDepth":0,"id":1,"matrix":[1,0,0,1,38909,6259]},{"name":null,"type":0,"depth":5,"symbol":17,"clipDepth":0,"id":2,"matrix":[1,0,0,1,38909,6259]},{"name":null,"type":0,"depth":7,"symbol":17,"clipDepth":0,"id":3,"matrix":[1,0,0,1,38909,6259]},{"name":null,"type":0,"depth":9,"symbol":17,"clipDepth":0,"id":4,"matrix":[1,0,0,1,38909,6259]},{"name":null,"type":0,"depth":11,"symbol":17,"clipDepth":0,"id":5,"matrix":[1,0,0,1,38909,6259]},{"name":null,"type":0,"depth":13,"symbol":17,"clipDepth":0,"id":6,"matrix":[1,0,0,1,38909,6259]},{"name":null,"type":0,"depth":15,"symbol":17,"clipDepth":0,"id":7,"matrix":[1,0,0,1,38909,6259]},{"name":null,"type":0,"depth":17,"symbol":17,"clipDepth":0,"id":8,"matrix":[1,0,0,1,38909,6259]},{"name":null,"type":0,"depth":19,"symbol":17,"clipDepth":0,"id":9,"matrix":[1,0,0,1,38909,6259]},{"name":null,"type":0,"depth":21,"symbol":17,"clipDepth":0,"id":10,"matrix":[1,0,0,1,38909,6259]},{"name":null,"type":0,"depth":23,"symbol":17,"clipDepth":0,"id":11,"matrix":[1,0,0,1,38909,6259]},{"name":null,"type":0,"depth":25,"symbol":17,"clipDepth":0,"id":12,"matrix":[1,0,0,1,38909,6259]},{"name":null,"type":0,"depth":27,"symbol":17,"clipDepth":0,"id":13,"matrix":[1,0,0,1,38909,6259]},{"name":null,"type":0,"depth":29,"symbol":17,"clipDepth":0,"id":14,"matrix":[1,0,0,1,38909,6259]},{"name":null,"type":0,"depth":31,"symbol":17,"clipDepth":0,"id":15,"matrix":[1,0,0,1,38909,6259]},{"name":null,"type":0,"depth":33,"symbol":17,"clipDepth":0,"id":16,"matrix":[1,0,0,1,38909,6259]},{"name":null,"type":0,"depth":35,"symbol":17,"clipDepth":0,"id":17,"matrix":[1,0,0,1,38909,6259]},{"name":null,"type":0,"depth":37,"symbol":17,"clipDepth":0,"id":18,"matrix":[1,0,0,1,38909,6259]},{"name":null,"type":0,"depth":39,"symbol":17,"clipDepth":0,"id":19,"matrix":[1,0,0,1,38909,6259]}]}]},{"type":5,"id":18,"frames":[{"objects":[{"name":null,"type":0,"depth":1,"symbol":17,"clipDepth":0,"id":0,"matrix":[0.77056884765625,0,0,0.77056884765625,663,5896]},{"name":null,"type":0,"depth":3,"symbol":17,"clipDepth":0,"id":1,"matrix":[0.77056884765625,0,0,0.77056884765625,27545,11257]},{"name":null,"type":0,"depth":5,"symbol":17,"clipDepth":0,"id":2,"matrix":[0.77056884765625,0,0,0.77056884765625,38794,16305]},{"name":null,"type":0,"depth":7,"symbol":17,"clipDepth":0,"id":3,"matrix":[0.77056884765625,0,0,0.77056884765625,21303,11552]},{"name":null,"type":0,"depth":9,"symbol":17,"clipDepth":0,"id":4,"matrix":[0.77056884765625,0,0,0.77056884765625,7407,8472]},{"name":null,"type":0,"depth":11,"symbol":17,"clipDepth":0,"id":5,"matrix":[0.77056884765625,0,0,0.77056884765625,4060,11293]},{"name":null,"type":0,"depth":13,"symbol":17,"clipDepth":0,"id":6,"matrix":[0.77056884765625,0,0,0.77056884765625,25770,8683]},{"name":null,"type":0,"depth":15,"symbol":17,"clipDepth":0,"id":7,"matrix":[0.77056884765625,0,0,0.77056884765625,33481,15541]},{"name":null,"type":0,"depth":17,"symbol":17,"clipDepth":0,"id":8,"matrix":[0.77056884765625,0,0,0.77056884765625,25831,6222]},{"name":null,"type":0,"depth":19,"symbol":17,"clipDepth":0,"id":9,"matrix":[0.77056884765625,0,0,0.77056884765625,8138,11406]},{"name":null,"type":0,"depth":21,"symbol":17,"clipDepth":0,"id":10,"matrix":[0.77056884765625,0,0,0.77056884765625,33587,5963]},{"name":null,"type":0,"depth":23,"symbol":17,"clipDepth":0,"id":11,"matrix":[0.77056884765625,0,0,0.77056884765625,20758,15088]},{"name":null,"type":0,"depth":25,"symbol":17,"clipDepth":0,"id":12,"matrix":[0.77056884765625,0,0,0.77056884765625,13046,15664]},{"name":null,"type":0,"depth":27,"symbol":17,"clipDepth":0,"id":13,"matrix":[0.77056884765625,0,0,0.77056884765625,7182,5864]},{"name":null,"type":0,"depth":29,"symbol":17,"clipDepth":0,"id":14,"matrix":[0.77056884765625,0,0,0.77056884765625,7510,15713]},{"name":null,"type":0,"depth":31,"symbol":17,"clipDepth":0,"id":15,"matrix":[0.77056884765625,0,0,0.77056884765625,14115,9230]},{"name":null,"type":0,"depth":33,"symbol":17,"clipDepth":0,"id":16,"matrix":[0.77056884765625,0,0,0.77056884765625,12521,5852]},{"name":null,"type":0,"depth":35,"symbol":17,"clipDepth":0,"id":17,"matrix":[0.77056884765625,0,0,0.77056884765625,682,11105]},{"name":null,"type":0,"depth":37,"symbol":17,"clipDepth":0,"id":18,"matrix":[0.77056884765625,0,0,0.77056884765625,32126,8646]},{"name":null,"type":0,"depth":39,"symbol":17,"clipDepth":0,"id":19,"matrix":[0.77056884765625,0,0,0.77056884765625,38621,11173]}]}]},{"type":5,"id":17,"frames":[{}]},{"type":5,"id":16,"frames":[{"objects":[{"type":0,"depth":0,"symbol":15,"clipDepth":0,"id":0,"visible":true,"matrix":[1,0,0,1,0,0]}]}]},{"path":"symbols/15.jpg","type":0,"id":15,"alpha":"symbols/15a.png"},{"type":5,"className":"com.darkness.tdp4.maps.view.MapGFX","baseClassName":null,"id":14,"frames":[{"objects":[{"name":null,"type":0,"depth":1,"symbol":13,"clipDepth":0,"id":0,"matrix":[1,0,0,1,0,0]}]}]},{"type":5,"id":13,"frames":[{"objects":[{"type":0,"depth":0,"symbol":12,"clipDepth":0,"id":0,"visible":true,"matrix":[1,0,0,1,0,0]}]}]},{"path":"symbols/12.jpg","type":0,"id":12,"alpha":"symbols/12a.png"},{"type":5,"className":"com.darkness.tdp4.maps.view.MapPolygonContainer","baseClassName":null,"id":11,"frames":[{"objects":[{"name":null,"type":0,"depth":1,"symbol":2,"clipDepth":0,"id":0,"matrix":[0.97564697265625,0,0,45.6231384277344,147,9049]},{"name":null,"type":0,"depth":3,"symbol":2,"clipDepth":0,"id":1,"matrix":[100.00927734375,0,0,0.928543090820312,20091,148]},{"name":null,"type":0,"depth":5,"symbol":2,"clipDepth":0,"id":2,"matrix":[0.949356079101562,0,0,45.7056274414062,39969,9106]},{"name":null,"type":0,"depth":7,"symbol":2,"clipDepth":0,"id":3,"matrix":[-0.0003509521484375,-1.15655517578125,9.9716796875,-0.002899169921875,2262,12717]},{"name":null,"type":0,"depth":9,"symbol":2,"clipDepth":0,"id":4,"matrix":[-0.000213623046875,-0.769561767578125,31.0724487304688,-0.0081787109375,9635,7302]},{"name":null,"type":0,"depth":11,"symbol":2,"clipDepth":0,"id":5,"matrix":[-0.000213623046875,-0.769561767578125,4.3526611328125,-0.0011444091796875,1178,7338]},{"name":null,"type":0,"depth":13,"symbol":2,"clipDepth":0,"id":6,"matrix":[-0.000152587890625,-0.525558471679688,25.1215209960938,-0.0066070556640625,5313,9773]},{"name":null,"type":0,"depth":15,"symbol":2,"clipDepth":0,"id":7,"matrix":[-0.000152587890625,-0.526153564453125,5.89266967773438,-0.001556396484375,14602,9774]},{"name":null,"type":0,"depth":17,"symbol":2,"clipDepth":0,"id":8,"matrix":[0.190017700195312,-0.490646362304688,6.57743835449219,2.54745483398438,11934,10703]},{"name":null,"type":0,"depth":19,"symbol":2,"clipDepth":0,"id":9,"matrix":[0.42230224609375,-0.313873291015625,1.08531188964844,1.46023559570312,10518,10013]},{"name":null,"type":0,"depth":21,"symbol":2,"clipDepth":0,"id":10,"matrix":[-0.0007476806640625,-2.5006103515625,34.9742431640625,-0.0102081298828125,12937,12986]},{"name":null,"type":0,"depth":23,"symbol":2,"clipDepth":0,"id":11,"matrix":[-0.0008087158203125,-2.66851806640625,30.8899841308594,-0.0090179443359375,28636,12975]},{"name":null,"type":0,"depth":25,"symbol":2,"clipDepth":0,"id":12,"matrix":[-0.0009307861328125,-3.27337646484375,2.54034423828125,-0.00067138671875,19452,12065]},{"name":null,"type":0,"depth":27,"symbol":2,"clipDepth":0,"id":13,"matrix":[-0.000152587890625,-0.526153564453125,11.2442321777344,-0.0029754638671875,26452,9774]},{"name":null,"type":0,"depth":29,"symbol":2,"clipDepth":0,"id":14,"matrix":[-0.000152587890625,-0.526153564453125,27.4183959960938,-0.0072479248046875,29725,7254]},{"name":null,"type":0,"depth":31,"symbol":2,"clipDepth":0,"id":15,"matrix":[-0.000152587890625,-0.526153564453125,23.2525329589844,-0.0061492919921875,35162,9773]},{"name":null,"type":0,"depth":33,"symbol":2,"clipDepth":0,"id":16,"matrix":[-0.000152587890625,-0.526153564453125,7.72648620605469,-0.002044677734375,38347,7270]},{"name":null,"type":0,"depth":35,"symbol":2,"clipDepth":0,"id":17,"matrix":[-0.116470336914062,-0.364227294921875,2.80014038085938,-0.89532470703125,35098,12397]},{"name":null,"type":0,"depth":37,"symbol":2,"clipDepth":0,"id":18,"matrix":[-0.200592041015625,-0.627288818359375,4.05633544921875,-1.29698181152344,37328,12751]},{"name":null,"type":0,"depth":39,"symbol":2,"clipDepth":0,"id":19,"matrix":[-0.005828857421875,-0.658554077148438,4.25845336914062,-0.0375518798828125,38968,12505]},{"name":null,"type":0,"depth":41,"symbol":2,"clipDepth":0,"id":20,"matrix":[0.983016967773438,0.149215698242188,-0.59918212890625,3.946533203125,34809,13252]},{"name":null,"type":0,"depth":43,"symbol":2,"clipDepth":0,"id":21,"matrix":[-0.0003509521484375,-1.15655517578125,19.4120025634766,-0.0056610107421875,4146,17096]},{"name":null,"type":0,"depth":45,"symbol":2,"clipDepth":0,"id":22,"matrix":[-0.0004425048828125,-1.46183776855469,57.3810729980469,-0.0167236328125,25073,17253]},{"name":null,"type":0,"depth":47,"symbol":2,"clipDepth":0,"id":23,"matrix":[0.524032592773438,-1.031005859375,3.8719482421875,1.96804809570312,37207,17540]},{"name":null,"type":0,"depth":49,"symbol":2,"clipDepth":0,"id":24,"matrix":[-4.57763671875e-05,-1.15653991699219,5.75120544433594,-0.0001068115234375,38756,17988]},{"name":null,"type":0,"depth":51,"symbol":2,"clipDepth":0,"id":25,"matrix":[-0.0003509521484375,-1.15655517578125,12.9569244384766,-0.0037841796875,11122,17846]},{"name":null,"type":0,"depth":53,"symbol":2,"clipDepth":0,"id":26,"matrix":[0.528396606445312,-1.02879333496094,4.2059326171875,2.1602783203125,8751,17489]},{"name":null,"type":0,"depth":55,"symbol":2,"clipDepth":0,"id":27,"matrix":[0.394638061523438,-0.502090454101562,2.19729614257812,1.72711181640625,4608,15361]},{"name":null,"type":0,"depth":57,"symbol":2,"clipDepth":0,"id":28,"matrix":[10.7815093994141,0.0287933349609375,-0.009765625,3.64456176757812,2101,13510]},{"name":null,"type":0,"depth":59,"symbol":2,"clipDepth":0,"id":29,"matrix":[5.12631225585938,0.0136871337890625,-0.0016021728515625,0.5997314453125,6327,14008]},{"name":null,"type":0,"depth":61,"symbol":2,"clipDepth":0,"id":30,"matrix":[0.715011596679688,0.0019073486328125,-0.0148468017578125,5.5360107421875,6090,14038]},{"name":null,"type":0,"depth":63,"symbol":2,"clipDepth":0,"id":31,"matrix":[1.59967041015625,0.0042724609375,-0.00616455078125,2.29942321777344,15610,12146]},{"name":null,"type":0,"depth":65,"symbol":2,"clipDepth":0,"id":32,"matrix":[-0.000518798828125,-1.87973022460938,2.39012145996094,-0.0006256103515625,31120,12158]},{"name":null,"type":0,"depth":67,"symbol":2,"clipDepth":0,"id":33,"matrix":[0.4267578125,-0.307754516601562,0.894393920898438,1.2403564453125,28844,10021]},{"name":null,"type":0,"depth":69,"symbol":2,"clipDepth":0,"id":34,"matrix":[0.31634521484375,-0.420425415039062,1.18426513671875,0.891128540039062,29215,10387]},{"name":null,"type":0,"depth":71,"symbol":2,"clipDepth":0,"id":35,"matrix":[-0.0006866455078125,-2.25924682617188,7.045166015625,-0.0020599365234375,21178,13064]},{"name":null,"type":0,"depth":73,"symbol":2,"clipDepth":0,"id":36,"matrix":[-0.911544799804688,-1.64279174804688,1.76654052734375,-0.980148315429688,22823,12306]},{"name":null,"type":0,"depth":75,"symbol":2,"clipDepth":0,"id":37,"matrix":[-0.193634033203125,-1.34011840820312,2.70864868164062,-0.391342163085938,26684,16807]},{"name":null,"type":0,"depth":77,"symbol":2,"clipDepth":0,"id":38,"matrix":[0.501663208007812,-0.897003173828125,0.469818115234375,0.262771606445312,29442,16839]},{"name":null,"type":0,"depth":79,"symbol":2,"clipDepth":0,"id":39,"matrix":[1.33366394042969,-1.69357299804688,1.34945678710938,1.06272888183594,33309,16850]},{"name":null,"type":0,"depth":81,"symbol":2,"clipDepth":0,"id":40,"matrix":[0.0451812744140625,-2.11062622070312,2.80743408203125,0.060150146484375,33859,16744]},{"name":null,"type":0,"depth":83,"symbol":2,"clipDepth":0,"id":41,"matrix":[0.753265380859375,-0.580581665039062,1.50839233398438,1.95706176757812,34572,16842]},{"name":null,"type":0,"depth":85,"symbol":2,"clipDepth":0,"id":42,"matrix":[1.85848999023438,-0.601119995117188,0.26690673828125,0.825363159179688,32794,16861]},{"name":null,"type":0,"depth":87,"symbol":2,"clipDepth":0,"id":43,"matrix":[-0.0005645751953125,-2.00070190429688,1.469482421875,-0.0003814697265625,18707,12140]},{"name":null,"type":0,"depth":89,"symbol":2,"clipDepth":0,"id":44,"matrix":[1.40415954589844,-0.869720458984375,0.416168212890625,0.67193603515625,18753,11708]},{"name":null,"type":0,"depth":91,"symbol":2,"clipDepth":0,"id":45,"matrix":[-0.198165893554688,-0.828994750976562,3.5390625,-0.845962524414062,31144,16967]},{"name":null,"type":0,"depth":93,"symbol":2,"clipDepth":0,"id":46,"matrix":[-0.0096282958984375,-3.05865478515625,1.83804321289062,-0.0057373046875,32047,16365]},{"name":null,"type":0,"depth":95,"symbol":2,"clipDepth":0,"id":47,"matrix":[-0.023193359375,3.00399780273438,-1.85052490234375,-0.01434326171875,14719,16452]},{"name":null,"type":0,"depth":97,"symbol":2,"clipDepth":0,"id":48,"matrix":[3.60226440429688,-1.08621215820312,0.377838134765625,1.25309753417969,12311,17387]},{"name":null,"type":0,"depth":99,"symbol":2,"clipDepth":0,"id":49,"matrix":[-0.0005950927734375,-1.94725036621094,5.3123779296875,-0.001556396484375,20699,16668]},{"name":null,"type":0,"depth":101,"symbol":2,"clipDepth":0,"id":50,"matrix":[3.37919616699219,-1.72518920898438,0.595123291015625,1.16569519042969,19072,16869]},{"name":null,"type":0,"depth":103,"symbol":2,"clipDepth":0,"id":51,"matrix":[3.39053344726562,1.70274353027344,-0.587387084960938,1.16960144042969,22318,16878]},{"name":null,"type":0,"depth":105,"symbol":2,"clipDepth":0,"id":52,"matrix":[0.522674560546875,-0.672103881835938,0.457565307617188,0.35589599609375,11506,17562]},{"name":null,"type":0,"depth":107,"symbol":2,"clipDepth":0,"id":53,"matrix":[-0.593917846679688,1.65141296386719,-1.970703125,-0.708770751953125,13241,17209]},{"name":null,"type":0,"depth":109,"symbol":2,"clipDepth":0,"id":54,"matrix":[-0.546966552734375,0.849594116210938,-1.74224853515625,-1.12167358398438,18845,16401]},{"name":null,"type":0,"depth":111,"symbol":2,"clipDepth":0,"id":55,"matrix":[-1.03375244140625,-0.735794067382812,1.77520751953125,-2.494140625,18168,16713]},{"name":null,"type":0,"depth":113,"symbol":2,"clipDepth":0,"id":56,"matrix":[-0.0004730224609375,-1.56854248046875,28.4960327148438,-0.0083160400390625,28969,13783]},{"name":null,"type":0,"depth":115,"symbol":2,"clipDepth":0,"id":57,"matrix":[-2.43595886230469,-1.38914489746094,0.69708251953125,-1.22232055664062,22929,13579]},{"name":null,"type":0,"depth":117,"symbol":2,"clipDepth":0,"id":58,"matrix":[-2.64544677734375,-1.50860595703125,0.69708251953125,-1.22232055664062,13287,13544]},{"name":null,"type":0,"depth":119,"symbol":2,"clipDepth":0,"id":59,"matrix":[2.72068786621094,-1.58665466308594,0.708831787109375,1.21551513671875,18796,13531]},{"name":null,"type":0,"depth":121,"symbol":2,"clipDepth":0,"id":60,"matrix":[-0.0004730224609375,-1.56854248046875,11.7547760009766,-0.0034332275390625,16028,13782]},{"name":null,"type":0,"depth":123,"symbol":2,"clipDepth":0,"id":61,"matrix":[2.9619140625,-1.72734069824219,0.708831787109375,1.21551513671875,7791,13520]},{"name":null,"type":0,"depth":125,"symbol":2,"clipDepth":0,"id":62,"matrix":[-0.574951171875,-0.851898193359375,0.446197509765625,-0.301116943359375,30029,16872]},{"name":null,"type":0,"depth":127,"symbol":2,"clipDepth":0,"id":63,"matrix":[1.37060546875,0.0750885009765625,-0.0499725341796875,0.911712646484375,29715,16810]},{"name":null,"type":0,"depth":129,"symbol":2,"clipDepth":0,"id":64,"matrix":[0.004852294921875,-0.539642333984375,1.18962097167969,0.0108642578125,36232,8481]},{"name":null,"type":0,"depth":131,"symbol":2,"clipDepth":0,"id":65,"matrix":[0.0044097900390625,-0.4915771484375,1.18962097167969,0.0108642578125,36110,8644]},{"name":null,"type":0,"depth":133,"symbol":2,"clipDepth":0,"id":66,"matrix":[0.0044403076171875,-0.494766235351562,1.18962097167969,0.0108642578125,36006,8820]},{"name":null,"type":0,"depth":135,"symbol":2,"clipDepth":0,"id":67,"matrix":[0.00408935546875,-0.45458984375,1.18962097167969,0.0108642578125,35902,8984]},{"name":null,"type":0,"depth":137,"symbol":2,"clipDepth":0,"id":68,"matrix":[0.003814697265625,-0.4246826171875,1.18962097167969,0.0108642578125,35802,9131]},{"name":null,"type":0,"depth":139,"symbol":2,"clipDepth":0,"id":69,"matrix":[0.0044097900390625,-0.491744995117188,1.18962097167969,0.0108642578125,35682,9309]},{"name":null,"type":0,"depth":141,"symbol":2,"clipDepth":0,"id":70,"matrix":[0.004119873046875,-0.45751953125,1.18962097167969,0.0108642578125,35578,9497]},{"name":null,"type":0,"depth":143,"symbol":2,"clipDepth":0,"id":71,"matrix":[0.003814697265625,-0.4246826171875,1.18962097167969,0.0108642578125,35438,9637]},{"name":null,"type":0,"depth":145,"symbol":2,"clipDepth":0,"id":72,"matrix":[0.004852294921875,-0.539642333984375,1.18962097167969,0.0108642578125,36757,7635]},{"name":null,"type":0,"depth":147,"symbol":2,"clipDepth":0,"id":73,"matrix":[0.0044097900390625,-0.4915771484375,1.18962097167969,0.0108642578125,36635,7803]},{"name":null,"type":0,"depth":149,"symbol":2,"clipDepth":0,"id":74,"matrix":[0.0044403076171875,-0.494766235351562,1.18962097167969,0.0108642578125,36546,7974]},{"name":null,"type":0,"depth":151,"symbol":2,"clipDepth":0,"id":75,"matrix":[0.00408935546875,-0.45458984375,1.18962097167969,0.0108642578125,36427,8143]},{"name":null,"type":0,"depth":153,"symbol":2,"clipDepth":0,"id":76,"matrix":[0.003814697265625,-0.4246826171875,1.18962097167969,0.0108642578125,36347,8295]},{"name":null,"type":0,"depth":155,"symbol":2,"clipDepth":0,"id":77,"matrix":[0.004852294921875,-0.539642333984375,1.18962097167969,0.0108642578125,36892,7450]},{"name":null,"type":0,"depth":157,"symbol":2,"clipDepth":0,"id":78,"matrix":[-0.00457763671875,-0.539642333984375,-1.11941528320312,0.0108642578125,2589,8481]},{"name":null,"type":0,"depth":159,"symbol":2,"clipDepth":0,"id":79,"matrix":[-0.004150390625,-0.4915771484375,-1.11941528320312,0.0108642578125,2704,8644]},{"name":null,"type":0,"depth":161,"symbol":2,"clipDepth":0,"id":80,"matrix":[-0.004180908203125,-0.494766235351562,-1.11941528320312,0.0108642578125,2802,8820]},{"name":null,"type":0,"depth":163,"symbol":2,"clipDepth":0,"id":81,"matrix":[-0.00384521484375,-0.45458984375,-1.11941528320312,0.0108642578125,2900,8984]},{"name":null,"type":0,"depth":165,"symbol":2,"clipDepth":0,"id":82,"matrix":[-0.0035858154296875,-0.4246826171875,-1.11941528320312,0.0108642578125,2994,9131]},{"name":null,"type":0,"depth":167,"symbol":2,"clipDepth":0,"id":83,"matrix":[-0.004150390625,-0.491744995117188,-1.11941528320312,0.0108642578125,3106,9309]},{"name":null,"type":0,"depth":169,"symbol":2,"clipDepth":0,"id":84,"matrix":[-0.003875732421875,-0.45751953125,-1.11941528320312,0.0108642578125,3204,9497]},{"name":null,"type":0,"depth":171,"symbol":2,"clipDepth":0,"id":85,"matrix":[-0.0035858154296875,-0.4246826171875,-1.11941528320312,0.0108642578125,3337,9637]},{"name":null,"type":0,"depth":173,"symbol":2,"clipDepth":0,"id":86,"matrix":[-0.00457763671875,-0.539642333984375,-1.11941528320312,0.0108642578125,2095,7635]},{"name":null,"type":0,"depth":175,"symbol":2,"clipDepth":0,"id":87,"matrix":[-0.004150390625,-0.4915771484375,-1.11941528320312,0.0108642578125,2210,7803]},{"name":null,"type":0,"depth":177,"symbol":2,"clipDepth":0,"id":88,"matrix":[-0.004180908203125,-0.494766235351562,-1.11941528320312,0.0108642578125,2293,7974]},{"name":null,"type":0,"depth":179,"symbol":2,"clipDepth":0,"id":89,"matrix":[-0.00384521484375,-0.45458984375,-1.11941528320312,0.0108642578125,2406,8143]},{"name":null,"type":0,"depth":181,"symbol":2,"clipDepth":0,"id":90,"matrix":[-0.0035858154296875,-0.4246826171875,-1.11941528320312,0.0108642578125,2481,8295]},{"name":null,"type":0,"depth":183,"symbol":2,"clipDepth":0,"id":91,"matrix":[-0.00457763671875,-0.539642333984375,-1.11941528320312,0.0108642578125,1968,7450]},{"name":null,"type":0,"depth":185,"symbol":2,"clipDepth":0,"id":92,"matrix":[-0.50091552734375,-0.228271484375,0.471420288085938,-1.03451538085938,17731,16852]},{"name":null,"type":0,"depth":187,"symbol":2,"clipDepth":0,"id":93,"matrix":[0.87261962890625,1.54177856445312,-0.791976928710938,0.448196411132812,27209,16867]},{"name":null,"type":0,"depth":189,"symbol":2,"clipDepth":0,"id":94,"matrix":[0.679428100585938,-1.63211059570312,0.838333129882812,0.349014282226562,26138,17016]},{"name":null,"type":0,"depth":191,"symbol":2,"clipDepth":0,"id":95,"matrix":[-0.0016021728515625,-5.63180541992188,7.22026062011719,-0.0019073486328125,38382,8516]},{"name":null,"type":0,"depth":193,"symbol":2,"clipDepth":0,"id":96,"matrix":[-0.0009918212890625,-3.46267700195312,1.9327392578125,-0.0005035400390625,36561,9028]},{"name":null,"type":0,"depth":195,"symbol":2,"clipDepth":0,"id":97,"matrix":[-0.0007476806640625,-2.61137390136719,21.322509765625,-0.0056304931640625,4299,17802]},{"name":null,"type":0,"depth":197,"symbol":2,"clipDepth":0,"id":98,"matrix":[-0.0004730224609375,-1.743896484375,65.0474243164062,-0.0172271728515625,24575,17935]},{"name":null,"type":0,"depth":199,"symbol":2,"clipDepth":0,"id":99,"matrix":[-0.0002593994140625,-0.9071044921875,8.70053100585938,-0.0023040771484375,10188,18120]},{"name":null,"type":0,"depth":201,"symbol":2,"clipDepth":0,"id":100,"matrix":[-0.0015869140625,-5.58445739746094,4.01412963867188,-0.001068115234375,1125,8587]},{"name":null,"type":0,"depth":203,"symbol":2,"clipDepth":0,"id":101,"matrix":[-0.0009307861328125,-3.27337646484375,2.54034423828125,-0.00067138671875,2160,9069]},{"name":null,"type":0,"depth":205,"symbol":2,"clipDepth":0,"id":102,"matrix":[13.8356170654297,0,0,64.5459594726562,-2503,9166]},{"name":null,"type":0,"depth":207,"symbol":2,"clipDepth":0,"id":103,"matrix":[125.452896118164,0,0,10.3442535400391,20078,-1827]},{"name":null,"type":0,"depth":209,"symbol":2,"clipDepth":0,"id":104,"matrix":[13.2609100341797,0,0,64.4895935058594,42472,9042]},{"name":null,"type":0,"depth":211,"symbol":2,"clipDepth":0,"id":105,"matrix":[124.988250732422,0,0,11.3188629150391,20125,19904]},{"name":null,"type":0,"depth":213,"symbol":2,"clipDepth":0,"id":106,"matrix":[0.63861083984375,-0.0042724609375,0.0152130126953125,2.27215576171875,4123,14701]},{"name":null,"type":0,"depth":215,"symbol":2,"clipDepth":0,"id":107,"matrix":[0.28173828125,0.259628295898438,-0.383087158203125,0.41571044921875,15824,7267]},{"name":null,"type":0,"depth":217,"symbol":2,"clipDepth":0,"id":108,"matrix":[0.234893798828125,0.216461181640625,-0.2713623046875,0.294479370117188,15764,9749]},{"name":null,"type":0,"depth":219,"symbol":2,"clipDepth":0,"id":109,"matrix":[0.22991943359375,0.211898803710938,-0.498519897460938,0.540985107421875,15871,11820]},{"name":null,"type":0,"depth":221,"symbol":2,"clipDepth":0,"id":110,"matrix":[0.193710327148438,0.17852783203125,-0.498519897460938,0.540985107421875,19893,11542]},{"name":null,"type":0,"depth":223,"symbol":2,"clipDepth":0,"id":111,"matrix":[0.20782470703125,0.191558837890625,-0.3319091796875,0.360198974609375,35183,7244]},{"name":null,"type":0,"depth":225,"symbol":2,"clipDepth":0,"id":112,"matrix":[0.222076416015625,0.204681396484375,-0.498519897460938,0.540985107421875,31534,11918]},{"name":null,"type":0,"depth":227,"symbol":2,"clipDepth":0,"id":113,"matrix":[0.17254638671875,0.159027099609375,-0.321258544921875,0.348617553710938,35604,12232]},{"name":null,"type":0,"depth":229,"symbol":2,"clipDepth":0,"id":114,"matrix":[0.207183837890625,0.190948486328125,-0.498519897460938,0.540985107421875,32348,15888]},{"name":null,"type":0,"depth":231,"symbol":2,"clipDepth":0,"id":115,"matrix":[0.230712890625,0.212631225585938,-0.498519897460938,0.540985107421875,15035,15987]},{"name":null,"type":0,"depth":233,"symbol":2,"clipDepth":0,"id":116,"matrix":[0.2308349609375,0.212753295898438,-0.498519897460938,0.540985107421875,4198,12619]},{"name":null,"type":0,"depth":235,"symbol":2,"clipDepth":0,"id":117,"matrix":[-0.178695678710938,0.1646728515625,0.297119140625,0.32244873046875,24267,7235]},{"name":null,"type":0,"depth":237,"symbol":2,"clipDepth":0,"id":118,"matrix":[-0.211639404296875,0.195053100585938,0.342575073242188,0.371749877929688,24232,9766]},{"name":null,"type":0,"depth":239,"symbol":2,"clipDepth":0,"id":119,"matrix":[-0.176025390625,0.1622314453125,0.34869384765625,0.37841796875,30552,9761]},{"name":null,"type":0,"depth":241,"symbol":2,"clipDepth":0,"id":120,"matrix":[-0.186309814453125,0.17169189453125,0.498519897460938,0.540985107421875,30709,11910]},{"name":null,"type":0,"depth":243,"symbol":2,"clipDepth":0,"id":121,"matrix":[-0.21490478515625,0.19805908203125,0.498519897460938,0.540985107421875,15355,11817]},{"name":null,"type":0,"depth":245,"symbol":2,"clipDepth":0,"id":122,"matrix":[-0.2239990234375,0.2064208984375,0.498519897460938,0.540985107421875,3483,7284]},{"name":null,"type":0,"depth":247,"symbol":2,"clipDepth":0,"id":123,"matrix":[-0.2218017578125,0.204437255859375,0.498519897460938,0.540985107421875,6004,12625]},{"name":null,"type":0,"depth":249,"symbol":2,"clipDepth":0,"id":124,"matrix":[-0.19586181640625,0.180526733398438,0.384323120117188,0.41705322265625,5344,13995]},{"name":null,"type":0,"depth":251,"symbol":2,"clipDepth":0,"id":125,"matrix":[-0.2095947265625,0.19317626953125,0.498519897460938,0.540985107421875,14415,15985]},{"name":null,"type":0,"depth":253,"symbol":2,"clipDepth":0,"id":126,"matrix":[-0.215499877929688,0.1986083984375,0.498519897460938,0.540985107421875,31739,15887]},{"name":null,"type":0,"depth":255,"symbol":2,"clipDepth":0,"id":127,"matrix":[-0.21490478515625,0.19805908203125,0.352386474609375,0.382415771484375,13467,9752]},{"name":null,"type":0,"depth":257,"symbol":2,"clipDepth":0,"id":128,"matrix":[0.222076416015625,0.204681396484375,-0.498519897460938,0.540985107421875,28643,9809]},{"name":null,"type":0,"depth":259,"symbol":2,"clipDepth":0,"id":129,"matrix":[-0.004150390625,-0.4915771484375,-1.11941528320312,0.0108642578125,35037,14290]},{"name":null,"type":0,"depth":261,"symbol":2,"clipDepth":0,"id":130,"matrix":[-0.004180908203125,-0.494766235351562,-1.11941528320312,0.0108642578125,35135,14466]},{"name":null,"type":0,"depth":263,"symbol":2,"clipDepth":0,"id":131,"matrix":[-0.00384521484375,-0.45458984375,-1.11941528320312,0.0108642578125,35233,14630]},{"name":null,"type":0,"depth":265,"symbol":2,"clipDepth":0,"id":132,"matrix":[-0.0035858154296875,-0.4246826171875,-1.11941528320312,0.0108642578125,35327,14777]},{"name":null,"type":0,"depth":267,"symbol":2,"clipDepth":0,"id":133,"matrix":[-0.004150390625,-0.491744995117188,-1.11941528320312,0.0108642578125,35439,14955]},{"name":null,"type":0,"depth":269,"symbol":2,"clipDepth":0,"id":134,"matrix":[-0.003875732421875,-0.45751953125,-1.11941528320312,0.0108642578125,35537,15143]},{"name":null,"type":0,"depth":271,"symbol":2,"clipDepth":0,"id":135,"matrix":[-0.0035858154296875,-0.4246826171875,-1.11941528320312,0.0108642578125,35670,15283]},{"name":null,"type":0,"depth":273,"symbol":2,"clipDepth":0,"id":136,"matrix":[-0.0035858154296875,-0.4246826171875,-1.11941528320312,0.0108642578125,34952,14121]},{"name":null,"type":0,"depth":275,"symbol":2,"clipDepth":0,"id":137,"matrix":[0.193710327148438,0.17852783203125,-0.498519897460938,0.540985107421875,22931,11916]},{"name":null,"type":0,"depth":277,"symbol":2,"clipDepth":0,"id":138,"matrix":[-0.211639404296875,0.195053100585938,0.072357177734375,0.0816802978515625,22962,11828]},{"name":null,"type":0,"depth":279,"symbol":2,"clipDepth":0,"id":139,"matrix":[0.130767822265625,-1.9696044921875,0.537109375,0.0356597900390625,30661,12239]},{"name":null,"type":0,"depth":281,"symbol":2,"clipDepth":0,"id":140,"matrix":[0.111923217773438,-2.26339721679688,0.53759765625,0.0265960693359375,31694,16283]},{"name":null,"type":0,"depth":283,"symbol":2,"clipDepth":0,"id":141,"matrix":[0.18560791015625,-2.78878784179688,0.537094116210938,0.0357513427734375,14354,16485]},{"name":null,"type":0,"depth":285,"symbol":2,"clipDepth":0,"id":142,"matrix":[0.154754638671875,-3.4012451171875,0.5377197265625,0.02447509765625,5948,13241]},{"name":null,"type":0,"depth":287,"symbol":2,"clipDepth":0,"id":143,"matrix":[0.182601928710938,-2.25880432128906,0.536529541015625,0.0433807373046875,15293,12212]},{"name":null,"type":0,"depth":289,"symbol":2,"clipDepth":0,"id":144,"matrix":[0.181137084960938,-2.2589111328125,0.53656005859375,0.04302978515625,18472,12216]},{"name":null,"type":0,"depth":291,"symbol":2,"clipDepth":0,"id":145,"matrix":[-0.170944213867188,-2.25970458984375,-0.5367431640625,0.040618896484375,31590,12306]},{"name":null,"type":0,"depth":293,"symbol":2,"clipDepth":0,"id":146,"matrix":[-0.121200561523438,-2.43408203125,-0.537628173828125,0.0267791748046875,32394,16312]},{"name":null,"type":0,"depth":295,"symbol":2,"clipDepth":0,"id":147,"matrix":[-0.17816162109375,-2.86422729492188,-0.5372314453125,0.0334320068359375,15097,16499]},{"name":null,"type":0,"depth":297,"symbol":2,"clipDepth":0,"id":148,"matrix":[-0.092254638671875,-6.36753845214844,-0.5382080078125,0.0077972412109375,4248,13827]},{"name":null,"type":0,"depth":299,"symbol":2,"clipDepth":0,"id":149,"matrix":[-0.19061279296875,-2.8634033203125,-0.537094116210938,0.0357666015625,15935,12331]},{"name":null,"type":0,"depth":301,"symbol":2,"clipDepth":0,"id":150,"matrix":[-0.241500854492188,-3.02854919433594,-0.536590576171875,0.0428009033203125,19954,12076]},{"name":null,"type":0,"depth":303,"symbol":2,"clipDepth":0,"id":151,"matrix":[-0.000518798828125,-1.87973022460938,1.0609130859375,-0.000274658203125,22514,12549]}]}]},{"type":5,"className":"com.darkness.tdp4.maps.view.MapGFXBack","baseClassName":null,"id":10,"frames":[{"objects":[{"name":null,"type":0,"depth":1,"symbol":9,"clipDepth":0,"id":0,"matrix":[1,0,0,1,0,0]}]}]},{"type":4,"id":9,"commands":[3,5,1,255,0.698039215686274,8,-5013,-3896,7,45169,-3896,7,45169,242,7,45124,242,7,45124,21940,7,45123,21940,7,45123,22168,7,-4873,22168,7,-4873,22075,7,-5270,22075,7,-5270,-3743,7,-5013,-3743,7,-5013,-3896,8,39779,7375,7,37131,7375,7,37131,7390,7,39779,7390,7,39779,7375,8,39779,334,7,342,334,7,342,7184,7,2049,7184,7,2049,7342,7,2191,7340,7,2193,7526,7,2318,7525,7,2320,7704,7,2433,7703,7,2435,7874,7,2516,7873,7,2518,8051,7,2629,8050,7,2631,8209,7,2704,8208,7,2706,8372,7,2812,8371,7,2814,8545,7,2927,8544,7,2929,8720,7,3025,8719,7,3027,8892,7,3123,8891,7,3125,9045,7,3217,9044,7,3219,9210,7,3329,9209,7,3331,9404,7,3427,9403,7,3429,9551,7,3560,9550,7,3562,9669,7,10337,9667,7,10337,9694,7,10385,9658,7,10732,10125,7,13287,11114,7,13211,11310,7,10694,10336,7,10651,10368,7,10600,10300,7,10581,10292,7,10586,10280,7,10287,9877,7,342,9879,7,342,12488,7,4247,12486,7,4247,12787,7,4259,12787,7,4255,14245,7,342,14234,7,342,16866,7,8010,16864,7,8016,16851,7,9505,17616,7,11317,17615,7,11517,17360,7,11515,17353,7,12894,16938,7,12966,16737,7,13597,16965,7,13597,16964,7,14345,16964,7,14354,15848,7,15094,15854,7,15085,16964,7,17560,16963,7,17725,16599,7,17885,16673,7,18316,16067,7,18489,16190,7,18606,16007,7,19302,16455,7,19299,16460,7,19629,16291,7,19637,16307,7,19637,16279,7,21761,16279,7,21761,16305,7,23066,16961,7,25964,16961,7,26104,16625,7,26103,16617,7,27187,16461,7,27189,16471,7,27192,16469,7,27471,16960,7,29251,16960,7,29448,16607,7,29460,16614,7,29999,16643,7,29999,16645,7,30003,16642,7,30218,16960,7,30441,16960,7,31680,16664,7,31677,15754,7,32413,15752,7,32417,16801,7,33079,16587,7,33306,16298,7,33322,16311,7,34429,16334,7,34429,16345,7,34903,16959,7,36549,16958,7,36549,16970,7,37865,17640,7,39779,17640,7,39779,12630,7,38117,12645,7,38117,12637,7,36557,13135,7,36477,12885,7,38099,12367,7,38116,12418,7,38115,12381,7,39779,12366,7,39779,9877,7,30511,9879,7,30511,9669,7,35200,9668,7,35201,9550,7,35340,9551,7,35341,9403,7,35443,9404,7,35445,9209,7,35563,9210,7,35565,9044,7,35664,9045,7,35665,8891,7,35768,8892,7,35769,8719,7,35871,8720,7,35873,8544,7,35994,8545,7,35995,8371,7,36108,8372,7,36110,8208,7,36189,8209,7,36190,8050,7,36307,8051,7,36309,7873,7,36397,7874,7,36398,7703,7,36519,7704,7,36520,7525,7,36654,7526,7,36655,7340,7,36802,7341,7,36802,7165,7,39779,7165,7,39779,334,8,39779,9642,7,36948,9642,7,36948,9668,7,39779,9667,7,39779,9642,8,35209,7358,7,24241,7360,7,24241,7150,7,35209,7148,7,35209,7358,8,15849,7454,7,3421,7458,7,3421,7150,7,15849,7146,7,15849,7454,8,31598,11782,7,31598,12440,7,34715,12439,7,34732,12434,7,34732,12433,7,34733,12433,7,35635,12145,7,35681,12291,7,35074,12485,7,35126,12493,7,34909,13923,7,35916,15258,7,35684,15432,7,34668,14085,7,34668,14095,7,23278,14099,7,23277,14101,7,23274,14099,7,23270,14099,7,23270,14097,7,22303,13545,7,22320,13516,7,19769,13516,7,19769,13484,7,19436,13484,7,18394,14091,7,18379,14066,7,18379,14095,7,13677,14097,7,13677,14090,7,12620,13486,7,8407,13487,7,7341,14108,7,7325,14080,7,6221,14077,7,6218,15151,7,5932,15151,7,5935,14076,7,5303,14074,7,5303,13890,7,5936,13892,7,5938,12937,7,5942,12937,7,5942,12488,7,15289,12486,7,15291,11685,7,15931,11687,7,15929,12486,7,18390,12485,7,18390,11751,7,18389,11749,7,18390,11749,7,18390,11741,7,18402,11741,7,18935,11411,7,18944,11426,7,18944,11410,7,19960,11410,7,19960,12612,7,22458,12612,7,22458,12480,7,22288,12173,7,22994,11781,7,23358,12439,7,23352,12443,7,30642,12441,7,30642,11782,7,31598,11782,8,15781,9879,7,13423,9879,7,13423,9669,7,15781,9669,7,15781,9879,8,29389,10649,7,28952,10321,7,28937,10331,7,28611,9878,7,24203,9880,7,24203,9670,7,28684,9668,7,28707,9651,7,29056,10137,7,29515,10481,7,29389,10649,8,36874,7744,7,36872,7903,7,36785,7903,7,36783,8075,7,36666,8074,7,36664,8236,7,36586,8236,7,36585,8335,7,36938,8335,7,36938,7745,7,36874,7744,8,36141,8920,7,36139,9077,7,36041,9076,7,36039,9218,7,35921,9217,7,35919,9409,7,35817,9408,7,35815,9591,7,35677,9590,7,35676,9668,7,36174,9668,7,36174,8921,7,36141,8920,8,2676,8920,7,2668,8920,7,2668,9669,7,3114,9669,7,3113,9590,7,2981,9591,7,2979,9408,7,2883,9409,7,2881,9217,7,2771,9218,7,2770,9076,7,2677,9077,7,2676,8920,8,1987,7903,7,1986,7744,7,1928,7745,7,1928,8414,7,2365,8414,7,2364,8381,7,2258,8382,7,2257,8236,7,2183,8236,7,2181,8074,7,2070,8075,7,2069,7903,7,1987,7903,8,4252,14827,7,5119,15508,7,4961,15708,7,4254,15153,7,4254,15154,7,3998,15156,7,3992,14248,7,4248,14246,7,4252,14827,8,6222,13893,7,7217,13896,7,7057,13622,7,7288,13488,7,6223,13488,7,6222,13893,8,12550,17589,7,13261,17589,7,12937,17472,7,12550,17589,8,36549,17489,7,36549,17542,7,13597,17548,7,13597,17456,7,13549,17589,7,36734,17583,7,36549,17489,8,34416,16959,7,34422,16959,7,34416,16951,7,34416,16959,8,21761,16962,7,21902,16962,7,21761,16891,7,21761,16962,8,19637,16962,7,19637,16875,7,19466,16962,7,19637,16962,8,18314,16963,7,18889,16669,7,18630,16503,7,18303,16963,7,18314,16963,5]},{"type":5,"className":"com.darkness.tdp4.maps.view.MapTestPolygonContainer","baseClassName":null,"id":8,"frames":[{"objects":[{"name":null,"type":0,"depth":1,"symbol":2,"clipDepth":0,"id":0,"matrix":[-0.0004730224609375,0.0868988037109375,-5.16766357421875,-0.028564453125,14626,9767]},{"name":null,"type":0,"depth":3,"symbol":2,"clipDepth":0,"id":1,"matrix":[-0.0004730224609375,0.0868988037109375,-22.3842010498047,-0.123703002929688,35108,9790]},{"name":null,"type":0,"depth":5,"symbol":2,"clipDepth":0,"id":2,"matrix":[-6.103515625e-05,0.0868988037109375,-71.074951171875,-0.05120849609375,20285,13018]},{"name":null,"type":0,"depth":7,"symbol":2,"clipDepth":0,"id":3,"matrix":[-6.103515625e-05,0.0868988037109375,-26.6980133056641,-0.0192413330078125,29723,7239]},{"name":null,"type":0,"depth":9,"symbol":2,"clipDepth":0,"id":4,"matrix":[-6.103515625e-05,0.0868988037109375,-25.341552734375,-0.0182647705078125,5100,9783]},{"name":null,"type":0,"depth":11,"symbol":2,"clipDepth":0,"id":5,"matrix":[-0.0868988037109375,-0.0004730224609375,0.0200653076171875,-3.63096618652344,19244,12263]},{"name":null,"type":0,"depth":13,"symbol":2,"clipDepth":0,"id":6,"matrix":[-0.0004730224609375,0.0868988037109375,-10.7367401123047,-0.0593109130859375,26458,9816]},{"name":null,"type":0,"depth":15,"symbol":2,"clipDepth":0,"id":7,"matrix":[-0.0868988037109375,-0.0004730224609375,0.0200653076171875,-3.63096618652344,15619,12509]},{"name":null,"type":0,"depth":17,"symbol":2,"clipDepth":0,"id":8,"matrix":[-0.0868988037109375,-0.0004730224609375,0.0200653076171875,-3.63096618652344,22878,12689]},{"name":null,"type":0,"depth":19,"symbol":2,"clipDepth":0,"id":9,"matrix":[-0.0868988037109375,-0.0004730224609375,0.0200653076171875,-3.63096618652344,31118,12669]},{"name":null,"type":0,"depth":21,"symbol":2,"clipDepth":0,"id":10,"matrix":[-0.0004730224609375,0.0868988037109375,-4.37461853027344,-0.024169921875,38992,12532]},{"name":null,"type":0,"depth":23,"symbol":2,"clipDepth":0,"id":11,"matrix":[-0.0868988037109375,-0.0004730224609375,0.0699462890625,-12.6585693359375,32048,18423]},{"name":null,"type":0,"depth":25,"symbol":2,"clipDepth":0,"id":12,"matrix":[-0.0868988037109375,-0.0004730224609375,0.0423431396484375,-7.66319274902344,20614,17829]},{"name":null,"type":0,"depth":27,"symbol":2,"clipDepth":0,"id":13,"matrix":[-0.0868988037109375,-0.0004730224609375,0.0423431396484375,-7.66319274902344,14659,17507]},{"name":null,"type":0,"depth":29,"symbol":2,"clipDepth":0,"id":14,"matrix":[-0.0004730224609375,0.0868988037109375,-9.70297241210938,-0.053619384765625,2100,12784]},{"name":null,"type":0,"depth":31,"symbol":2,"clipDepth":0,"id":15,"matrix":[-6.103515625e-05,0.0868988037109375,-30.5234527587891,-0.022003173828125,9638,7330]}]}]},{"type":5,"className":"com.darkness.tdp4.maps.view.MapBGS","baseClassName":null,"id":7,"frames":[{"objects":[{"name":null,"type":0,"depth":1,"symbol":6,"clipDepth":0,"id":0,"matrix":[1,0,0,1,0,0]}]}]},{"type":5,"id":6,"frames":[{"objects":[{"type":0,"depth":0,"symbol":5,"clipDepth":0,"id":0,"visible":true,"matrix":[1,0,0,1,0,0]}]}]},{"type":5,"className":"com.darkness.tdp4.maps.view.GameMap","baseClassName":null,"id":33,"frames":[{"objects":[{"name":null,"type":0,"depth":1,"symbol":32,"clipDepth":0,"id":0,"matrix":[1,0,0,1,-5500,-4000]},{"name":null,"type":0,"depth":220,"symbol":14,"clipDepth":0,"id":1,"matrix":[1,0,0,1,-5500,-4000]},{"name":null,"type":0,"depth":222,"symbol":11,"clipDepth":0,"id":2,"matrix":[1,0,0,1,-5500,-4000]},{"name":null,"type":0,"depth":526,"symbol":10,"clipDepth":0,"id":3,"visible":false,"matrix":[1,0,0,1,-5500,-4000]},{"name":null,"type":0,"depth":528,"symbol":8,"clipDepth":0,"id":4,"visible":false,"matrix":[1,0,0,1,-5500,-4000]}]}]},{"path":"symbols/5.jpg","type":0,"id":5},{"type":5,"className":"com.darkness.tdp4.maps.view.Map","baseClassName":null,"id":32,"frames":[{"objects":[{"name":null,"type":0,"depth":1,"symbol":16,"clipDepth":0,"id":0,"matrix":[1,0,0,1,0,0]},{"name":"respawnCon","type":0,"depth":2,"symbol":18,"clipDepth":0,"id":1,"matrix":[1,0,0,1,0,0]},{"name":"singlePlayerRespawnCon","type":0,"depth":42,"symbol":19,"clipDepth":0,"id":2,"matrix":[1,0,0,1,0,0]},{"name":"turretRespawn","type":0,"depth":82,"symbol":20,"clipDepth":0,"id":3,"matrix":[1,0,0,1,0,0]},{"name":"botRespawn","type":0,"depth":102,"symbol":21,"clipDepth":0,"id":4,"matrix":[1,0,0,1,0,0]},{"name":"dominationRespawn","type":0,"depth":152,"symbol":22,"clipDepth":0,"id":5,"matrix":[1,0,0,1,0,0]},{"name":"controllPointsCon","type":0,"depth":164,"symbol":23,"clipDepth":0,"id":6,"matrix":[1,0,0,1,0,0]},{"name":"waypoint_0","type":0,"depth":184,"symbol":25,"clipDepth":0,"id":7,"matrix":[0.58050537109375,0,0,2.5625,17383,4760]},{"name":"waypoint_1","type":0,"depth":186,"symbol":25,"clipDepth":0,"id":8,"matrix":[0.58050537109375,0,0,2.5625,23743,4760]},{"name":"waypoint_2","type":0,"depth":188,"symbol":25,"clipDepth":0,"id":9,"matrix":[0.58050537109375,0,0,2.5625,3490,11496]},{"name":"waypoint_3","type":0,"depth":190,"symbol":25,"clipDepth":0,"id":10,"matrix":[0.58050537109375,0,0,2.5625,5969,16683]},{"name":"waypoint_4","type":0,"depth":192,"symbol":25,"clipDepth":0,"id":11,"matrix":[0.58050537109375,0,0,2.5625,16909,15323]},{"name":"waypoint_5","type":0,"depth":194,"symbol":25,"clipDepth":0,"id":12,"matrix":[0.58050537109375,0,0,2.5625,23909,16963]},{"name":"waypoint_6","type":0,"depth":196,"symbol":25,"clipDepth":0,"id":13,"matrix":[0.58050537109375,0,0,2.5625,33549,13143]},{"name":"itemCon","type":0,"depth":198,"symbol":26,"clipDepth":0,"id":14,"matrix":[1,0,0,1,0,0]},{"name":"flagBaseCon","type":0,"depth":218,"symbol":31,"clipDepth":0,"id":15,"matrix":[1,0,0,1,0,0]}]}]},{"type":5,"className":"com.darkness.tdp4.maps.view.MapTop","baseClassName":null,"id":4,"frames":[{}]},{"type":5,"id":31,"frames":[{"objects":[{"name":"base_2","type":0,"depth":1,"symbol":28,"clipDepth":0,"id":0,"filters":[[0,40,40,1]],"matrix":[1,0,0,1,28800,15600]},{"name":"base_1","type":0,"depth":3,"symbol":30,"clipDepth":0,"id":1,"filters":[[0,40,40,1]],"matrix":[1,0,0,1,9360,8200]}]}]},{"type":5,"className":"com.darkness.tdp4.maps.view.MapBulletProofPolygonContainer","baseClassName":null,"id":3,"frames":[{"objects":[{"name":null,"type":0,"depth":1,"symbol":2,"clipDepth":0,"id":0,"matrix":[0.97564697265625,0,0,45.6231384277344,147,9049]},{"name":null,"type":0,"depth":3,"symbol":2,"clipDepth":0,"id":1,"matrix":[100.00927734375,0,0,0.928543090820312,20091,148]},{"name":null,"type":0,"depth":5,"symbol":2,"clipDepth":0,"id":2,"matrix":[0.949356079101562,0,0,45.7056274414062,39969,9106]},{"name":null,"type":0,"depth":7,"symbol":2,"clipDepth":0,"id":3,"matrix":[-0.0003509521484375,-1.15655517578125,9.9716796875,-0.002899169921875,2262,12717]},{"name":null,"type":0,"depth":9,"symbol":2,"clipDepth":0,"id":4,"matrix":[-0.000213623046875,-0.769561767578125,31.0724487304688,-0.0081787109375,9635,7302]},{"name":null,"type":0,"depth":11,"symbol":2,"clipDepth":0,"id":5,"matrix":[-0.000213623046875,-0.769561767578125,4.3526611328125,-0.0011444091796875,1178,7338]},{"name":null,"type":0,"depth":13,"symbol":2,"clipDepth":0,"id":6,"matrix":[-0.000152587890625,-0.525558471679688,25.1215209960938,-0.0066070556640625,5313,9773]},{"name":null,"type":0,"depth":15,"symbol":2,"clipDepth":0,"id":7,"matrix":[-0.000152587890625,-0.526153564453125,5.89266967773438,-0.001556396484375,14602,9774]},{"name":null,"type":0,"depth":17,"symbol":2,"clipDepth":0,"id":8,"matrix":[0.190017700195312,-0.490646362304688,6.57743835449219,2.54745483398438,11934,10703]},{"name":null,"type":0,"depth":19,"symbol":2,"clipDepth":0,"id":9,"matrix":[0.42230224609375,-0.313873291015625,1.08531188964844,1.46023559570312,10518,10013]},{"name":null,"type":0,"depth":21,"symbol":2,"clipDepth":0,"id":10,"matrix":[-0.0007476806640625,-2.5006103515625,34.9742431640625,-0.0102081298828125,12937,12986]},{"name":null,"type":0,"depth":23,"symbol":2,"clipDepth":0,"id":11,"matrix":[-0.0008087158203125,-2.66851806640625,30.8899841308594,-0.0090179443359375,28636,12975]},{"name":null,"type":0,"depth":25,"symbol":2,"clipDepth":0,"id":12,"matrix":[-0.0009307861328125,-3.27337646484375,2.54034423828125,-0.00067138671875,19452,12065]},{"name":null,"type":0,"depth":27,"symbol":2,"clipDepth":0,"id":13,"matrix":[-0.000152587890625,-0.526153564453125,11.2442321777344,-0.0029754638671875,26452,9774]},{"name":null,"type":0,"depth":29,"symbol":2,"clipDepth":0,"id":14,"matrix":[-0.000152587890625,-0.526153564453125,27.4183959960938,-0.0072479248046875,29725,7254]},{"name":null,"type":0,"depth":31,"symbol":2,"clipDepth":0,"id":15,"matrix":[-0.000152587890625,-0.526153564453125,23.2525329589844,-0.0061492919921875,35162,9773]},{"name":null,"type":0,"depth":33,"symbol":2,"clipDepth":0,"id":16,"matrix":[-0.000152587890625,-0.526153564453125,7.72648620605469,-0.002044677734375,38347,7270]},{"name":null,"type":0,"depth":35,"symbol":2,"clipDepth":0,"id":17,"matrix":[-0.116470336914062,-0.364227294921875,2.80014038085938,-0.89532470703125,35098,12397]},{"name":null,"type":0,"depth":37,"symbol":2,"clipDepth":0,"id":18,"matrix":[-0.200592041015625,-0.627288818359375,4.05633544921875,-1.29698181152344,37328,12751]},{"name":null,"type":0,"depth":39,"symbol":2,"clipDepth":0,"id":19,"matrix":[-0.005828857421875,-0.658554077148438,4.25845336914062,-0.0375518798828125,38968,12505]},{"name":null,"type":0,"depth":41,"symbol":2,"clipDepth":0,"id":20,"matrix":[0.983016967773438,0.149215698242188,-0.59918212890625,3.946533203125,34809,13252]},{"name":null,"type":0,"depth":43,"symbol":2,"clipDepth":0,"id":21,"matrix":[-0.0003509521484375,-1.15655517578125,19.4120025634766,-0.0056610107421875,4146,17096]},{"name":null,"type":0,"depth":45,"symbol":2,"clipDepth":0,"id":22,"matrix":[-0.0004425048828125,-1.46183776855469,57.3810729980469,-0.0167236328125,25073,17253]},{"name":null,"type":0,"depth":47,"symbol":2,"clipDepth":0,"id":23,"matrix":[0.524032592773438,-1.031005859375,3.8719482421875,1.96804809570312,37207,17540]},{"name":null,"type":0,"depth":49,"symbol":2,"clipDepth":0,"id":24,"matrix":[-4.57763671875e-05,-1.15653991699219,5.75120544433594,-0.0001068115234375,38756,17988]},{"name":null,"type":0,"depth":51,"symbol":2,"clipDepth":0,"id":25,"matrix":[-0.0003509521484375,-1.15655517578125,12.9569244384766,-0.0037841796875,11122,17846]},{"name":null,"type":0,"depth":53,"symbol":2,"clipDepth":0,"id":26,"matrix":[0.528396606445312,-1.02879333496094,4.2059326171875,2.1602783203125,8751,17489]},{"name":null,"type":0,"depth":55,"symbol":2,"clipDepth":0,"id":27,"matrix":[0.394638061523438,-0.502090454101562,2.19729614257812,1.72711181640625,4608,15361]},{"name":null,"type":0,"depth":57,"symbol":2,"clipDepth":0,"id":28,"matrix":[10.7815093994141,0.0287933349609375,-0.009765625,3.64456176757812,2101,13510]},{"name":null,"type":0,"depth":59,"symbol":2,"clipDepth":0,"id":29,"matrix":[5.12631225585938,0.0136871337890625,-0.0012359619140625,0.461044311523438,6328,13985]},{"name":null,"type":0,"depth":61,"symbol":2,"clipDepth":0,"id":30,"matrix":[0.715011596679688,0.0019073486328125,-0.0148468017578125,5.5360107421875,6090,14038]},{"name":null,"type":0,"depth":63,"symbol":2,"clipDepth":0,"id":31,"matrix":[1.59967041015625,0.0042724609375,-0.00616455078125,2.29942321777344,15610,12146]},{"name":null,"type":0,"depth":65,"symbol":2,"clipDepth":0,"id":32,"matrix":[-0.000518798828125,-1.87973022460938,2.39012145996094,-0.0006256103515625,31120,12158]},{"name":null,"type":0,"depth":67,"symbol":2,"clipDepth":0,"id":33,"matrix":[0.4267578125,-0.307754516601562,0.894393920898438,1.2403564453125,28844,10021]},{"name":null,"type":0,"depth":69,"symbol":2,"clipDepth":0,"id":34,"matrix":[0.31634521484375,-0.420425415039062,1.18426513671875,0.891128540039062,29215,10387]},{"name":null,"type":0,"depth":71,"symbol":2,"clipDepth":0,"id":35,"matrix":[-0.0006866455078125,-2.25924682617188,7.045166015625,-0.0020599365234375,21178,13064]},{"name":null,"type":0,"depth":73,"symbol":2,"clipDepth":0,"id":36,"matrix":[-0.911544799804688,-1.64279174804688,1.76654052734375,-0.980148315429688,22823,12306]},{"name":null,"type":0,"depth":75,"symbol":2,"clipDepth":0,"id":37,"matrix":[-0.193634033203125,-1.34011840820312,2.70864868164062,-0.391342163085938,26684,16807]},{"name":null,"type":0,"depth":77,"symbol":2,"clipDepth":0,"id":38,"matrix":[0.501663208007812,-0.897003173828125,0.469818115234375,0.262771606445312,29442,16839]},{"name":null,"type":0,"depth":79,"symbol":2,"clipDepth":0,"id":39,"matrix":[1.33366394042969,-1.69357299804688,1.34945678710938,1.06272888183594,33309,16850]},{"name":null,"type":0,"depth":81,"symbol":2,"clipDepth":0,"id":40,"matrix":[0.0451812744140625,-2.11062622070312,2.80743408203125,0.060150146484375,33859,16744]},{"name":null,"type":0,"depth":83,"symbol":2,"clipDepth":0,"id":41,"matrix":[0.753265380859375,-0.580581665039062,1.50839233398438,1.95706176757812,34572,16842]},{"name":null,"type":0,"depth":85,"symbol":2,"clipDepth":0,"id":42,"matrix":[1.85848999023438,-0.601119995117188,0.26690673828125,0.825363159179688,32794,16861]},{"name":null,"type":0,"depth":87,"symbol":2,"clipDepth":0,"id":43,"matrix":[-0.0005645751953125,-2.00070190429688,1.469482421875,-0.0003814697265625,18707,12140]},{"name":null,"type":0,"depth":89,"symbol":2,"clipDepth":0,"id":44,"matrix":[1.40415954589844,-0.869720458984375,0.416168212890625,0.67193603515625,18753,11708]},{"name":null,"type":0,"depth":91,"symbol":2,"clipDepth":0,"id":45,"matrix":[-0.198165893554688,-0.828994750976562,3.5390625,-0.845962524414062,31144,16967]},{"name":null,"type":0,"depth":93,"symbol":2,"clipDepth":0,"id":46,"matrix":[-0.0096282958984375,-3.05865478515625,1.83804321289062,-0.0057373046875,32047,16365]},{"name":null,"type":0,"depth":95,"symbol":2,"clipDepth":0,"id":47,"matrix":[-0.023193359375,3.00399780273438,-1.85052490234375,-0.01434326171875,14719,16452]},{"name":null,"type":0,"depth":97,"symbol":2,"clipDepth":0,"id":48,"matrix":[3.60226440429688,-1.08621215820312,0.377838134765625,1.25309753417969,12311,17387]},{"name":null,"type":0,"depth":99,"symbol":2,"clipDepth":0,"id":49,"matrix":[-0.0005950927734375,-1.94725036621094,5.3123779296875,-0.001556396484375,20699,16668]},{"name":null,"type":0,"depth":101,"symbol":2,"clipDepth":0,"id":50,"matrix":[3.37919616699219,-1.72518920898438,0.595123291015625,1.16569519042969,19072,16869]},{"name":null,"type":0,"depth":103,"symbol":2,"clipDepth":0,"id":51,"matrix":[3.39053344726562,1.70274353027344,-0.587387084960938,1.16960144042969,22318,16878]},{"name":null,"type":0,"depth":105,"symbol":2,"clipDepth":0,"id":52,"matrix":[0.522674560546875,-0.672103881835938,0.457565307617188,0.35589599609375,11506,17562]},{"name":null,"type":0,"depth":107,"symbol":2,"clipDepth":0,"id":53,"matrix":[-0.593917846679688,1.65141296386719,-1.970703125,-0.708770751953125,13241,17209]},{"name":null,"type":0,"depth":109,"symbol":2,"clipDepth":0,"id":54,"matrix":[-0.546966552734375,0.849594116210938,-1.74224853515625,-1.12167358398438,18845,16401]},{"name":null,"type":0,"depth":111,"symbol":2,"clipDepth":0,"id":55,"matrix":[-1.03375244140625,-0.735794067382812,1.77520751953125,-2.494140625,18168,16713]},{"name":null,"type":0,"depth":113,"symbol":2,"clipDepth":0,"id":56,"matrix":[-0.0004730224609375,-1.56854248046875,28.4960327148438,-0.0083160400390625,28969,13783]},{"name":null,"type":0,"depth":115,"symbol":2,"clipDepth":0,"id":57,"matrix":[-2.43595886230469,-1.38914489746094,0.69708251953125,-1.22232055664062,22929,13579]},{"name":null,"type":0,"depth":117,"symbol":2,"clipDepth":0,"id":58,"matrix":[-2.64544677734375,-1.50860595703125,0.69708251953125,-1.22232055664062,13287,13544]},{"name":null,"type":0,"depth":119,"symbol":2,"clipDepth":0,"id":59,"matrix":[2.72068786621094,-1.58665466308594,0.708831787109375,1.21551513671875,18796,13531]},{"name":null,"type":0,"depth":121,"symbol":2,"clipDepth":0,"id":60,"matrix":[-0.0004730224609375,-1.56854248046875,11.7547760009766,-0.0034332275390625,16028,13782]},{"name":null,"type":0,"depth":123,"symbol":2,"clipDepth":0,"id":61,"matrix":[2.9619140625,-1.72734069824219,0.708831787109375,1.21551513671875,7791,13520]},{"name":null,"type":0,"depth":125,"symbol":2,"clipDepth":0,"id":62,"matrix":[-0.574951171875,-0.851898193359375,0.446197509765625,-0.301116943359375,30029,16872]},{"name":null,"type":0,"depth":127,"symbol":2,"clipDepth":0,"id":63,"matrix":[1.37060546875,0.0750885009765625,-0.0499725341796875,0.911712646484375,29715,16810]},{"name":null,"type":0,"depth":129,"symbol":2,"clipDepth":0,"id":64,"matrix":[0.004852294921875,-0.539642333984375,1.18962097167969,0.0108642578125,36232,8481]},{"name":null,"type":0,"depth":131,"symbol":2,"clipDepth":0,"id":65,"matrix":[0.0044097900390625,-0.4915771484375,1.18962097167969,0.0108642578125,36110,8644]},{"name":null,"type":0,"depth":133,"symbol":2,"clipDepth":0,"id":66,"matrix":[0.0044403076171875,-0.494766235351562,1.18962097167969,0.0108642578125,36006,8820]},{"name":null,"type":0,"depth":135,"symbol":2,"clipDepth":0,"id":67,"matrix":[0.00408935546875,-0.45458984375,1.18962097167969,0.0108642578125,35902,8984]},{"name":null,"type":0,"depth":137,"symbol":2,"clipDepth":0,"id":68,"matrix":[0.003814697265625,-0.4246826171875,1.18962097167969,0.0108642578125,35802,9131]},{"name":null,"type":0,"depth":139,"symbol":2,"clipDepth":0,"id":69,"matrix":[0.0044097900390625,-0.491744995117188,1.18962097167969,0.0108642578125,35682,9309]},{"name":null,"type":0,"depth":141,"symbol":2,"clipDepth":0,"id":70,"matrix":[0.004119873046875,-0.45751953125,1.18962097167969,0.0108642578125,35578,9497]},{"name":null,"type":0,"depth":143,"symbol":2,"clipDepth":0,"id":71,"matrix":[0.003814697265625,-0.4246826171875,1.18962097167969,0.0108642578125,35438,9637]},{"name":null,"type":0,"depth":145,"symbol":2,"clipDepth":0,"id":72,"matrix":[0.004852294921875,-0.539642333984375,1.18962097167969,0.0108642578125,36757,7635]},{"name":null,"type":0,"depth":147,"symbol":2,"clipDepth":0,"id":73,"matrix":[0.0044097900390625,-0.4915771484375,1.18962097167969,0.0108642578125,36635,7803]},{"name":null,"type":0,"depth":149,"symbol":2,"clipDepth":0,"id":74,"matrix":[0.0044403076171875,-0.494766235351562,1.18962097167969,0.0108642578125,36546,7974]},{"name":null,"type":0,"depth":151,"symbol":2,"clipDepth":0,"id":75,"matrix":[0.00408935546875,-0.45458984375,1.18962097167969,0.0108642578125,36427,8143]},{"name":null,"type":0,"depth":153,"symbol":2,"clipDepth":0,"id":76,"matrix":[0.003814697265625,-0.4246826171875,1.18962097167969,0.0108642578125,36347,8295]},{"name":null,"type":0,"depth":155,"symbol":2,"clipDepth":0,"id":77,"matrix":[0.004852294921875,-0.539642333984375,1.18962097167969,0.0108642578125,36892,7450]},{"name":null,"type":0,"depth":157,"symbol":2,"clipDepth":0,"id":78,"matrix":[-0.00457763671875,-0.539642333984375,-1.11941528320312,0.0108642578125,2589,8481]},{"name":null,"type":0,"depth":159,"symbol":2,"clipDepth":0,"id":79,"matrix":[-0.004150390625,-0.4915771484375,-1.11941528320312,0.0108642578125,2704,8644]},{"name":null,"type":0,"depth":161,"symbol":2,"clipDepth":0,"id":80,"matrix":[-0.004180908203125,-0.494766235351562,-1.11941528320312,0.0108642578125,2802,8820]},{"name":null,"type":0,"depth":163,"symbol":2,"clipDepth":0,"id":81,"matrix":[-0.00384521484375,-0.45458984375,-1.11941528320312,0.0108642578125,2900,8984]},{"name":null,"type":0,"depth":165,"symbol":2,"clipDepth":0,"id":82,"matrix":[-0.0035858154296875,-0.4246826171875,-1.11941528320312,0.0108642578125,2994,9131]},{"name":null,"type":0,"depth":167,"symbol":2,"clipDepth":0,"id":83,"matrix":[-0.004150390625,-0.491744995117188,-1.11941528320312,0.0108642578125,3106,9309]},{"name":null,"type":0,"depth":169,"symbol":2,"clipDepth":0,"id":84,"matrix":[-0.003875732421875,-0.45751953125,-1.11941528320312,0.0108642578125,3204,9497]},{"name":null,"type":0,"depth":171,"symbol":2,"clipDepth":0,"id":85,"matrix":[-0.0035858154296875,-0.4246826171875,-1.11941528320312,0.0108642578125,3337,9637]},{"name":null,"type":0,"depth":173,"symbol":2,"clipDepth":0,"id":86,"matrix":[-0.00457763671875,-0.539642333984375,-1.11941528320312,0.0108642578125,2095,7635]},{"name":null,"type":0,"depth":175,"symbol":2,"clipDepth":0,"id":87,"matrix":[-0.004150390625,-0.4915771484375,-1.11941528320312,0.0108642578125,2210,7803]},{"name":null,"type":0,"depth":177,"symbol":2,"clipDepth":0,"id":88,"matrix":[-0.004180908203125,-0.494766235351562,-1.11941528320312,0.0108642578125,2293,7974]},{"name":null,"type":0,"depth":179,"symbol":2,"clipDepth":0,"id":89,"matrix":[-0.00384521484375,-0.45458984375,-1.11941528320312,0.0108642578125,2406,8143]},{"name":null,"type":0,"depth":181,"symbol":2,"clipDepth":0,"id":90,"matrix":[-0.0035858154296875,-0.4246826171875,-1.11941528320312,0.0108642578125,2481,8295]},{"name":null,"type":0,"depth":183,"symbol":2,"clipDepth":0,"id":91,"matrix":[-0.00457763671875,-0.539642333984375,-1.11941528320312,0.0108642578125,1968,7450]},{"name":null,"type":0,"depth":185,"symbol":2,"clipDepth":0,"id":92,"matrix":[-0.50091552734375,-0.228271484375,0.471420288085938,-1.03451538085938,17731,16852]},{"name":null,"type":0,"depth":187,"symbol":2,"clipDepth":0,"id":93,"matrix":[0.87261962890625,1.54177856445312,-0.791976928710938,0.448196411132812,27209,16867]},{"name":null,"type":0,"depth":189,"symbol":2,"clipDepth":0,"id":94,"matrix":[0.679428100585938,-1.63211059570312,0.838333129882812,0.349014282226562,26138,17016]},{"name":null,"type":0,"depth":191,"symbol":2,"clipDepth":0,"id":95,"matrix":[-0.0016021728515625,-5.63180541992188,7.22026062011719,-0.0019073486328125,38382,8516]},{"name":null,"type":0,"depth":193,"symbol":2,"clipDepth":0,"id":96,"matrix":[-0.0009918212890625,-3.46267700195312,1.9327392578125,-0.0005035400390625,36561,9028]},{"name":null,"type":0,"depth":195,"symbol":2,"clipDepth":0,"id":97,"matrix":[-0.0007476806640625,-2.61137390136719,21.322509765625,-0.0056304931640625,4299,17802]},{"name":null,"type":0,"depth":197,"symbol":2,"clipDepth":0,"id":98,"matrix":[-0.0004730224609375,-1.743896484375,65.0474243164062,-0.0172271728515625,24575,17935]},{"name":null,"type":0,"depth":199,"symbol":2,"clipDepth":0,"id":99,"matrix":[-0.0002593994140625,-0.9071044921875,8.70053100585938,-0.0023040771484375,10188,18120]},{"name":null,"type":0,"depth":201,"symbol":2,"clipDepth":0,"id":100,"matrix":[-0.0015869140625,-5.58445739746094,4.01412963867188,-0.001068115234375,1125,8587]},{"name":null,"type":0,"depth":203,"symbol":2,"clipDepth":0,"id":101,"matrix":[-0.0009307861328125,-3.27337646484375,2.54034423828125,-0.00067138671875,2160,9069]},{"name":null,"type":0,"depth":205,"symbol":2,"clipDepth":0,"id":102,"matrix":[13.8356170654297,0,0,64.5459594726562,-2503,9166]},{"name":null,"type":0,"depth":207,"symbol":2,"clipDepth":0,"id":103,"matrix":[125.452896118164,0,0,10.3442535400391,20078,-1827]},{"name":null,"type":0,"depth":209,"symbol":2,"clipDepth":0,"id":104,"matrix":[13.2609100341797,0,0,64.4895935058594,42472,9042]},{"name":null,"type":0,"depth":211,"symbol":2,"clipDepth":0,"id":105,"matrix":[124.988250732422,0,0,11.3188629150391,20125,19904]},{"name":null,"type":0,"depth":213,"symbol":2,"clipDepth":0,"id":106,"matrix":[0.63861083984375,-0.0042724609375,0.0152130126953125,2.27215576171875,4123,14701]},{"name":null,"type":0,"depth":215,"symbol":2,"clipDepth":0,"id":107,"matrix":[0.28173828125,0.259628295898438,-0.383087158203125,0.41571044921875,15824,7267]},{"name":null,"type":0,"depth":217,"symbol":2,"clipDepth":0,"id":108,"matrix":[0.234893798828125,0.216461181640625,-0.2713623046875,0.294479370117188,15764,9749]},{"name":null,"type":0,"depth":219,"symbol":2,"clipDepth":0,"id":109,"matrix":[0.22991943359375,0.211898803710938,-0.498519897460938,0.540985107421875,15871,11820]},{"name":null,"type":0,"depth":221,"symbol":2,"clipDepth":0,"id":110,"matrix":[0.193710327148438,0.17852783203125,-0.498519897460938,0.540985107421875,19893,11542]},{"name":null,"type":0,"depth":223,"symbol":2,"clipDepth":0,"id":111,"matrix":[0.20782470703125,0.191558837890625,-0.3319091796875,0.360198974609375,35183,7244]},{"name":null,"type":0,"depth":225,"symbol":2,"clipDepth":0,"id":112,"matrix":[0.222076416015625,0.204681396484375,-0.498519897460938,0.540985107421875,31534,11918]},{"name":null,"type":0,"depth":227,"symbol":2,"clipDepth":0,"id":113,"matrix":[0.17254638671875,0.159027099609375,-0.321258544921875,0.348617553710938,35604,12232]},{"name":null,"type":0,"depth":229,"symbol":2,"clipDepth":0,"id":114,"matrix":[0.207183837890625,0.190948486328125,-0.498519897460938,0.540985107421875,32348,15888]},{"name":null,"type":0,"depth":231,"symbol":2,"clipDepth":0,"id":115,"matrix":[0.230712890625,0.212631225585938,-0.498519897460938,0.540985107421875,15035,15987]},{"name":null,"type":0,"depth":233,"symbol":2,"clipDepth":0,"id":116,"matrix":[0.2308349609375,0.212753295898438,-0.498519897460938,0.540985107421875,4198,12619]},{"name":null,"type":0,"depth":235,"symbol":2,"clipDepth":0,"id":117,"matrix":[-0.178695678710938,0.1646728515625,0.297119140625,0.32244873046875,24267,7235]},{"name":null,"type":0,"depth":237,"symbol":2,"clipDepth":0,"id":118,"matrix":[-0.211639404296875,0.195053100585938,0.342575073242188,0.371749877929688,24232,9766]},{"name":null,"type":0,"depth":239,"symbol":2,"clipDepth":0,"id":119,"matrix":[-0.176025390625,0.1622314453125,0.34869384765625,0.37841796875,30552,9761]},{"name":null,"type":0,"depth":241,"symbol":2,"clipDepth":0,"id":120,"matrix":[-0.186309814453125,0.17169189453125,0.498519897460938,0.540985107421875,30709,11910]},{"name":null,"type":0,"depth":243,"symbol":2,"clipDepth":0,"id":121,"matrix":[-0.21490478515625,0.19805908203125,0.498519897460938,0.540985107421875,15355,11817]},{"name":null,"type":0,"depth":245,"symbol":2,"clipDepth":0,"id":122,"matrix":[-0.2239990234375,0.2064208984375,0.498519897460938,0.540985107421875,3483,7284]},{"name":null,"type":0,"depth":247,"symbol":2,"clipDepth":0,"id":123,"matrix":[-0.2218017578125,0.204437255859375,0.498519897460938,0.540985107421875,6004,12625]},{"name":null,"type":0,"depth":249,"symbol":2,"clipDepth":0,"id":124,"matrix":[-0.19586181640625,0.180526733398438,0.384323120117188,0.41705322265625,5344,13995]},{"name":null,"type":0,"depth":251,"symbol":2,"clipDepth":0,"id":125,"matrix":[-0.2095947265625,0.19317626953125,0.498519897460938,0.540985107421875,14415,15985]},{"name":null,"type":0,"depth":253,"symbol":2,"clipDepth":0,"id":126,"matrix":[-0.215499877929688,0.1986083984375,0.498519897460938,0.540985107421875,31739,15887]},{"name":null,"type":0,"depth":255,"symbol":2,"clipDepth":0,"id":127,"matrix":[-0.21490478515625,0.19805908203125,0.352386474609375,0.382415771484375,13467,9752]},{"name":null,"type":0,"depth":257,"symbol":2,"clipDepth":0,"id":128,"matrix":[0.222076416015625,0.204681396484375,-0.498519897460938,0.540985107421875,28643,9809]},{"name":null,"type":0,"depth":259,"symbol":2,"clipDepth":0,"id":129,"matrix":[-0.004150390625,-0.4915771484375,-1.11941528320312,0.0108642578125,35037,14290]},{"name":null,"type":0,"depth":261,"symbol":2,"clipDepth":0,"id":130,"matrix":[-0.004180908203125,-0.494766235351562,-1.11941528320312,0.0108642578125,35135,14466]},{"name":null,"type":0,"depth":263,"symbol":2,"clipDepth":0,"id":131,"matrix":[-0.00384521484375,-0.45458984375,-1.11941528320312,0.0108642578125,35233,14630]},{"name":null,"type":0,"depth":265,"symbol":2,"clipDepth":0,"id":132,"matrix":[-0.0035858154296875,-0.4246826171875,-1.11941528320312,0.0108642578125,35327,14777]},{"name":null,"type":0,"depth":267,"symbol":2,"clipDepth":0,"id":133,"matrix":[-0.004150390625,-0.491744995117188,-1.11941528320312,0.0108642578125,35439,14955]},{"name":null,"type":0,"depth":269,"symbol":2,"clipDepth":0,"id":134,"matrix":[-0.003875732421875,-0.45751953125,-1.11941528320312,0.0108642578125,35537,15143]},{"name":null,"type":0,"depth":271,"symbol":2,"clipDepth":0,"id":135,"matrix":[-0.0035858154296875,-0.4246826171875,-1.11941528320312,0.0108642578125,35670,15283]},{"name":null,"type":0,"depth":273,"symbol":2,"clipDepth":0,"id":136,"matrix":[-0.0035858154296875,-0.4246826171875,-1.11941528320312,0.0108642578125,34952,14121]},{"name":null,"type":0,"depth":275,"symbol":2,"clipDepth":0,"id":137,"matrix":[0.193710327148438,0.17852783203125,-0.498519897460938,0.540985107421875,22931,11916]},{"name":null,"type":0,"depth":277,"symbol":2,"clipDepth":0,"id":138,"matrix":[-0.211639404296875,0.195053100585938,0.072357177734375,0.0816802978515625,22962,11828]},{"name":null,"type":0,"depth":279,"symbol":2,"clipDepth":0,"id":139,"matrix":[0.130767822265625,-1.9696044921875,0.537109375,0.0356597900390625,30661,12239]},{"name":null,"type":0,"depth":281,"symbol":2,"clipDepth":0,"id":140,"matrix":[0.111923217773438,-2.26339721679688,0.53759765625,0.0265960693359375,31694,16283]},{"name":null,"type":0,"depth":283,"symbol":2,"clipDepth":0,"id":141,"matrix":[0.18560791015625,-2.78878784179688,0.537094116210938,0.0357513427734375,14354,16485]},{"name":null,"type":0,"depth":285,"symbol":2,"clipDepth":0,"id":142,"matrix":[0.154754638671875,-3.4012451171875,0.5377197265625,0.02447509765625,5948,13241]},{"name":null,"type":0,"depth":287,"symbol":2,"clipDepth":0,"id":143,"matrix":[0.182601928710938,-2.25880432128906,0.536529541015625,0.0433807373046875,15293,12212]},{"name":null,"type":0,"depth":289,"symbol":2,"clipDepth":0,"id":144,"matrix":[0.181137084960938,-2.2589111328125,0.53656005859375,0.04302978515625,18472,12216]},{"name":null,"type":0,"depth":291,"symbol":2,"clipDepth":0,"id":145,"matrix":[-0.170944213867188,-2.25970458984375,-0.5367431640625,0.040618896484375,31590,12306]},{"name":null,"type":0,"depth":293,"symbol":2,"clipDepth":0,"id":146,"matrix":[-0.121200561523438,-2.43408203125,-0.537628173828125,0.0267791748046875,32394,16312]},{"name":null,"type":0,"depth":295,"symbol":2,"clipDepth":0,"id":147,"matrix":[-0.17816162109375,-2.86422729492188,-0.5372314453125,0.0334320068359375,15097,16499]},{"name":null,"type":0,"depth":297,"symbol":2,"clipDepth":0,"id":148,"matrix":[-0.092254638671875,-6.36753845214844,-0.5382080078125,0.0077972412109375,4248,13827]},{"name":null,"type":0,"depth":299,"symbol":2,"clipDepth":0,"id":149,"matrix":[-0.19061279296875,-2.8634033203125,-0.537094116210938,0.0357666015625,15935,12331]},{"name":null,"type":0,"depth":301,"symbol":2,"clipDepth":0,"id":150,"matrix":[-0.241500854492188,-3.02854919433594,-0.536590576171875,0.0428009033203125,19954,12076]},{"name":null,"type":0,"depth":303,"symbol":2,"clipDepth":0,"id":151,"matrix":[-0.000518798828125,-1.87973022460938,1.0609130859375,-0.000274658203125,22514,12549]}]}]},{"type":5,"id":30,"frames":[{"objects":[{"name":null,"type":0,"depth":1,"symbol":29,"clipDepth":0,"id":0,"matrix":[1,0,0,1,0,0]}]}]},{"type":5,"id":2,"frames":[{"objects":[{"name":null,"type":0,"depth":1,"symbol":1,"clipDepth":0,"id":0,"matrix":[1,0,0,1,0,0]}]}]},{"type":4,"id":29,"commands":[3,5,1,16711680,0.250980392156863,8,692,-493,4,980,-206,980,200,4,980,606,692,892,4,405,1180,0,1180,4,-406,1180,-694,892,4,-980,606,-980,200,4,-980,-206,-694,-493,4,-406,-780,0,-780,4,405,-780,692,-493,5]},{"type":4,"id":1,"commands":[3,5,1,10092288,0.498039215686275,8,200,-200,7,200,200,7,-200,200,7,-200,-200,7,200,-200,5]},{"type":5,"id":28,"frames":[{"objects":[{"name":null,"type":0,"depth":1,"symbol":27,"clipDepth":0,"id":0,"matrix":[1,0,0,1,0,0]}]}]}],"frameRate":12}