{"root":0,"uuid":"iV5P0uXuPuT17C20p5Mb","version":0.1,"symbols":[{"type":5,"frames":[{}]},{"type":5,"id":27,"frames":[{"objects":[{"name":null,"type":0,"depth":1,"symbol":26,"clipDepth":0,"id":0,"matrix":[1,0,0,1,0,0]}]}]},{"type":4,"id":26,"commands":[3,5,1,255,0.250980392156863,8,692,-493,4,980,-206,980,200,4,980,606,692,892,4,405,1180,0,1180,4,-406,1180,-694,892,4,-980,606,-980,200,4,-980,-206,-694,-493,4,-406,-780,0,-780,4,405,-780,692,-493,5]},{"type":5,"id":25,"frames":[{"objects":[{"name":null,"type":0,"depth":1,"symbol":24,"clipDepth":0,"id":0,"matrix":[1,0,0,1,0,0]}]}]},{"type":4,"id":24,"commands":[3,5,1,13311,0,8,1860,640,7,0,640,7,0,0,7,1860,0,7,1860,640,5]},{"type":5,"id":23,"frames":[{"objects":[{"name":null,"type":0,"depth":1,"symbol":15,"clipDepth":0,"id":0,"matrix":[1,0,0,1,27430,8310]},{"name":null,"type":0,"depth":3,"symbol":15,"clipDepth":0,"id":1,"matrix":[1,0,0,1,6810,5250]},{"name":null,"type":0,"depth":5,"symbol":15,"clipDepth":0,"id":2,"matrix":[1,0,0,1,20410,8310]},{"name":null,"type":0,"depth":7,"symbol":15,"clipDepth":0,"id":3,"matrix":[1,0,0,1,31370,12470]},{"name":null,"type":0,"depth":9,"symbol":15,"clipDepth":0,"id":4,"matrix":[1,0,0,1,10970,10790]},{"name":null,"type":0,"depth":11,"symbol":15,"clipDepth":0,"id":5,"matrix":[1,0,0,1,33710,8310]},{"name":null,"type":0,"depth":13,"symbol":15,"clipDepth":0,"id":6,"matrix":[1,0,0,1,22290,12470]},{"name":null,"type":0,"depth":15,"symbol":15,"clipDepth":0,"id":7,"matrix":[1,0,0,1,49590,5250]},{"name":null,"type":0,"depth":17,"symbol":15,"clipDepth":0,"id":8,"matrix":[1,0,0,1,45570,10790]},{"name":null,"type":0,"depth":19,"symbol":15,"clipDepth":0,"id":9,"matrix":[1,0,0,1,15150,8750]}]}]},{"type":5,"id":22,"frames":[{"objects":[{"name":null,"type":0,"depth":1,"symbol":15,"clipDepth":0,"id":0,"matrix":[1,0,0,1,53850,9210]},{"name":null,"type":0,"depth":3,"symbol":15,"clipDepth":0,"id":1,"matrix":[1,0,0,1,25790,14810]},{"name":null,"type":0,"depth":5,"symbol":15,"clipDepth":0,"id":2,"matrix":[1,0,0,1,28390,14810]},{"name":null,"type":0,"depth":7,"symbol":15,"clipDepth":0,"id":3,"matrix":[1,0,0,1,42250,16010]},{"name":null,"type":0,"depth":9,"symbol":15,"clipDepth":0,"id":4,"matrix":[1,0,0,1,52170,11010]},{"name":null,"type":0,"depth":11,"symbol":15,"clipDepth":0,"id":5,"matrix":[1,0,0,1,52170,13910]},{"name":null,"type":0,"depth":13,"symbol":15,"clipDepth":0,"id":6,"matrix":[1,0,0,1,3770,11230]},{"name":null,"type":0,"depth":15,"symbol":15,"clipDepth":0,"id":7,"matrix":[1,0,0,1,14050,16010]},{"name":null,"type":0,"depth":17,"symbol":15,"clipDepth":0,"id":8,"matrix":[1,0,0,1,3770,13910]},{"name":null,"type":0,"depth":19,"symbol":15,"clipDepth":0,"id":9,"matrix":[1,0,0,1,2130,8090]}]}]},{"type":5,"id":21,"frames":[{"objects":[{"name":null,"type":0,"depth":1,"symbol":15,"clipDepth":0,"id":0,"matrix":[1,0,0,1,16020,9000]},{"name":null,"type":0,"depth":3,"symbol":15,"clipDepth":0,"id":1,"matrix":[1,0,0,1,21740,13040]},{"name":null,"type":0,"depth":5,"symbol":15,"clipDepth":0,"id":2,"matrix":[1,0,0,1,17480,13040]},{"name":null,"type":0,"depth":7,"symbol":15,"clipDepth":0,"id":3,"matrix":[1,0,0,1,24420,11900]},{"name":null,"type":0,"depth":9,"symbol":15,"clipDepth":0,"id":4,"matrix":[1,0,0,1,41880,11380]},{"name":null,"type":0,"depth":11,"symbol":15,"clipDepth":0,"id":5,"matrix":[1,0,0,1,32400,13040]},{"name":null,"type":0,"depth":13,"symbol":15,"clipDepth":0,"id":6,"matrix":[1,0,0,1,27040,11900]},{"name":null,"type":0,"depth":15,"symbol":15,"clipDepth":0,"id":7,"matrix":[1,0,0,1,36620,13040]},{"name":null,"type":0,"depth":17,"symbol":15,"clipDepth":0,"id":8,"matrix":[1,0,0,1,44180,11380]},{"name":null,"type":0,"depth":19,"symbol":15,"clipDepth":0,"id":9,"matrix":[1,0,0,1,46040,11380]},{"name":null,"type":0,"depth":21,"symbol":15,"clipDepth":0,"id":10,"matrix":[1,0,0,1,39500,8360]},{"name":null,"type":0,"depth":23,"symbol":15,"clipDepth":0,"id":11,"matrix":[1,0,0,1,42600,8480]},{"name":null,"type":0,"depth":25,"symbol":15,"clipDepth":0,"id":12,"matrix":[1,0,0,1,29320,8480]},{"name":null,"type":0,"depth":27,"symbol":15,"clipDepth":0,"id":13,"matrix":[1,0,0,1,25600,8480]},{"name":null,"type":0,"depth":29,"symbol":15,"clipDepth":0,"id":14,"matrix":[1,0,0,1,49080,5540]},{"name":null,"type":0,"depth":31,"symbol":15,"clipDepth":0,"id":15,"matrix":[1,0,0,1,30080,11900]},{"name":null,"type":0,"depth":33,"symbol":15,"clipDepth":0,"id":16,"matrix":[1,0,0,1,48420,13540]},{"name":null,"type":0,"depth":35,"symbol":15,"clipDepth":0,"id":17,"matrix":[1,0,0,1,20380,8360]},{"name":null,"type":0,"depth":37,"symbol":15,"clipDepth":0,"id":18,"matrix":[1,0,0,1,34040,8480]},{"name":null,"type":0,"depth":39,"symbol":15,"clipDepth":0,"id":19,"matrix":[1,0,0,1,40140,13920]}]}]},{"type":5,"id":20,"frames":[{"objects":[{"name":null,"type":0,"depth":1,"symbol":15,"clipDepth":0,"id":0,"matrix":[1,0,0,1,6930,5570]},{"name":null,"type":0,"depth":3,"symbol":15,"clipDepth":0,"id":1,"matrix":[1,0,0,1,6930,5570]},{"name":null,"type":0,"depth":5,"symbol":15,"clipDepth":0,"id":2,"matrix":[1,0,0,1,6930,5570]},{"name":null,"type":0,"depth":7,"symbol":15,"clipDepth":0,"id":3,"matrix":[1,0,0,1,6930,5570]},{"name":null,"type":0,"depth":9,"symbol":15,"clipDepth":0,"id":4,"matrix":[1,0,0,1,6930,5570]},{"name":null,"type":0,"depth":11,"symbol":15,"clipDepth":0,"id":5,"matrix":[1,0,0,1,6930,5570]},{"name":null,"type":0,"depth":13,"symbol":15,"clipDepth":0,"id":6,"matrix":[1,0,0,1,6930,5570]},{"name":null,"type":0,"depth":15,"symbol":15,"clipDepth":0,"id":7,"matrix":[1,0,0,1,6930,5570]},{"name":null,"type":0,"depth":17,"symbol":15,"clipDepth":0,"id":8,"matrix":[1,0,0,1,6930,5570]},{"name":null,"type":0,"depth":19,"symbol":15,"clipDepth":0,"id":9,"matrix":[1,0,0,1,6930,5570]},{"name":null,"type":0,"depth":21,"symbol":15,"clipDepth":0,"id":10,"matrix":[1,0,0,1,6930,5570]},{"name":null,"type":0,"depth":23,"symbol":15,"clipDepth":0,"id":11,"matrix":[1,0,0,1,6930,5570]},{"name":null,"type":0,"depth":25,"symbol":15,"clipDepth":0,"id":12,"matrix":[1,0,0,1,6930,5570]},{"name":null,"type":0,"depth":27,"symbol":15,"clipDepth":0,"id":13,"matrix":[1,0,0,1,6930,5570]},{"name":null,"type":0,"depth":29,"symbol":15,"clipDepth":0,"id":14,"matrix":[1,0,0,1,6930,5570]},{"name":null,"type":0,"depth":31,"symbol":15,"clipDepth":0,"id":15,"matrix":[1,0,0,1,6930,5570]},{"name":null,"type":0,"depth":33,"symbol":15,"clipDepth":0,"id":16,"matrix":[1,0,0,1,6930,5570]},{"name":null,"type":0,"depth":35,"symbol":15,"clipDepth":0,"id":17,"matrix":[1,0,0,1,6930,5570]},{"name":null,"type":0,"depth":37,"symbol":15,"clipDepth":0,"id":18,"matrix":[1,0,0,1,6930,5570]},{"name":null,"type":0,"depth":39,"symbol":15,"clipDepth":0,"id":19,"matrix":[1,0,0,1,6930,5570]}]}]},{"type":5,"id":19,"frames":[{"objects":[{"name":null,"type":0,"depth":1,"symbol":15,"clipDepth":0,"id":0,"matrix":[1,0,0,1,13910,8950]},{"name":null,"type":0,"depth":3,"symbol":15,"clipDepth":0,"id":1,"matrix":[1,0,0,1,10830,10890]},{"name":null,"type":0,"depth":5,"symbol":15,"clipDepth":0,"id":2,"matrix":[1,0,0,1,8370,8210]},{"name":null,"type":0,"depth":7,"symbol":15,"clipDepth":0,"id":3,"matrix":[1,0,0,1,20190,8210]},{"name":null,"type":0,"depth":9,"symbol":15,"clipDepth":0,"id":4,"matrix":[1,0,0,1,45310,10890]},{"name":null,"type":0,"depth":11,"symbol":15,"clipDepth":0,"id":5,"matrix":[1,0,0,1,16810,13070]},{"name":null,"type":0,"depth":13,"symbol":15,"clipDepth":0,"id":6,"matrix":[1,0,0,1,48250,13070]},{"name":null,"type":0,"depth":15,"symbol":15,"clipDepth":0,"id":7,"matrix":[1,0,0,1,29590,12050]},{"name":null,"type":0,"depth":17,"symbol":15,"clipDepth":0,"id":8,"matrix":[1,0,0,1,41030,11170]},{"name":null,"type":0,"depth":19,"symbol":15,"clipDepth":0,"id":9,"matrix":[1,0,0,1,38890,8950]},{"name":null,"type":0,"depth":21,"symbol":15,"clipDepth":0,"id":10,"matrix":[1,0,0,1,25230,8210]},{"name":null,"type":0,"depth":23,"symbol":15,"clipDepth":0,"id":11,"matrix":[1,0,0,1,42970,8950]},{"name":null,"type":0,"depth":25,"symbol":15,"clipDepth":0,"id":12,"matrix":[1,0,0,1,27410,8210]},{"name":null,"type":0,"depth":27,"symbol":15,"clipDepth":0,"id":13,"matrix":[1,0,0,1,47450,8210]},{"name":null,"type":0,"depth":29,"symbol":15,"clipDepth":0,"id":14,"matrix":[1,0,0,1,15850,8950]},{"name":null,"type":0,"depth":31,"symbol":15,"clipDepth":0,"id":15,"matrix":[1,0,0,1,36770,13070]},{"name":null,"type":0,"depth":33,"symbol":15,"clipDepth":0,"id":16,"matrix":[1,0,0,1,23610,12050]},{"name":null,"type":0,"depth":35,"symbol":15,"clipDepth":0,"id":17,"matrix":[1,0,0,1,29330,8210]},{"name":null,"type":0,"depth":37,"symbol":15,"clipDepth":0,"id":18,"matrix":[1,0,0,1,33490,8210]},{"name":null,"type":0,"depth":39,"symbol":15,"clipDepth":0,"id":19,"matrix":[1,0,0,1,7270,13070]}]}]},{"type":5,"id":18,"frames":[{"objects":[{"type":0,"depth":0,"symbol":17,"clipDepth":0,"id":0,"visible":true,"matrix":[1,0,0,1,0,0]}]}]},{"path":"symbols/17.jpg","type":0,"id":17,"alpha":"symbols/17a.png"},{"type":5,"id":16,"frames":[{"objects":[{"name":null,"type":0,"depth":1,"symbol":15,"clipDepth":0,"id":0,"matrix":[1,0,0,1,27100,8220]},{"name":null,"type":0,"depth":3,"symbol":15,"clipDepth":0,"id":1,"matrix":[1,0,0,1,39120,13300]},{"name":null,"type":0,"depth":5,"symbol":15,"clipDepth":0,"id":2,"matrix":[1,0,0,1,49260,8680]},{"name":null,"type":0,"depth":7,"symbol":15,"clipDepth":0,"id":3,"matrix":[1,0,0,1,32320,13300]},{"name":null,"type":0,"depth":9,"symbol":15,"clipDepth":0,"id":4,"matrix":[1,0,0,1,36840,13300]},{"name":null,"type":0,"depth":11,"symbol":15,"clipDepth":0,"id":5,"matrix":[1,0,0,1,47980,13000]},{"name":null,"type":0,"depth":13,"symbol":15,"clipDepth":0,"id":6,"matrix":[1,0,0,1,47240,8680]},{"name":null,"type":0,"depth":15,"symbol":15,"clipDepth":0,"id":7,"matrix":[1,0,0,1,21480,13300]},{"name":null,"type":0,"depth":17,"symbol":15,"clipDepth":0,"id":8,"matrix":[1,0,0,1,20100,8220]},{"name":null,"type":0,"depth":19,"symbol":15,"clipDepth":0,"id":9,"matrix":[1,0,0,1,33680,7900]}]}]},{"type":5,"id":15,"frames":[{}]},{"type":5,"id":14,"frames":[{"objects":[{"type":0,"depth":0,"symbol":13,"clipDepth":0,"id":0,"visible":true,"matrix":[1,0,0,1,0,0]}]}]},{"path":"symbols/13.jpg","type":0,"id":13},{"type":5,"className":"com.darkness.tdp4.maps.view.MapPolygonContainer","baseClassName":null,"id":12,"frames":[{"objects":[{"name":null,"type":0,"depth":1,"symbol":2,"clipDepth":0,"id":0,"matrix":[14.0053863525391,0,0,60.2555541992188,-685,8264]},{"name":null,"type":0,"depth":3,"symbol":2,"clipDepth":0,"id":1,"matrix":[140.334732055664,-0.0007171630859375,0.0495758056640625,17.7151031494141,28342,17818]},{"name":null,"type":0,"depth":5,"symbol":2,"clipDepth":0,"id":2,"matrix":[12.1062164306641,-2.901611328125,1.4210205078125,5.92886352539062,24647,14939]},{"name":null,"type":0,"depth":7,"symbol":2,"clipDepth":0,"id":3,"matrix":[137.623733520508,0,0,18.3065795898438,28419,-2914]},{"name":null,"type":0,"depth":9,"symbol":2,"clipDepth":0,"id":4,"matrix":[5.5533447265625,0,0,60.2555541992188,55678,12132]},{"name":null,"type":0,"depth":11,"symbol":2,"clipDepth":0,"id":5,"matrix":[1.74710083007812,3.0517578125e-05,-0.0009307861328125,6.71084594726562,27118,14515]},{"name":null,"type":0,"depth":13,"symbol":2,"clipDepth":0,"id":6,"matrix":[12.5044097900391,3.052978515625,-1.59249877929688,6.51914978027344,29598,15075]},{"name":null,"type":0,"depth":15,"symbol":2,"clipDepth":0,"id":7,"matrix":[16.4140014648438,-1.36228942871094,0.094940185546875,1.1455078125,43760,12536]},{"name":null,"type":0,"depth":17,"symbol":2,"clipDepth":0,"id":8,"matrix":[3.47235107421875,6.103515625e-05,-0.0009307861328125,6.71084594726562,49886,14248]},{"name":null,"type":0,"depth":19,"symbol":2,"clipDepth":0,"id":9,"matrix":[10.9899597167969,0.0001983642578125,-0.0020751953125,15.0331420898438,52564,12599]},{"name":null,"type":0,"depth":21,"symbol":2,"clipDepth":0,"id":10,"matrix":[9.3031005859375,0.0001678466796875,-0.00018310546875,1.3184814453125,48540,9862]},{"name":null,"type":0,"depth":23,"symbol":2,"clipDepth":0,"id":11,"matrix":[10.9302368164062,-8.44895935058594,4.16380310058594,5.38787841796875,53197,8984]},{"name":null,"type":0,"depth":25,"symbol":2,"clipDepth":0,"id":12,"matrix":[7.79008483886719,0.0001373291015625,-0.0001068115234375,0.807174682617188,49579,6879]},{"name":null,"type":0,"depth":27,"symbol":2,"clipDepth":0,"id":13,"matrix":[1.52011108398438,1.52587890625e-05,-0.00030517578125,2.16534423828125,48336,6567]},{"name":null,"type":0,"depth":29,"symbol":2,"clipDepth":0,"id":14,"matrix":[15.4485321044922,0.191009521484375,-0.0069122314453125,0.554183959960938,41543,10169]},{"name":null,"type":0,"depth":31,"symbol":2,"clipDepth":0,"id":15,"matrix":[4.88592529296875,7.62939453125e-05,-0.0010986328125,7.94070434570312,19742,11071]},{"name":null,"type":0,"depth":33,"symbol":2,"clipDepth":0,"id":16,"matrix":[42.6098022460938,0.000762939453125,-9.1552734375e-05,0.653274536132812,27015,9549]},{"name":null,"type":0,"depth":35,"symbol":2,"clipDepth":0,"id":17,"matrix":[5.1961669921875,9.1552734375e-05,-0.0010833740234375,7.75810241699219,34148,11128]},{"name":null,"type":0,"depth":37,"symbol":2,"clipDepth":0,"id":18,"matrix":[2.4176025390625,4.57763671875e-05,-0.000335693359375,2.40435791015625,31116,9138]},{"name":null,"type":0,"depth":39,"symbol":2,"clipDepth":0,"id":19,"matrix":[16.2450866699219,1.41734313964844,-0.1304931640625,1.49346923828125,11592,12539]},{"name":null,"type":0,"depth":41,"symbol":2,"clipDepth":0,"id":20,"matrix":[11.3794555664062,8.25389099121094,-1.0328369140625,1.423583984375,4092,8282]},{"name":null,"type":0,"depth":43,"symbol":2,"clipDepth":0,"id":21,"matrix":[8.45962524414062,0.0001373291015625,-0.0016632080078125,11.9709167480469,3646,12020]},{"name":null,"type":0,"depth":45,"symbol":2,"clipDepth":0,"id":22,"matrix":[5.4093017578125,9.1552734375e-05,-0.0010986328125,7.94070434570312,5220,14576]},{"name":null,"type":0,"depth":47,"symbol":2,"clipDepth":0,"id":23,"matrix":[5.4093017578125,9.1552734375e-05,-0.000640869140625,4.64042663574219,5000,10289]},{"name":null,"type":0,"depth":49,"symbol":2,"clipDepth":0,"id":24,"matrix":[10.8115234375,0.00018310546875,-0.0001983642578125,1.4365234375,8138,9933]},{"name":null,"type":0,"depth":51,"symbol":2,"clipDepth":0,"id":25,"matrix":[8.1683349609375,0.0001373291015625,-0.0001983642578125,1.4365234375,14786,10351]},{"name":null,"type":0,"depth":53,"symbol":2,"clipDepth":0,"id":26,"matrix":[8.25633239746094,0.0001373291015625,-0.0001068115234375,0.751251220703125,7148,6929]},{"name":null,"type":0,"depth":55,"symbol":2,"clipDepth":0,"id":27,"matrix":[1.69461059570312,3.0517578125e-05,-0.0002288818359375,1.66748046875,8460,6466]},{"name":null,"type":0,"depth":57,"symbol":2,"clipDepth":0,"id":28,"matrix":[2.31106567382812,-0.0797119140625,0.2119140625,6.16677856445312,54880,5235]},{"name":null,"type":0,"depth":59,"symbol":2,"clipDepth":0,"id":29,"matrix":[0.31378173828125,1.17108154296875,-1.21617126464844,0.325698852539062,54681,4167]},{"name":null,"type":0,"depth":61,"symbol":2,"clipDepth":0,"id":30,"matrix":[2.4945068359375,4.57763671875e-05,-0.0009918212890625,7.14183044433594,2621,8692]},{"name":null,"type":0,"depth":63,"symbol":2,"clipDepth":0,"id":31,"matrix":[2.500732421875,4.57763671875e-05,-0.000732421875,5.23497009277344,3620,9048]},{"name":null,"type":0,"depth":65,"symbol":2,"clipDepth":0,"id":32,"matrix":[2.90185546875,4.57763671875e-05,-0.0003662109375,2.62411499023438,4700,9255]},{"name":null,"type":0,"depth":67,"symbol":2,"clipDepth":0,"id":33,"matrix":[1.9150390625,3.0517578125e-05,-0.0005340576171875,3.81077575683594,21076,10422]},{"name":null,"type":0,"depth":69,"symbol":2,"clipDepth":0,"id":34,"matrix":[-0.883316040039062,-1.69912719726562,1.873779296875,-0.97381591796875,20902,11045]},{"name":null,"type":0,"depth":71,"symbol":2,"clipDepth":0,"id":35,"matrix":[5.1961669921875,9.1552734375e-05,-0.00042724609375,3.02897644042969,33332,10789]},{"name":null,"type":0,"depth":73,"symbol":2,"clipDepth":0,"id":36,"matrix":[0.657730102539062,-1.58355712890625,2.797119140625,1.16217041015625,32989,11315]},{"name":null,"type":0,"depth":75,"symbol":2,"clipDepth":0,"id":37,"matrix":[7.35801696777344,0.0001220703125,-0.0001678466796875,1.20547485351562,32311,9940]},{"name":null,"type":0,"depth":77,"symbol":2,"clipDepth":0,"id":38,"matrix":[0.225265502929688,-0.5423583984375,0.268096923828125,0.11138916015625,51103,6824]},{"name":null,"type":0,"depth":79,"symbol":2,"clipDepth":0,"id":39,"matrix":[0.225265502929688,-0.5423583984375,0.268096923828125,0.11138916015625,48620,6240]},{"name":null,"type":0,"depth":81,"symbol":2,"clipDepth":0,"id":40,"matrix":[0.225265502929688,-0.5423583984375,0.268096923828125,0.11138916015625,47000,12140]},{"name":null,"type":0,"depth":83,"symbol":2,"clipDepth":0,"id":41,"matrix":[0.225265502929688,-0.5423583984375,0.268096923828125,0.11138916015625,44600,10200]},{"name":null,"type":0,"depth":85,"symbol":2,"clipDepth":0,"id":42,"matrix":[0.225265502929688,-0.5423583984375,0.268096923828125,0.11138916015625,35520,9520]},{"name":null,"type":0,"depth":87,"symbol":2,"clipDepth":0,"id":43,"matrix":[0.225265502929688,-0.5423583984375,0.268096923828125,0.11138916015625,31580,8760]},{"name":null,"type":0,"depth":89,"symbol":2,"clipDepth":0,"id":44,"matrix":[0.225265502929688,-0.5423583984375,0.268096923828125,0.11138916015625,22940,8640]},{"name":null,"type":0,"depth":91,"symbol":2,"clipDepth":0,"id":45,"matrix":[0.225265502929688,-0.5423583984375,0.268096923828125,0.11138916015625,16380,10160]},{"name":null,"type":0,"depth":93,"symbol":2,"clipDepth":0,"id":46,"matrix":[0.225265502929688,-0.5423583984375,0.268096923828125,0.11138916015625,10280,9740]},{"name":null,"type":0,"depth":95,"symbol":2,"clipDepth":0,"id":47,"matrix":[0.225265502929688,-0.5423583984375,0.268096923828125,0.11138916015625,8760,6220]},{"name":null,"type":0,"depth":97,"symbol":2,"clipDepth":0,"id":48,"matrix":[0.225265502929688,-0.5423583984375,0.268096923828125,0.11138916015625,14840,12620]},{"name":null,"type":0,"depth":99,"symbol":2,"clipDepth":0,"id":49,"matrix":[-0.225265502929688,-0.5423583984375,-0.268096923828125,0.11138916015625,46720,9700]},{"name":null,"type":0,"depth":101,"symbol":2,"clipDepth":0,"id":50,"matrix":[-0.225265502929688,-0.5423583984375,-0.268096923828125,0.11138916015625,49240,13000]},{"name":null,"type":0,"depth":103,"symbol":2,"clipDepth":0,"id":51,"matrix":[-0.225265502929688,-0.5423583984375,-0.268096923828125,0.11138916015625,40500,12680]},{"name":null,"type":0,"depth":105,"symbol":2,"clipDepth":0,"id":52,"matrix":[-0.225265502929688,-0.5423583984375,-0.268096923828125,0.11138916015625,38483,10114]},{"name":null,"type":0,"depth":107,"symbol":2,"clipDepth":0,"id":53,"matrix":[-0.225265502929688,-0.5423583984375,-0.268096923828125,0.11138916015625,30680,8740]},{"name":null,"type":0,"depth":109,"symbol":2,"clipDepth":0,"id":54,"matrix":[-0.225265502929688,-0.5423583984375,-0.268096923828125,0.11138916015625,21760,8660]},{"name":null,"type":0,"depth":111,"symbol":2,"clipDepth":0,"id":55,"matrix":[-0.225265502929688,-0.5423583984375,-0.268096923828125,0.11138916015625,18520,9520]},{"name":null,"type":0,"depth":113,"symbol":2,"clipDepth":0,"id":56,"matrix":[-0.225265502929688,-0.5423583984375,-0.268096923828125,0.11138916015625,13180,10160]},{"name":null,"type":0,"depth":115,"symbol":2,"clipDepth":0,"id":57,"matrix":[-0.225265502929688,-0.5423583984375,-0.268096923828125,0.11138916015625,8400,12060]},{"name":null,"type":0,"depth":117,"symbol":2,"clipDepth":0,"id":58,"matrix":[-0.225265502929688,-0.5423583984375,-0.268096923828125,0.11138916015625,8160,6220]},{"name":null,"type":0,"depth":119,"symbol":2,"clipDepth":0,"id":59,"matrix":[-0.225265502929688,-0.5423583984375,-0.268096923828125,0.11138916015625,5540,6880]},{"name":null,"type":0,"depth":121,"symbol":2,"clipDepth":0,"id":60,"matrix":[-0.225265502929688,-0.5423583984375,-0.268096923828125,0.11138916015625,48060,6220]},{"name":null,"type":0,"depth":123,"symbol":2,"clipDepth":0,"id":61,"matrix":[0.225265502929688,-0.5423583984375,0.268096923828125,0.11138916015625,6260,13080]},{"name":null,"type":0,"depth":125,"symbol":2,"clipDepth":0,"id":62,"matrix":[0.1484375,-1.38819885253906,0.28863525390625,0.030914306640625,8339,12260]},{"name":null,"type":0,"depth":127,"symbol":2,"clipDepth":0,"id":63,"matrix":[-0.26177978515625,-3.59147644042969,0.530975341796875,-0.0386810302734375,6285,13720]},{"name":null,"type":0,"depth":129,"symbol":2,"clipDepth":0,"id":64,"matrix":[0.206298828125,-3.41009521484375,-0.531417846679688,-0.032135009765625,49222,13607]},{"name":null,"type":0,"depth":131,"symbol":2,"clipDepth":0,"id":65,"matrix":[3.24034118652344,6.103515625e-05,-0.000335693359375,2.40435791015625,22352,9039]},{"name":null,"type":0,"depth":133,"symbol":2,"clipDepth":0,"id":66,"matrix":[0.11846923828125,-1.9588623046875,-0.531417846679688,-0.032135009765625,30692,9047]},{"name":null,"type":0,"depth":135,"symbol":2,"clipDepth":0,"id":67,"matrix":[0.0937347412109375,-2.13739013671875,-0.5318603515625,-0.0233154296875,21756,9013]},{"name":null,"type":0,"depth":137,"symbol":2,"clipDepth":0,"id":68,"matrix":[-0.019683837890625,-2.13934326171875,0.5323486328125,-0.0048828125,22931,9006]},{"name":null,"type":0,"depth":139,"symbol":2,"clipDepth":0,"id":69,"matrix":[-0.129150390625,-2.13555908203125,0.531417846679688,-0.032135009765625,31580,9100]}]}]},{"type":5,"className":"com.darkness.tdp4.maps.view.MapGFXBack","baseClassName":null,"id":11,"frames":[{"objects":[{"name":null,"type":0,"depth":1,"symbol":10,"clipDepth":0,"id":0,"matrix":[1,0,0,1,0,0]}]}]},{"type":4,"id":10,"commands":[3,5,1,10092288,0.498039215686275,8,56789,81,7,56789,24183,7,54567,24183,7,54567,21361,7,285,21361,7,282,20315,7,-3486,20315,7,-3486,-3787,7,894,-3787,7,894,-6575,7,55944,-6575,7,55944,81,7,56789,81,8,10300,9646,7,10300,10220,7,6082,10220,7,6082,10974,7,5346,10974,7,5346,11217,7,5338,11217,7,5338,12988,7,6302,12988,7,6302,14275,7,22184,14275,7,26769,13177,7,26769,13173,7,27412,13173,7,27415,13160,7,31979,14275,7,49192,14275,7,49192,12906,7,50366,12906,7,50366,10126,7,46679,10126,7,46679,9598,7,50180,9598,7,50178,9596,7,54454,6291,7,54376,4018,7,54381,4018,7,54375,3998,7,54567,3947,7,54568,747,7,2116,747,7,2116,6414,7,6572,9646,7,10300,9646,8,48640,6134,7,48640,6718,7,51137,6718,7,51137,7040,7,48021,7040,7,48021,6718,7,48032,6718,7,48032,6134,7,48640,6134,8,44634,10096,7,44632,10318,7,38452,10242,7,38454,10020,7,44634,10096,8,47024,12035,7,47062,12493,7,40496,13037,7,40458,12579,7,47024,12035,8,31600,8657,7,31600,9418,7,35537,9418,7,35537,9680,7,35187,9680,7,35187,12680,7,33109,12680,7,33109,11737,7,32298,11400,7,32300,11395,7,32293,11395,7,32293,10183,7,33109,10183,7,33109,10181,7,30839,10181,7,30839,9699,7,33109,9699,7,33109,9680,7,21459,9680,7,21459,11184,7,21451,11184,7,21454,11190,7,20719,11572,7,20719,12659,7,18765,12659,7,18765,9680,7,18493,9680,7,18493,9418,7,21752,9418,7,21726,8573,7,22960,8535,7,22988,9418,7,30632,9418,7,30632,8657,7,31600,8657,8,16420,10064,7,16420,10638,7,13152,10638,7,13152,10064,7,16420,10064,8,14867,12523,7,14815,13121,7,8317,12555,7,8369,11957,7,14867,12523,8,8799,6133,7,8799,7079,7,5497,7079,7,5497,6779,7,8121,6779,7,8121,6133,7,8799,6133,8,2116,7284,7,2116,9626,7,2122,9626,7,2122,7288,7,2116,7284,5]},{"type":5,"className":"com.darkness.tdp4.maps.view.MapTestPolygonContainer","baseClassName":null,"id":9,"frames":[{"objects":[{"name":null,"type":0,"depth":1,"symbol":2,"clipDepth":0,"id":0,"matrix":[24.3298950195312,0.1324462890625,0.032470703125,-5.87481689453125,18032,7440]},{"name":null,"type":0,"depth":3,"symbol":2,"clipDepth":0,"id":1,"matrix":[3.32858276367188,0.01812744140625,0.0203094482421875,-3.6754150390625,7109,7682]},{"name":null,"type":0,"depth":5,"symbol":2,"clipDepth":0,"id":2,"matrix":[2.16984558105469,0.011810302734375,0.0124969482421875,-2.26068115234375,41165,7210]},{"name":null,"type":0,"depth":7,"symbol":2,"clipDepth":0,"id":3,"matrix":[3.90843200683594,0.0212860107421875,0.0124969482421875,-2.26068115234375,46818,7222]},{"name":null,"type":0,"depth":9,"symbol":2,"clipDepth":0,"id":4,"matrix":[7.3583984375,0.040069580078125,0.0169677734375,-3.06927490234375,27310,11670]},{"name":null,"type":0,"depth":11,"symbol":2,"clipDepth":0,"id":5,"matrix":[11.1663818359375,0.0608062744140625,0.0194854736328125,-3.52543640136719,39372,11499]},{"name":null,"type":0,"depth":13,"symbol":2,"clipDepth":0,"id":6,"matrix":[11.1663818359375,0.0608062744140625,0.0316314697265625,-5.72221374511719,32180,7400]}]}]},{"type":5,"className":"com.darkness.tdp4.maps.view.MapBGS","baseClassName":null,"id":8,"frames":[{}]},{"type":5,"className":"com.darkness.tdp4.maps.view.MapTop","baseClassName":null,"id":7,"frames":[{}]},{"type":5,"className":"com.darkness.tdp4.maps.view.MapGFX","baseClassName":null,"id":6,"frames":[{"objects":[{"name":null,"type":0,"depth":1,"symbol":5,"clipDepth":0,"id":0,"matrix":[1,0,0,1,0,0]}]}]},{"type":5,"id":5,"frames":[{"objects":[{"type":0,"depth":0,"symbol":4,"clipDepth":0,"id":0,"visible":true,"matrix":[1,0,0,1,0,0]}]}]},{"type":5,"className":"com.darkness.tdp4.maps.view.GameMap","baseClassName":null,"id":32,"frames":[{"objects":[{"name":null,"type":0,"depth":1,"symbol":31,"clipDepth":0,"id":0,"matrix":[1,0,0,1,-29800,-10000]},{"name":null,"type":0,"depth":199,"symbol":12,"clipDepth":0,"id":1,"matrix":[1,0,0,1,-29800,-10000]},{"name":null,"type":0,"depth":339,"symbol":11,"clipDepth":0,"id":2,"visible":false,"matrix":[1,0,0,1,-29800,-10000]},{"name":null,"type":0,"depth":341,"symbol":9,"clipDepth":0,"id":3,"visible":false,"matrix":[1,0,0,1,-29800,-10000]}]}]},{"path":"symbols/4.jpg","type":0,"id":4,"alpha":"symbols/4a.png"},{"type":5,"className":"com.darkness.tdp4.maps.view.Map","baseClassName":null,"id":31,"frames":[{"objects":[{"name":null,"type":0,"depth":1,"symbol":14,"clipDepth":0,"id":0,"matrix":[1,0,0,1,0,0]},{"name":"turretRespawn","type":0,"depth":2,"symbol":16,"clipDepth":0,"id":1,"matrix":[1,0,0,1,0,0]},{"name":null,"type":0,"depth":22,"symbol":18,"clipDepth":0,"id":2,"matrix":[1,0,0,1,0,0]},{"name":"respawnCon","type":0,"depth":23,"symbol":19,"clipDepth":0,"id":3,"matrix":[1,0,0,1,0,0]},{"name":"singlePlayerRespawnCon","type":0,"depth":63,"symbol":20,"clipDepth":0,"id":4,"matrix":[1,0,0,1,0,0]},{"name":"botRespawn","type":0,"depth":103,"symbol":21,"clipDepth":0,"id":5,"matrix":[1,0,0,1,0,0]},{"name":"controllPointsCon","type":0,"depth":143,"symbol":22,"clipDepth":0,"id":6,"matrix":[1,0,0,1,0,0]},{"name":"itemCon","type":0,"depth":163,"symbol":23,"clipDepth":0,"id":7,"matrix":[1,0,0,1,0,0]},{"name":"waypoint_0","type":0,"depth":183,"symbol":25,"clipDepth":0,"id":8,"matrix":[0.58050537109375,0,0,2.5625,24160,2820]},{"name":"waypoint_1","type":0,"depth":185,"symbol":25,"clipDepth":0,"id":9,"matrix":[0.58050537109375,0,0,2.5625,30520,2820]},{"name":"waypoint_2","type":0,"depth":187,"symbol":25,"clipDepth":0,"id":10,"matrix":[0.58050537109375,0,0,2.5625,7275,10073]},{"name":"waypoint_3","type":0,"depth":189,"symbol":25,"clipDepth":0,"id":11,"matrix":[0.58050537109375,0,0,2.5625,9754,15260]},{"name":"waypoint_4","type":0,"depth":191,"symbol":25,"clipDepth":0,"id":12,"matrix":[0.58050537109375,0,0,2.5625,20694,13900]},{"name":"waypoint_5","type":0,"depth":193,"symbol":25,"clipDepth":0,"id":13,"matrix":[0.58050537109375,0,0,2.5625,27694,15540]},{"name":"waypoint_6","type":0,"depth":195,"symbol":25,"clipDepth":0,"id":14,"matrix":[0.58050537109375,0,0,2.5625,37334,11720]},{"name":"flagBaseCon","type":0,"depth":197,"symbol":30,"clipDepth":0,"id":15,"matrix":[1,0,0,1,80,-1860]}]}]},{"type":5,"className":"com.darkness.tdp4.maps.view.MapBulletProofPolygonContainer","baseClassName":null,"id":3,"frames":[{"objects":[{"name":null,"type":0,"depth":1,"symbol":2,"clipDepth":0,"id":0,"matrix":[14.0053863525391,0,0,60.2555541992188,-685,8264]},{"name":null,"type":0,"depth":3,"symbol":2,"clipDepth":0,"id":1,"matrix":[140.334732055664,-0.0007171630859375,0.0495758056640625,17.7151031494141,28342,17818]},{"name":null,"type":0,"depth":5,"symbol":2,"clipDepth":0,"id":2,"matrix":[12.1062164306641,-2.901611328125,1.4210205078125,5.92886352539062,24647,14939]},{"name":null,"type":0,"depth":7,"symbol":2,"clipDepth":0,"id":3,"matrix":[137.623733520508,0,0,18.3065795898438,28419,-2914]},{"name":null,"type":0,"depth":9,"symbol":2,"clipDepth":0,"id":4,"matrix":[5.5533447265625,0,0,60.2555541992188,55678,12132]},{"name":null,"type":0,"depth":11,"symbol":2,"clipDepth":0,"id":5,"matrix":[1.74710083007812,3.0517578125e-05,-0.0009307861328125,6.71084594726562,27118,14515]},{"name":null,"type":0,"depth":13,"symbol":2,"clipDepth":0,"id":6,"matrix":[12.5044097900391,3.052978515625,-1.59249877929688,6.51914978027344,29598,15075]},{"name":null,"type":0,"depth":15,"symbol":2,"clipDepth":0,"id":7,"matrix":[16.4140014648438,-1.36228942871094,0.094940185546875,1.1455078125,43760,12536]},{"name":null,"type":0,"depth":17,"symbol":2,"clipDepth":0,"id":8,"matrix":[3.47235107421875,6.103515625e-05,-0.0009307861328125,6.71084594726562,49886,14248]},{"name":null,"type":0,"depth":19,"symbol":2,"clipDepth":0,"id":9,"matrix":[10.9899597167969,0.0001983642578125,-0.0020751953125,15.0331420898438,52564,12599]},{"name":null,"type":0,"depth":21,"symbol":2,"clipDepth":0,"id":10,"matrix":[9.3031005859375,0.0001678466796875,-0.00018310546875,1.3184814453125,48540,9862]},{"name":null,"type":0,"depth":23,"symbol":2,"clipDepth":0,"id":11,"matrix":[10.9302368164062,-8.44895935058594,4.16380310058594,5.38787841796875,53197,8984]},{"name":null,"type":0,"depth":25,"symbol":2,"clipDepth":0,"id":12,"matrix":[7.79008483886719,0.0001373291015625,-0.0001068115234375,0.807174682617188,49579,6879]},{"name":null,"type":0,"depth":27,"symbol":2,"clipDepth":0,"id":13,"matrix":[1.52011108398438,1.52587890625e-05,-0.00030517578125,2.16534423828125,48336,6567]},{"name":null,"type":0,"depth":29,"symbol":2,"clipDepth":0,"id":14,"matrix":[15.4485321044922,0.191009521484375,-0.0069122314453125,0.554183959960938,41543,10169]},{"name":null,"type":0,"depth":31,"symbol":2,"clipDepth":0,"id":15,"matrix":[4.88592529296875,7.62939453125e-05,-0.0010986328125,7.94070434570312,19742,11071]},{"name":null,"type":0,"depth":33,"symbol":2,"clipDepth":0,"id":16,"matrix":[42.6098022460938,0.000762939453125,-9.1552734375e-05,0.653274536132812,27015,9549]},{"name":null,"type":0,"depth":35,"symbol":2,"clipDepth":0,"id":17,"matrix":[5.1961669921875,9.1552734375e-05,-0.0010833740234375,7.75810241699219,34148,11128]},{"name":null,"type":0,"depth":37,"symbol":2,"clipDepth":0,"id":18,"matrix":[2.4176025390625,4.57763671875e-05,-0.000335693359375,2.40435791015625,31116,9138]},{"name":null,"type":0,"depth":39,"symbol":2,"clipDepth":0,"id":19,"matrix":[16.2450866699219,1.41734313964844,-0.1304931640625,1.49346923828125,11592,12539]},{"name":null,"type":0,"depth":41,"symbol":2,"clipDepth":0,"id":20,"matrix":[11.3794555664062,8.25389099121094,-1.0328369140625,1.423583984375,4092,8282]},{"name":null,"type":0,"depth":43,"symbol":2,"clipDepth":0,"id":21,"matrix":[8.45962524414062,0.0001373291015625,-0.0016632080078125,11.9709167480469,3646,12020]},{"name":null,"type":0,"depth":45,"symbol":2,"clipDepth":0,"id":22,"matrix":[5.4093017578125,9.1552734375e-05,-0.0010986328125,7.94070434570312,5220,14576]},{"name":null,"type":0,"depth":47,"symbol":2,"clipDepth":0,"id":23,"matrix":[5.4093017578125,9.1552734375e-05,-0.000640869140625,4.64042663574219,5000,10289]},{"name":null,"type":0,"depth":49,"symbol":2,"clipDepth":0,"id":24,"matrix":[10.8115234375,0.00018310546875,-0.0001983642578125,1.4365234375,8138,9933]},{"name":null,"type":0,"depth":51,"symbol":2,"clipDepth":0,"id":25,"matrix":[8.1683349609375,0.0001373291015625,-0.0001983642578125,1.4365234375,14786,10351]},{"name":null,"type":0,"depth":53,"symbol":2,"clipDepth":0,"id":26,"matrix":[8.25633239746094,0.0001373291015625,-0.0001068115234375,0.751251220703125,7148,6929]},{"name":null,"type":0,"depth":55,"symbol":2,"clipDepth":0,"id":27,"matrix":[1.69461059570312,3.0517578125e-05,-0.0002288818359375,1.66748046875,8460,6466]},{"name":null,"type":0,"depth":57,"symbol":2,"clipDepth":0,"id":28,"matrix":[2.31106567382812,-0.0797119140625,0.2119140625,6.16677856445312,54880,5235]},{"name":null,"type":0,"depth":59,"symbol":2,"clipDepth":0,"id":29,"matrix":[0.31378173828125,1.17108154296875,-1.21617126464844,0.325698852539062,54681,4167]},{"name":null,"type":0,"depth":61,"symbol":2,"clipDepth":0,"id":30,"matrix":[2.4945068359375,4.57763671875e-05,-0.0009918212890625,7.14183044433594,2621,8692]},{"name":null,"type":0,"depth":63,"symbol":2,"clipDepth":0,"id":31,"matrix":[2.500732421875,4.57763671875e-05,-0.000732421875,5.23497009277344,3620,9048]},{"name":null,"type":0,"depth":65,"symbol":2,"clipDepth":0,"id":32,"matrix":[2.90185546875,4.57763671875e-05,-0.0003662109375,2.62411499023438,4700,9255]},{"name":null,"type":0,"depth":67,"symbol":2,"clipDepth":0,"id":33,"matrix":[1.9150390625,3.0517578125e-05,-0.0005340576171875,3.81077575683594,21076,10422]},{"name":null,"type":0,"depth":69,"symbol":2,"clipDepth":0,"id":34,"matrix":[-0.883316040039062,-1.69912719726562,1.873779296875,-0.97381591796875,20902,11045]},{"name":null,"type":0,"depth":71,"symbol":2,"clipDepth":0,"id":35,"matrix":[5.1961669921875,9.1552734375e-05,-0.00042724609375,3.02897644042969,33332,10789]},{"name":null,"type":0,"depth":73,"symbol":2,"clipDepth":0,"id":36,"matrix":[0.657730102539062,-1.58355712890625,2.797119140625,1.16217041015625,32989,11315]},{"name":null,"type":0,"depth":75,"symbol":2,"clipDepth":0,"id":37,"matrix":[7.35801696777344,0.0001220703125,-0.0001678466796875,1.20547485351562,32311,9940]},{"name":null,"type":0,"depth":77,"symbol":2,"clipDepth":0,"id":38,"matrix":[0.225265502929688,-0.5423583984375,0.268096923828125,0.11138916015625,51103,6824]},{"name":null,"type":0,"depth":79,"symbol":2,"clipDepth":0,"id":39,"matrix":[0.225265502929688,-0.5423583984375,0.268096923828125,0.11138916015625,48620,6240]},{"name":null,"type":0,"depth":81,"symbol":2,"clipDepth":0,"id":40,"matrix":[0.225265502929688,-0.5423583984375,0.268096923828125,0.11138916015625,47000,12140]},{"name":null,"type":0,"depth":83,"symbol":2,"clipDepth":0,"id":41,"matrix":[0.225265502929688,-0.5423583984375,0.268096923828125,0.11138916015625,44600,10200]},{"name":null,"type":0,"depth":85,"symbol":2,"clipDepth":0,"id":42,"matrix":[0.225265502929688,-0.5423583984375,0.268096923828125,0.11138916015625,35520,9520]},{"name":null,"type":0,"depth":87,"symbol":2,"clipDepth":0,"id":43,"matrix":[0.225265502929688,-0.5423583984375,0.268096923828125,0.11138916015625,31580,8760]},{"name":null,"type":0,"depth":89,"symbol":2,"clipDepth":0,"id":44,"matrix":[0.225265502929688,-0.5423583984375,0.268096923828125,0.11138916015625,22940,8640]},{"name":null,"type":0,"depth":91,"symbol":2,"clipDepth":0,"id":45,"matrix":[0.225265502929688,-0.5423583984375,0.268096923828125,0.11138916015625,16380,10160]},{"name":null,"type":0,"depth":93,"symbol":2,"clipDepth":0,"id":46,"matrix":[0.225265502929688,-0.5423583984375,0.268096923828125,0.11138916015625,10280,9740]},{"name":null,"type":0,"depth":95,"symbol":2,"clipDepth":0,"id":47,"matrix":[0.225265502929688,-0.5423583984375,0.268096923828125,0.11138916015625,8760,6220]},{"name":null,"type":0,"depth":97,"symbol":2,"clipDepth":0,"id":48,"matrix":[0.225265502929688,-0.5423583984375,0.268096923828125,0.11138916015625,14840,12620]},{"name":null,"type":0,"depth":99,"symbol":2,"clipDepth":0,"id":49,"matrix":[-0.225265502929688,-0.5423583984375,-0.268096923828125,0.11138916015625,46720,9700]},{"name":null,"type":0,"depth":101,"symbol":2,"clipDepth":0,"id":50,"matrix":[-0.225265502929688,-0.5423583984375,-0.268096923828125,0.11138916015625,49240,13000]},{"name":null,"type":0,"depth":103,"symbol":2,"clipDepth":0,"id":51,"matrix":[-0.225265502929688,-0.5423583984375,-0.268096923828125,0.11138916015625,40500,12680]},{"name":null,"type":0,"depth":105,"symbol":2,"clipDepth":0,"id":52,"matrix":[-0.225265502929688,-0.5423583984375,-0.268096923828125,0.11138916015625,38483,10114]},{"name":null,"type":0,"depth":107,"symbol":2,"clipDepth":0,"id":53,"matrix":[-0.225265502929688,-0.5423583984375,-0.268096923828125,0.11138916015625,30680,8740]},{"name":null,"type":0,"depth":109,"symbol":2,"clipDepth":0,"id":54,"matrix":[-0.225265502929688,-0.5423583984375,-0.268096923828125,0.11138916015625,21760,8660]},{"name":null,"type":0,"depth":111,"symbol":2,"clipDepth":0,"id":55,"matrix":[-0.225265502929688,-0.5423583984375,-0.268096923828125,0.11138916015625,18520,9520]},{"name":null,"type":0,"depth":113,"symbol":2,"clipDepth":0,"id":56,"matrix":[-0.225265502929688,-0.5423583984375,-0.268096923828125,0.11138916015625,13180,10160]},{"name":null,"type":0,"depth":115,"symbol":2,"clipDepth":0,"id":57,"matrix":[-0.225265502929688,-0.5423583984375,-0.268096923828125,0.11138916015625,8400,12060]},{"name":null,"type":0,"depth":117,"symbol":2,"clipDepth":0,"id":58,"matrix":[-0.225265502929688,-0.5423583984375,-0.268096923828125,0.11138916015625,8160,6220]},{"name":null,"type":0,"depth":119,"symbol":2,"clipDepth":0,"id":59,"matrix":[-0.225265502929688,-0.5423583984375,-0.268096923828125,0.11138916015625,5540,6880]},{"name":null,"type":0,"depth":121,"symbol":2,"clipDepth":0,"id":60,"matrix":[-0.225265502929688,-0.5423583984375,-0.268096923828125,0.11138916015625,48060,6220]},{"name":null,"type":0,"depth":123,"symbol":2,"clipDepth":0,"id":61,"matrix":[0.225265502929688,-0.5423583984375,0.268096923828125,0.11138916015625,6260,13080]},{"name":null,"type":0,"depth":125,"symbol":2,"clipDepth":0,"id":62,"matrix":[0.1484375,-1.38819885253906,0.28863525390625,0.030914306640625,8339,12260]},{"name":null,"type":0,"depth":127,"symbol":2,"clipDepth":0,"id":63,"matrix":[-0.26177978515625,-3.59147644042969,0.530975341796875,-0.0386810302734375,6285,13720]},{"name":null,"type":0,"depth":129,"symbol":2,"clipDepth":0,"id":64,"matrix":[0.206298828125,-3.41009521484375,-0.531417846679688,-0.032135009765625,49222,13607]},{"name":null,"type":0,"depth":131,"symbol":2,"clipDepth":0,"id":65,"matrix":[3.24034118652344,6.103515625e-05,-0.000335693359375,2.40435791015625,22352,9039]},{"name":null,"type":0,"depth":133,"symbol":2,"clipDepth":0,"id":66,"matrix":[0.11846923828125,-1.9588623046875,-0.531417846679688,-0.032135009765625,30692,9047]},{"name":null,"type":0,"depth":135,"symbol":2,"clipDepth":0,"id":67,"matrix":[0.0937347412109375,-2.13739013671875,-0.5318603515625,-0.0233154296875,21756,9013]},{"name":null,"type":0,"depth":137,"symbol":2,"clipDepth":0,"id":68,"matrix":[-0.019683837890625,-2.13934326171875,0.5323486328125,-0.0048828125,22931,9006]},{"name":null,"type":0,"depth":139,"symbol":2,"clipDepth":0,"id":69,"matrix":[-0.129150390625,-2.13555908203125,0.531417846679688,-0.032135009765625,31580,9100]}]}]},{"type":5,"id":30,"frames":[{"objects":[{"name":"base_2","type":0,"depth":1,"symbol":27,"clipDepth":0,"id":0,"filters":[[0,40,40,1]],"matrix":[1,0,0,1,49200,7560]},{"name":"base_1","type":0,"depth":3,"symbol":29,"clipDepth":0,"id":1,"filters":[[0,40,40,1]],"matrix":[1,0,0,1,6980,7560]}]}]},{"type":5,"id":2,"frames":[{"objects":[{"name":null,"type":0,"depth":1,"symbol":1,"clipDepth":0,"id":0,"matrix":[1,0,0,1,0,0]}]}]},{"type":5,"id":29,"frames":[{"objects":[{"name":null,"type":0,"depth":1,"symbol":28,"clipDepth":0,"id":0,"matrix":[1,0,0,1,0,0]}]}]},{"type":4,"id":1,"commands":[3,5,1,10092288,0.498039215686275,8,200,-200,7,200,200,7,-200,200,7,-200,-200,7,200,-200,5]},{"type":4,"id":28,"commands":[3,5,1,16711680,0.250980392156863,8,692,-493,4,980,-206,980,200,4,980,606,692,892,4,405,1180,0,1180,4,-406,1180,-694,892,4,-980,606,-980,200,4,-980,-206,-694,-493,4,-406,-780,0,-780,4,405,-780,692,-493,5]}],"frameRate":12}